date,open,high,low,close,volume,foreign_ownership,code,name,daily_return,event_day,cumulative_return,benchmark_return,abnormal_return,cumulative_abnormal_return,asset,case
2022-01-27,597000.0,598000.0,450000.0,505000.0,15946992.0,4.26,373220,LG Energy Solution,,0,0.0,-0.034972907531263364,,0.0,LG Energy Solution,LG Energy Solution IPO
2022-01-28,476000.0,483000.0,445000.0,450000.0,4559773.0,3.91,373220,LG Energy Solution,-0.1089108910891089,1,-0.1089108910891089,0.01868433231720168,-0.12759522340631058,-0.12759522340631058,LG Energy Solution,LG Energy Solution IPO
2022-02-03,458000.0,495500.0,441000.0,477000.0,2918435.0,3.98,373220,LG Energy Solution,0.06000000000000005,2,-0.055445544554455495,0.016700834290777733,0.04329916570922232,-0.08429605769708826,LG Energy Solution,LG Energy Solution IPO
2022-02-04,476500.0,505000.0,476000.0,504000.0,2088996.0,4.03,373220,LG Energy Solution,0.05660377358490565,3,-0.001980198019801982,0.015673124506060176,0.04093064907884547,-0.043365408618242784,LG Energy Solution,LG Energy Solution IPO
2022-02-07,520000.0,548000.0,511000.0,548000.0,1911176.0,4.08,373220,LG Energy Solution,0.08730158730158721,4,0.08514851485148522,-0.001890730330950663,0.08919231763253788,0.04582690901429509,LG Energy Solution,LG Energy Solution IPO
2022-02-08,554000.0,577000.0,524000.0,542000.0,2583335.0,4.06,373220,LG Energy Solution,-0.010948905109489093,5,0.07326732673267333,0.0005136499748639167,-0.01146255508435301,0.03436435392994208,LG Energy Solution,LG Energy Solution IPO
2022-02-09,550000.0,557000.0,505000.0,511000.0,2070704.0,4.07,373220,LG Energy Solution,-0.05719557195571956,6,0.011881188118811892,0.008148641710996385,-0.06534421366671594,-0.030979859736773863,LG Energy Solution,LG Energy Solution IPO
2022-02-10,507000.0,507000.0,471500.0,474500.0,2306815.0,3.94,373220,LG Energy Solution,-0.0714285714285714,7,-0.06039603960396045,0.0011123751738086884,-0.07254094660238009,-0.10352080633915395,LG Energy Solution,LG Energy Solution IPO
2022-02-11,463500.0,484000.0,457000.0,482000.0,1411055.0,3.97,373220,LG Energy Solution,0.015806111696522684,8,-0.045544554455445585,-0.008737594383696479,0.024543706080219163,-0.07897710025893478,LG Energy Solution,LG Energy Solution IPO
2022-02-14,473000.0,482000.0,459500.0,463000.0,3285402.0,4.09,373220,LG Energy Solution,-0.03941908713692943,9,-0.08316831683168313,-0.015733101382605863,-0.02368598575432357,-0.10266308601325835,LG Energy Solution,LG Energy Solution IPO
2022-02-15,460000.0,468000.0,450000.0,451500.0,825406.0,4.0,373220,LG Energy Solution,-0.024838012958963263,10,-0.10594059405940592,-0.010331006330237202,-0.01450700662872606,-0.11717009264198441,LG Energy Solution,LG Energy Solution IPO
2022-02-16,464000.0,465000.0,449500.0,455500.0,961669.0,3.86,373220,LG Energy Solution,0.008859357696566983,11,-0.098019801980198,0.019853990599804083,-0.0109946329032371,-0.12816472554522151,LG Energy Solution,LG Energy Solution IPO
2022-02-17,454500.0,460000.0,447000.0,454500.0,711183.0,3.82,373220,LG Energy Solution,-0.002195389681668547,12,-0.09999999999999998,0.005279007063099028,-0.007474396744767575,-0.1356391222899891,LG Energy Solution,LG Energy Solution IPO
2022-02-18,448500.0,454500.0,448000.0,454500.0,418728.0,3.82,373220,LG Energy Solution,0.0,13,-0.09999999999999998,0.00015670039976822814,-0.00015670039976822814,-0.13579582268975732,LG Energy Solution,LG Energy Solution IPO
2022-02-21,450000.0,453000.0,447500.0,453000.0,327509.0,3.8,373220,LG Energy Solution,-0.0033003300330033403,14,-0.10297029702970295,-0.00026234095579547034,-0.00303798907720787,-0.1388338117669652,LG Energy Solution,LG Energy Solution IPO
2022-02-22,444500.0,448000.0,440000.0,440000.0,557179.0,3.74,373220,LG Energy Solution,-0.028697571743929395,15,-0.12871287128712872,-0.013488592463007598,-0.015208979280921797,-0.15404279104788698,LG Energy Solution,LG Energy Solution IPO
2022-02-23,443500.0,446000.0,438000.0,442000.0,381560.0,3.72,373220,LG Energy Solution,0.00454545454545463,16,-0.12475247524752475,0.0047066820846835,-0.0001612275392288698,-0.15420401858711585,LG Energy Solution,LG Energy Solution IPO
2022-02-24,435000.0,438000.0,416000.0,416500.0,883314.0,3.66,373220,LG Energy Solution,-0.05769230769230771,17,-0.1752475247524753,-0.026008170529466468,-0.03168413716284124,-0.1858881557499571,LG Energy Solution,LG Energy Solution IPO
2022-02-25,425000.0,430000.0,418500.0,420000.0,465140.0,3.66,373220,LG Energy Solution,0.008403361344537785,18,-0.16831683168316836,0.010555723346421075,-0.00215236200188329,-0.18804051775184039,LG Energy Solution,LG Energy Solution IPO
2022-02-28,404500.0,422000.0,404000.0,412000.0,970088.0,3.59,373220,LG Energy Solution,-0.01904761904761909,19,-0.1841584158415842,0.008375797606060997,-0.02742341665368009,-0.21546393440552047,LG Energy Solution,LG Energy Solution IPO
2022-03-02,411000.0,434500.0,408500.0,434000.0,895460.0,3.59,373220,LG Energy Solution,0.05339805825242716,20,-0.1405940594059406,0.0016078957312961606,0.051790162521131,-0.16367377188438947,LG Energy Solution,LG Energy Solution IPO
2022-03-03,439500.0,441000.0,430000.0,437000.0,460544.0,3.57,373220,LG Energy Solution,0.00691244239631339,21,-0.13465346534653466,0.016112327632124,-0.009199885235810612,-0.17287365712020009,LG Energy Solution,LG Energy Solution IPO
2022-03-04,433500.0,436500.0,427000.0,428500.0,310930.0,3.57,373220,LG Energy Solution,-0.0194508009153318,22,-0.1514851485148515,-0.012249370240400737,-0.007201430674931064,-0.18007508779513115,LG Energy Solution,LG Energy Solution IPO
2022-03-07,420500.0,421000.0,412000.0,414000.0,370588.0,3.56,373220,LG Energy Solution,-0.03383897316219375,23,-0.18019801980198025,-0.02289353327706989,-0.010945439885123864,-0.19102052768025501,LG Energy Solution,LG Energy Solution IPO
2022-03-08,406000.0,417000.0,402500.0,410500.0,393413.0,3.57,373220,LG Energy Solution,-0.008454106280193274,24,-0.18712871287128718,-0.01090404366143527,0.0024499373812419956,-0.18857059029901302,LG Energy Solution,LG Energy Solution IPO
2022-03-10,421000.0,430500.0,417500.0,417500.0,1076446.0,3.51,373220,LG Energy Solution,0.01705237515225333,25,-0.1732673267326733,0.02208663819402079,-0.005034263041767462,-0.19360485334078048,LG Energy Solution,LG Energy Solution IPO
2022-03-11,411500.0,412000.0,390500.0,391000.0,1811373.0,3.3,373220,LG Energy Solution,-0.06347305389221558,26,-0.22574257425742572,-0.007103629417382962,-0.05636942447483262,-0.2499742778156131,LG Energy Solution,LG Energy Solution IPO
2022-03-14,385000.0,385500.0,361500.0,363500.0,1999479.0,2.97,373220,LG Energy Solution,-0.07033248081841437,27,-0.2801980198019802,-0.005873113689653153,-0.06445936712876121,-0.3144336449443743,LG Energy Solution,LG Energy Solution IPO
2022-03-15,363000.0,370000.0,355000.0,359500.0,1064506.0,2.91,373220,LG Energy Solution,-0.011004126547455306,28,-0.28811881188118815,-0.009116852191332847,-0.0018872743561224592,-0.3163209193004968,LG Energy Solution,LG Energy Solution IPO
2022-03-16,367000.0,367500.0,360000.0,363500.0,625328.0,2.9,373220,LG Energy Solution,0.011126564673157091,29,-0.2801980198019802,0.014380914961873437,-0.0032543502887163456,-0.3195752695892131,LG Energy Solution,LG Energy Solution IPO
2022-03-17,374000.0,381500.0,373000.0,376000.0,816118.0,2.9,373220,LG Energy Solution,0.0343878954607979,30,-0.25544554455445545,0.013266998341625369,0.021120897119172533,-0.2984543724700406,LG Energy Solution,LG Energy Solution IPO
2022-03-18,377500.0,384000.0,370500.0,382000.0,643915.0,2.88,373220,LG Energy Solution,0.015957446808510634,31,-0.24356435643564356,0.004642773639734088,0.011314673168776546,-0.28713969930126404,LG Energy Solution,LG Energy Solution IPO
2022-03-21,385000.0,397500.0,384000.0,386000.0,655247.0,2.89,373220,LG Energy Solution,0.010471204188481575,32,-0.23564356435643563,-0.007746525699847018,0.018217729888328593,-0.26892196941293545,LG Energy Solution,LG Energy Solution IPO
2022-03-22,388500.0,399000.0,388000.0,397500.0,413972.0,2.91,373220,LG Energy Solution,0.029792746113989743,33,-0.21287128712871284,0.008916438636659807,0.020876307477329936,-0.2480456619356055,LG Energy Solution,LG Energy Solution IPO
2022-03-23,403000.0,407500.0,398000.0,407000.0,523438.0,2.93,373220,LG Energy Solution,0.023899371069182385,34,-0.194059405940594,0.009243542435424468,0.014655828633757917,-0.2333898333018476,LG Energy Solution,LG Energy Solution IPO
2022-03-24,405000.0,410000.0,398000.0,408000.0,320746.0,2.93,373220,LG Energy Solution,0.002457002457002533,35,-0.19207920792079203,-0.0019707135152923216,0.0044277159722948545,-0.22896211732955274,LG Energy Solution,LG Energy Solution IPO
2022-03-25,418500.0,444000.0,417500.0,439000.0,1528600.0,3.05,373220,LG Energy Solution,0.0759803921568627,36,-0.1306930693069307,0.00011723071737868018,0.07586316143948402,-0.15309895589006872,LG Energy Solution,LG Energy Solution IPO
2022-03-28,439000.0,443000.0,430000.0,436500.0,481311.0,3.06,373220,LG Energy Solution,-0.005694760820045608,37,-0.13564356435643565,-0.00015384728093248423,-0.005540913539113124,-0.15863986942918185,LG Energy Solution,LG Energy Solution IPO
2022-03-29,443000.0,448500.0,440500.0,441000.0,375894.0,3.06,373220,LG Energy Solution,0.010309278350515427,38,-0.12673267326732673,0.004216796846378212,0.006092481504137215,-0.15254738792504463,LG Energy Solution,LG Energy Solution IPO
2022-03-30,444500.0,445000.0,427000.0,440500.0,440195.0,3.06,373220,LG Energy Solution,-0.0011337868480725266,39,-0.12772277227722773,0.002068535280018269,-0.0032023221280907954,-0.15574971005313543,LG Energy Solution,LG Energy Solution IPO
2022-03-31,437000.0,444000.0,435000.0,442000.0,272318.0,3.08,373220,LG Energy Solution,0.0034052213393871433,40,-0.12475247524752475,0.00397198133059562,-0.0005667599912084764,-0.1563164700443439,LG Energy Solution,LG Energy Solution IPO
2022-04-01,438500.0,439500.0,425000.0,428000.0,456080.0,3.04,373220,LG Energy Solution,-0.03167420814479638,41,-0.1524752475247525,-0.006454771272641602,-0.025219436872154777,-0.18153590691649868,LG Energy Solution,LG Energy Solution IPO
2022-04-04,422000.0,440500.0,417500.0,438500.0,362727.0,3.03,373220,LG Energy Solution,0.02453271028037385,42,-0.1316831683168317,0.006587951895176802,0.017944758385197046,-0.16359114853130163,LG Energy Solution,LG Energy Solution IPO
2022-04-05,442500.0,450000.0,437000.0,449000.0,491410.0,3.05,373220,LG Energy Solution,0.02394526795895091,43,-0.11089108910891088,0.0004713731462342441,0.023473894812716667,-0.14011725371858497,LG Energy Solution,LG Energy Solution IPO
2022-04-06,436000.0,448500.0,436000.0,444500.0,415524.0,3.04,373220,LG Energy Solution,-0.010022271714922093,44,-0.1198019801980198,-0.0087597854450564,-0.0012624862698656925,-0.14137973998845066,LG Energy Solution,LG Energy Solution IPO
2022-04-07,438000.0,442000.0,431000.0,436500.0,316409.0,3.05,373220,LG Energy Solution,-0.017997750281214864,45,-0.13564356435643565,-0.014321597934940367,-0.003676152346274497,-0.14505589233472516,LG Energy Solution,LG Energy Solution IPO
2022-04-08,449000.0,449000.0,437500.0,439500.0,395489.0,3.08,373220,LG Energy Solution,0.0068728522336769515,46,-0.1297029702970297,0.0016803543210699434,0.005192497912607008,-0.13986339442211815,LG Energy Solution,LG Energy Solution IPO
2022-04-11,435000.0,435500.0,423500.0,425000.0,289205.0,3.08,373220,LG Energy Solution,-0.0329920364050057,47,-0.15841584158415845,-0.00269961005632513,-0.030292426348680568,-0.17015582077079872,LG Energy Solution,LG Energy Solution IPO
2022-04-12,417000.0,421500.0,410000.0,411000.0,382240.0,3.06,373220,LG Energy Solution,-0.03294117647058825,48,-0.1861386138613862,-0.009780550295198753,-0.023160626175389498,-0.19331644694618821,LG Energy Solution,LG Energy Solution IPO
2022-04-13,414000.0,431500.0,404000.0,431000.0,386194.0,3.04,373220,LG Energy Solution,0.048661800486617945,49,-0.14653465346534655,0.01864809731659367,0.030013703170024275,-0.16330274377616394,LG Energy Solution,LG Energy Solution IPO
2022-04-14,434000.0,441000.0,427500.0,441000.0,321259.0,3.03,373220,LG Energy Solution,0.023201856148491906,50,-0.12673267326732673,8.098686172242076e-05,0.023120869286769485,-0.14018187448939445,LG Energy Solution,LG Energy Solution IPO
2022-04-15,435500.0,445000.0,431500.0,435000.0,307347.0,3.02,373220,LG Energy Solution,-0.013605442176870763,51,-0.13861386138613863,-0.00760110574923345,-0.0060043364276373135,-0.14618621091703177,LG Energy Solution,LG Energy Solution IPO
2022-04-18,434000.0,439500.0,432500.0,433000.0,115652.0,3.01,373220,LG Energy Solution,-0.0045977011494252595,52,-0.1425742574257426,-0.001057098135798129,-0.0035406030136271305,-0.1497268139306589,LG Energy Solution,LG Energy Solution IPO
2022-04-19,438000.0,441500.0,434000.0,435500.0,124432.0,2.98,373220,LG Energy Solution,0.005773672055427337,53,-0.13762376237623763,0.00953509009694753,-0.0037614180415201925,-0.1534882319721791,LG Energy Solution,LG Energy Solution IPO
2022-04-20,437500.0,438000.0,432000.0,436500.0,202657.0,3.0,373220,LG Energy Solution,0.0022962112514350874,54,-0.13564356435643565,-7.35594305028009e-05,0.0023697706819378883,-0.1511184612902412,LG Energy Solution,LG Energy Solution IPO
2022-04-21,437500.0,440000.0,434500.0,437000.0,234128.0,3.0,373220,LG Energy Solution,0.001145475372279492,55,-0.13465346534653466,0.0035016864740002873,-0.0023562111017207954,-0.153474672391962,LG Energy Solution,LG Energy Solution IPO
2022-04-22,434000.0,437500.0,428500.0,436500.0,266806.0,3.03,373220,LG Energy Solution,-0.0011441647597254523,56,-0.13564356435643565,-0.00861370642289272,0.007469541663167267,-0.14600513072879473,LG Energy Solution,LG Energy Solution IPO
2022-04-25,430000.0,436000.0,428500.0,433000.0,254452.0,3.08,373220,LG Energy Solution,-0.008018327605956443,57,-0.1425742574257426,-0.01759153476712838,0.009573207161171937,-0.1364319235676228,LG Energy Solution,LG Energy Solution IPO
2022-04-26,432000.0,432000.0,414500.0,423500.0,520529.0,3.03,373220,LG Energy Solution,-0.021939953810623525,58,-0.16138613861386142,0.004207547240819842,-0.026147501051443367,-0.16257942461906616,LG Energy Solution,LG Energy Solution IPO
2022-04-27,399500.0,427000.0,397000.0,418000.0,1478354.0,3.05,373220,LG Energy Solution,-0.012987012987012991,59,-0.17227722772277232,-0.010961994670784181,-0.0020250183162288105,-0.16460444293529497,LG Energy Solution,LG Energy Solution IPO
2022-04-28,420500.0,421000.0,412500.0,417500.0,358325.0,3.06,373220,LG Energy Solution,-0.0011961722488038617,60,-0.1732673267326733,0.010772775154789915,-0.011968947403593777,-0.17657339033888875,LG Energy Solution,LG Energy Solution IPO
2022-04-29,418000.0,426000.0,414000.0,417000.0,332582.0,3.07,373220,LG Energy Solution,-0.0011976047904191933,61,-0.1742574257425743,0.010331810053646029,-0.011529414844065222,-0.18810280518295397,LG Energy Solution,LG Energy Solution IPO
2022-05-02,412500.0,414500.0,407000.0,408500.0,365546.0,3.07,373220,LG Energy Solution,-0.020383693045563533,62,-0.19108910891089104,-0.0028199847869243566,-0.017563708258639177,-0.20566651344159315,LG Energy Solution,LG Energy Solution IPO
2021-10-25,3001.1,3025.27,2983.29,3020.54,791795.0,0.0,KOSPI,KOSPI,,-67,0.15530753607778203,,,0.0,KOSPI,LG Energy Solution IPO
2021-10-26,3039.82,3051.65,3030.53,3049.08,564559.0,0.0,KOSPI,KOSPI,0.009448641633615251,-66,0.1662236229627958,0.009448641633615251,0.0,0.0,KOSPI,LG Energy Solution IPO
2021-10-27,3045.83,3049.02,3019.0,3025.49,607875.0,0.0,KOSPI,KOSPI,-0.0077367599407034415,-65,0.15720083075475522,-0.0077367599407034415,0.0,0.0,KOSPI,LG Energy Solution IPO
2021-10-28,3023.17,3034.42,3009.55,3009.55,617256.0,0.0,KOSPI,KOSPI,-0.005268568066660095,-64,0.15110403941112804,-0.005268568066660095,0.0,0.0,KOSPI,LG Energy Solution IPO
2021-10-29,3025.67,3030.17,2965.4,2970.68,545833.0,0.0,KOSPI,KOSPI,-0.012915552158960786,-63,0.13623689514972326,-0.012915552158960786,0.0,0.0,KOSPI,LG Energy Solution IPO
2021-11-01,2984.18,2991.81,2976.87,2978.94,475382.0,0.0,KOSPI,KOSPI,0.0027805081664804554,-62,0.13939621111574363,0.0027805081664804554,0.0,0.0,KOSPI,LG Energy Solution IPO
2021-11-02,2995.58,3034.3,2995.58,3013.49,525853.0,0.0,KOSPI,KOSPI,0.011598085224945764,-61,0.15261102547724414,0.011598085224945764,0.0,0.0,KOSPI,LG Energy Solution IPO
2021-11-03,3020.36,3020.87,2969.01,2975.71,658648.0,0.0,KOSPI,KOSPI,-0.01253695880855743,-60,0.13816078852854674,-0.01253695880855743,0.0,0.0,KOSPI,LG Energy Solution IPO
2021-11-04,3000.92,3011.56,2978.07,2983.22,772023.0,0.0,KOSPI,KOSPI,0.002523767437014879,-59,0.14103324166472242,0.002523767437014879,0.0,0.0,KOSPI,LG Energy Solution IPO
2021-11-05,3003.53,3003.53,2953.96,2969.27,688027.0,0.0,KOSPI,KOSPI,-0.004676155295284867,-58,0.13569759302961582,-0.004676155295284867,0.0,0.0,KOSPI,LG Energy Solution IPO
2021-11-08,2965.36,2968.18,2930.9,2960.2,560205.0,0.0,KOSPI,KOSPI,-0.0030546228534287234,-57,0.13222846520736353,-0.0030546228534287234,0.0,0.0,KOSPI,LG Energy Solution IPO
2021-11-09,2958.15,2987.28,2949.17,2962.46,708773.0,0.0,KOSPI,KOSPI,0.0007634619282481658,-56,0.13309287853462837,0.0007634619282481658,0.0,0.0,KOSPI,LG Energy Solution IPO
2021-11-10,2947.46,2958.61,2924.36,2930.17,570931.0,0.0,KOSPI,KOSPI,-0.01089972522835747,-55,0.12074247750039224,-0.01089972522835747,0.0,0.0,KOSPI,LG Energy Solution IPO
2021-11-11,2911.41,2925.19,2903.72,2924.92,572859.0,0.0,KOSPI,KOSPI,-0.001791704918144732,-54,0.11873443769148095,-0.001791704918144732,0.0,0.0,KOSPI,LG Energy Solution IPO
2021-11-12,2945.95,2973.84,2938.27,2968.8,665733.0,0.0,KOSPI,KOSPI,0.015002119716094775,-53,0.1355178256562466,0.015002119716094775,0.0,0.0,KOSPI,LG Energy Solution IPO
2021-11-15,2989.68,3003.71,2979.96,2999.52,639395.0,0.0,KOSPI,KOSPI,0.010347615198059712,-52,0.14726772716667513,0.010347615198059712,0.0,0.0,KOSPI,LG Energy Solution IPO
2021-11-16,2995.68,3011.88,2985.34,2997.21,579646.0,0.0,KOSPI,KOSPI,-0.0007701232197151464,-51,0.14638418965075428,-0.0007701232197151464,0.0,0.0,KOSPI,LG Energy Solution IPO
2021-11-17,3004.02,3004.67,2957.7,2962.42,541489.0,0.0,KOSPI,KOSPI,-0.011607461605960157,-50,0.13307757918370333,-0.011607461605960157,0.0,0.0,KOSPI,LG Energy Solution IPO
2021-11-18,2959.26,2964.48,2937.53,2947.38,541652.0,0.0,KOSPI,KOSPI,-0.0050769303474861305,-49,0.12732502323588935,-0.0050769303474861305,0.0,0.0,KOSPI,LG Energy Solution IPO
2021-11-19,2951.06,2974.64,2948.07,2971.02,657093.0,0.0,KOSPI,KOSPI,0.008020682775889076,-48,0.13636693963258617,0.008020682775889076,0.0,0.0,KOSPI,LG Energy Solution IPO
2021-11-22,2983.38,3018.01,2980.73,3013.25,530959.0,0.0,KOSPI,KOSPI,0.014213973652146494,-47,0.15251922937169393,0.014213973652146494,0.0,0.0,KOSPI,LG Energy Solution IPO
2021-11-23,3013.16,3016.36,2992.14,2997.33,524233.0,0.0,KOSPI,KOSPI,-0.005283331950551751,-46,0.14643008770352917,-0.005283331950551751,0.0,0.0,KOSPI,LG Energy Solution IPO
2021-11-24,3006.34,3017.9,2981.02,2994.29,556640.0,0.0,KOSPI,KOSPI,-0.0010142360033763564,-45,0.14526733703322647,-0.0010142360033763564,0.0,0.0,KOSPI,LG Energy Solution IPO
2021-11-25,2996.74,2996.74,2973.24,2980.27,595969.0,0.0,KOSPI,KOSPI,-0.004682245206710123,-44,0.139904914534001,-0.004682245206710123,0.0,0.0,KOSPI,LG Energy Solution IPO
2021-11-26,2973.04,2985.77,2930.31,2936.44,595597.0,0.0,KOSPI,KOSPI,-0.01470672120311245,-43,0.1231406507578916,-0.01470672120311245,0.0,0.0,KOSPI,LG Energy Solution IPO
2021-11-29,2906.15,2930.22,2890.78,2909.32,844400.0,0.0,KOSPI,KOSPI,-0.009235673128005328,-42,0.1127676908307167,-0.009235673128005328,0.0,0.0,KOSPI,LG Energy Solution IPO
2021-11-30,2932.71,2942.93,2822.73,2839.01,983556.0,0.0,KOSPI,KOSPI,-0.024167159336202282,-41,0.08587525674223295,-0.024167159336202282,0.0,0.0,KOSPI,LG Energy Solution IPO
2021-12-01,2860.12,2905.74,2837.03,2899.72,563927.0,0.0,KOSPI,KOSPI,0.021384214919989653,-40,0.10909584660870775,0.021384214919989653,0.0,0.0,KOSPI,LG Energy Solution IPO
2021-12-02,2874.64,2945.27,2874.64,2945.27,534461.0,0.0,KOSPI,KOSPI,0.015708413226104723,-39,0.12651798247459367,0.015708413226104723,0.0,0.0,KOSPI,LG Energy Solution IPO
2021-12-03,2935.93,2975.44,2927.55,2968.33,486749.0,0.0,KOSPI,KOSPI,0.007829502897866769,-38,0.13533805828287737,0.007829502897866769,0.0,0.0,KOSPI,LG Energy Solution IPO
2021-12-06,2954.82,2983.5,2932.49,2973.25,479907.0,0.0,KOSPI,KOSPI,0.001657497650193962,-37,0.13721987844665695,0.001657497650193962,0.0,0.0,KOSPI,LG Energy Solution IPO
2021-12-07,2973.84,2992.31,2960.9,2991.72,541370.0,0.0,KOSPI,KOSPI,0.006212057512822611,-36,0.14428435373629278,0.006212057512822611,0.0,0.0,KOSPI,LG Energy Solution IPO
2021-12-08,3017.93,3036.13,2995.34,3001.8,488246.0,0.0,KOSPI,KOSPI,0.0033692992659741794,-35,0.14813979016940215,0.0033692992659741794,0.0,0.0,KOSPI,LG Energy Solution IPO
2021-12-09,3007.0,3029.57,3001.55,3029.57,513445.0,0.0,KOSPI,KOSPI,0.009251115997068515,-34,0.15876136454910927,0.009251115997068515,0.0,0.0,KOSPI,LG Energy Solution IPO
2021-12-10,3008.7,3017.64,2998.29,3010.23,451599.0,0.0,KOSPI,KOSPI,-0.006383744227728694,-33,0.15136412837685365,-0.006383744227728694,0.0,0.0,KOSPI,LG Energy Solution IPO
2021-12-13,3019.67,3043.83,3000.51,3001.66,375828.0,0.0,KOSPI,KOSPI,-0.002846958538051947,-32,0.14808624244116442,-0.002846958538051947,0.0,0.0,KOSPI,LG Energy Solution IPO
2021-12-14,2983.95,3001.7,2976.16,2987.95,581569.0,0.0,KOSPI,KOSPI,-0.0045674726651253605,-31,0.14284238991160803,-0.0045674726651253605,0.0,0.0,KOSPI,LG Energy Solution IPO
2021-12-15,2979.83,2992.3,2973.0,2989.39,432874.0,0.0,KOSPI,KOSPI,0.00048193577536448373,-30,0.1433931665449093,0.00048193577536448373,0.0,0.0,KOSPI,LG Energy Solution IPO
2021-12-16,3013.26,3018.2,2989.63,3006.41,402825.0,0.0,KOSPI,KOSPI,0.005693469236198734,-29,0.14990304036351265,0.005693469236198734,0.0,0.0,KOSPI,LG Energy Solution IPO
2021-12-17,2985.2,3017.73,2984.19,3017.73,451824.0,0.0,KOSPI,KOSPI,0.003765288167615344,-28,0.15423275667529812,0.003765288167615344,0.0,0.0,KOSPI,LG Energy Solution IPO
2021-12-20,3001.33,3001.33,2962.07,2963.0,377584.0,0.0,KOSPI,KOSPI,-0.018136148694548604,-27,0.13329941977211623,-0.018136148694548604,0.0,0.0,KOSPI,LG Energy Solution IPO
2021-12-21,2981.67,2984.56,2955.9,2975.03,410979.0,0.0,KOSPI,KOSPI,0.004060074249071954,-26,0.13790069956282114,0.004060074249071954,0.0,0.0,KOSPI,LG Energy Solution IPO
2021-12-22,2993.5,3000.79,2976.65,2984.48,461755.0,0.0,KOSPI,KOSPI,0.0031764385569219566,-25,0.14151517121886115,0.0031764385569219566,0.0,0.0,KOSPI,LG Energy Solution IPO
2021-12-23,2998.02,3000.7,2980.91,2998.17,483838.0,0.0,KOSPI,KOSPI,0.004587063743097586,-24,0.14675137407295513,0.004587063743097586,0.0,0.0,KOSPI,LG Energy Solution IPO
2021-12-24,3009.48,3025.77,3009.48,3012.43,537548.0,0.0,KOSPI,KOSPI,0.004756234636461576,-23,0.1522055926777306,0.004756234636461576,0.0,0.0,KOSPI,LG Energy Solution IPO
2021-12-27,3013.94,3017.31,2999.3,2999.55,475363.0,0.0,KOSPI,KOSPI,-0.0042756180226593,-22,0.14727920167986897,-0.0042756180226593,0.0,0.0,KOSPI,LG Energy Solution IPO
2021-12-28,3006.77,3020.29,2991.55,3020.24,607046.0,0.0,KOSPI,KOSPI,0.006897701321864735,-21,0.15519279094584415,0.006897701321864735,0.0,0.0,KOSPI,LG Energy Solution IPO
2021-12-29,3002.9,3007.72,2988.67,2993.29,545831.0,0.0,KOSPI,KOSPI,-0.008923131936534823,-20,0.1448848532601006,-0.008923131936534823,0.0,0.0,KOSPI,LG Energy Solution IPO
2021-12-30,2999.75,3005.36,2975.74,2977.65,461038.0,0.0,KOSPI,KOSPI,-0.005225019961313415,-19,0.13890280704841107,-0.005225019961313415,0.0,0.0,KOSPI,LG Energy Solution IPO
2022-01-03,2998.32,3010.77,2979.42,2988.77,435825.0,0.0,KOSPI,KOSPI,0.0037344886067871563,-18,0.14315602660557136,0.0037344886067871563,0.0,0.0,KOSPI,LG Energy Solution IPO
2022-01-04,2991.97,2995.25,2973.08,2989.24,621549.0,0.0,KOSPI,KOSPI,0.00015725532576937873,-17,0.14333579397894036,0.00015725532576937873,0.0,0.0,KOSPI,LG Energy Solution IPO
2022-01-05,2984.05,2986.2,2936.73,2953.97,787346.0,0.0,KOSPI,KOSPI,-0.011798985695360642,-16,0.129845591300789,-0.011798985695360642,0.0,0.0,KOSPI,LG Energy Solution IPO
2022-01-06,2925.4,2952.54,2915.38,2920.53,786045.0,0.0,KOSPI,KOSPI,-0.011320358703710509,-15,0.11705533392745826,-0.011320358703710509,0.0,0.0,KOSPI,LG Energy Solution IPO
2022-01-07,2933.78,2959.03,2933.1,2954.89,546172.0,0.0,KOSPI,KOSPI,0.011764987861792031,-14,0.13019747637206502,0.011764987861792031,0.0,0.0,KOSPI,LG Energy Solution IPO
2022-01-10,2947.37,2951.12,2910.9,2926.72,477399.0,0.0,KOSPI,KOSPI,-0.009533349803207636,-13,0.11942290848310755,-0.009533349803207636,0.0,0.0,KOSPI,LG Energy Solution IPO
2022-01-11,2930.93,2943.57,2909.82,2927.38,566171.0,0.0,KOSPI,KOSPI,0.00022550841898105745,-12,0.11967534777337074,0.00022550841898105745,0.0,0.0,KOSPI,LG Energy Solution IPO
2022-01-12,2950.78,2972.58,2950.31,2972.48,519500.0,0.0,KOSPI,KOSPI,0.015406267720623923,-11,0.13692536594135007,0.015406267720623923,0.0,0.0,KOSPI,LG Energy Solution IPO
2022-01-13,2979.91,2982.14,2958.39,2962.09,604870.0,0.0,KOSPI,KOSPI,-0.0034953977823231064,-10,0.13295135953857162,-0.0034953977823231064,0.0,0.0,KOSPI,LG Energy Solution IPO
2022-01-14,2937.61,2944.97,2914.73,2921.92,532668.0,0.0,KOSPI,KOSPI,-0.01356137051878914,-9,0.1175869863721033,-0.01356137051878914,0.0,0.0,KOSPI,LG Energy Solution IPO
2022-01-17,2918.55,2919.67,2875.98,2890.1,593260.0,0.0,KOSPI,KOSPI,-0.010890099660497254,-8,0.1054163527112364,-0.010890099660497254,0.0,0.0,KOSPI,LG Energy Solution IPO
2022-01-18,2898.98,2902.79,2857.26,2864.24,554040.0,0.0,KOSPI,KOSPI,-0.008947787273796748,-7,0.09552532233819977,-0.008947787273796748,0.0,0.0,KOSPI,LG Energy Solution IPO
2022-01-19,2840.34,2871.79,2832.18,2842.28,463829.0,0.0,KOSPI,KOSPI,-0.007666955283076704,-6,0.08712597868035465,-0.007666955283076704,0.0,0.0,KOSPI,LG Energy Solution IPO
2022-01-20,2842.28,2862.7,2830.97,2862.68,395669.0,0.0,KOSPI,KOSPI,0.007177336504496257,-5,0.09492864765212339,0.007177336504496257,0.0,0.0,KOSPI,LG Energy Solution IPO
2022-01-21,2837.49,2847.95,2817.11,2834.29,532753.0,0.0,KOSPI,KOSPI,-0.00991728031075767,-4,0.08406993333307833,-0.00991728031075767,0.0,0.0,KOSPI,LG Energy Solution IPO
2022-01-24,2823.76,2828.11,2780.68,2792.0,473993.0,0.0,KOSPI,KOSPI,-0.014920844373723208,-3,0.06789469456758312,-0.014920844373723208,0.0,0.0,KOSPI,LG Energy Solution IPO
2022-01-25,2786.41,2789.62,2703.99,2720.39,639958.0,0.0,KOSPI,KOSPI,-0.02564828080229231,-2,0.0405050315740354,-0.02564828080229231,0.0,0.0,KOSPI,LG Energy Solution IPO
2022-01-26,2729.75,2744.14,2708.1,2709.24,472650.0,0.0,KOSPI,KOSPI,-0.004098677027926212,-1,0.0362403375036815,-0.004098677027926212,0.0,0.0,KOSPI,LG Energy Solution IPO
2022-01-27,2709.24,2722.86,2614.49,2614.49,487726.0,0.0,KOSPI,KOSPI,-0.034972907531263364,0,0.0,-0.034972907531263364,0.0,0.0,KOSPI,LG Energy Solution IPO
2022-01-28,2617.87,2668.59,2591.53,2663.34,434186.0,0.0,KOSPI,KOSPI,0.01868433231720168,1,0.01868433231720168,0.01868433231720168,0.0,0.0,KOSPI,LG Energy Solution IPO
2022-02-03,2706.34,2735.34,2702.78,2707.82,435709.0,0.0,KOSPI,KOSPI,0.016700834290777733,2,0.03569721054584285,0.016700834290777733,0.0,0.0,KOSPI,LG Energy Solution IPO
2022-02-04,2714.83,2751.8,2712.87,2750.26,536148.0,0.0,KOSPI,KOSPI,0.015673124506060176,3,0.05192982187730699,0.015673124506060176,0.0,0.0,KOSPI,LG Energy Solution IPO
2022-02-07,2750.7,2750.7,2718.94,2745.06,417838.0,0.0,KOSPI,KOSPI,-0.001890730330950663,4,0.049940906257052164,-0.001890730330950663,0.0,0.0,KOSPI,LG Energy Solution IPO
2022-02-08,2767.76,2779.85,2726.72,2746.47,560534.0,0.0,KOSPI,KOSPI,0.0005136499748639167,5,0.05048020837715961,0.0005136499748639167,0.0,0.0,KOSPI,LG Energy Solution IPO
2022-02-09,2772.63,2773.38,2753.51,2768.85,539123.0,0.0,KOSPI,KOSPI,0.008148641710996385,6,0.05904019521971793,0.008148641710996385,0.0,0.0,KOSPI,LG Energy Solution IPO
2022-02-10,2787.44,2788.27,2761.76,2771.93,509611.0,0.0,KOSPI,KOSPI,0.0011123751738086884,7,0.060218245240945656,0.0011123751738086884,0.0,0.0,KOSPI,LG Energy Solution IPO
2022-02-11,2739.14,2766.7,2735.08,2747.71,480520.0,0.0,KOSPI,KOSPI,-0.008737594383696479,8,0.05095448825583593,-0.008737594383696479,0.0,0.0,KOSPI,LG Energy Solution IPO
2022-02-14,2715.1,2724.72,2688.24,2704.48,616343.0,0.0,KOSPI,KOSPI,-0.015733101382605863,9,0.03441971474360206,-0.015733101382605863,0.0,0.0,KOSPI,LG Energy Solution IPO
2022-02-15,2712.45,2716.45,2665.47,2676.54,589039.0,0.0,KOSPI,KOSPI,-0.010331006330237202,10,0.023733118122463814,-0.010331006330237202,0.0,0.0,KOSPI,LG Energy Solution IPO
2022-02-16,2719.61,2730.43,2711.34,2729.68,422366.0,0.0,KOSPI,KOSPI,0.019853990599804083,11,0.044058305826375266,0.019853990599804083,0.0,0.0,KOSPI,LG Energy Solution IPO
2022-02-17,2735.11,2770.66,2711.99,2744.09,611421.0,0.0,KOSPI,KOSPI,0.005279007063099028,12,0.04956989699712011,0.005279007063099028,0.0,0.0,KOSPI,LG Energy Solution IPO
2022-02-18,2714.52,2747.08,2711.88,2744.52,513521.0,0.0,KOSPI,KOSPI,0.00015670039976822814,13,0.049734365019564075,0.00015670039976822814,0.0,0.0,KOSPI,LG Energy Solution IPO
2022-02-21,2706.65,2746.62,2694.9,2743.8,495301.0,0.0,KOSPI,KOSPI,-0.00026234095579547034,14,0.04945897670291344,-0.00026234095579547034,0.0,0.0,KOSPI,LG Energy Solution IPO
2022-02-22,2705.08,2721.84,2690.09,2706.79,648400.0,0.0,KOSPI,KOSPI,-0.013488592463007598,15,0.03530325225952291,-0.013488592463007598,0.0,0.0,KOSPI,LG Energy Solution IPO
2022-02-23,2727.43,2729.56,2705.31,2719.53,537841.0,0.0,KOSPI,KOSPI,0.0047066820846835,16,0.04017609552914725,0.0047066820846835,0.0,0.0,KOSPI,LG Energy Solution IPO
2022-02-24,2689.28,2694.55,2642.63,2648.8,926399.0,0.0,KOSPI,KOSPI,-0.026008170529466468,17,0.013123018255950747,-0.026008170529466468,0.0,0.0,KOSPI,LG Energy Solution IPO
2022-02-25,2678.47,2694.81,2665.96,2676.76,664347.0,0.0,KOSPI,KOSPI,0.010555723346421075,18,0.02381726455255162,0.010555723346421075,0.0,0.0,KOSPI,LG Energy Solution IPO
2022-02-28,2663.0,2699.18,2658.25,2699.18,613470.0,0.0,KOSPI,KOSPI,0.008375797606060997,19,0.03239255074603453,0.008375797606060997,0.0,0.0,KOSPI,LG Energy Solution IPO
2022-03-02,2698.31,2716.46,2692.24,2703.52,527950.0,0.0,KOSPI,KOSPI,0.0016078957312961606,20,0.03405253032140121,0.0016078957312961606,0.0,0.0,KOSPI,LG Energy Solution IPO
2022-03-03,2729.86,2748.21,2726.35,2747.08,614514.0,0.0,KOSPI,KOSPI,0.016112327632124,21,0.050713523478766565,0.016112327632124,0.0,0.0,KOSPI,LG Energy Solution IPO
2022-03-04,2736.58,2736.58,2702.34,2713.43,765675.0,0.0,KOSPI,KOSPI,-0.012249370240400737,22,0.03784294451307901,-0.012249370240400737,0.0,0.0,KOSPI,LG Energy Solution IPO
2022-03-07,2680.17,2680.17,2644.1,2651.31,571562.0,0.0,KOSPI,KOSPI,-0.02289353327706989,23,0.014083052526496553,-0.02289353327706989,0.0,0.0,KOSPI,LG Energy Solution IPO
2022-03-08,2617.33,2647.18,2605.81,2622.4,540370.0,0.0,KOSPI,KOSPI,-0.01090404366143527,24,0.003025446645426255,-0.01090404366143527,0.0,0.0,KOSPI,LG Energy Solution IPO
2022-03-10,2660.86,2682.79,2660.86,2680.32,613810.0,0.0,KOSPI,KOSPI,0.02208663819402079,25,0.025178906784879773,0.02208663819402079,0.0,0.0,KOSPI,LG Energy Solution IPO
2022-03-11,2665.95,2672.62,2647.28,2661.28,797034.0,0.0,KOSPI,KOSPI,-0.007103629417382962,26,0.017896415744562244,-0.007103629417382962,0.0,0.0,KOSPI,LG Energy Solution IPO
2022-03-14,2654.93,2661.76,2633.31,2645.65,636324.0,0.0,KOSPI,KOSPI,-0.005873113689653153,27,0.01191819437060393,-0.005873113689653153,0.0,0.0,KOSPI,LG Energy Solution IPO
2022-03-15,2630.31,2641.97,2615.08,2621.53,604181.0,0.0,KOSPI,KOSPI,-0.009116852191332847,28,0.002692685762806679,-0.009116852191332847,0.0,0.0,KOSPI,LG Energy Solution IPO
2022-03-16,2649.85,2659.9,2630.03,2659.23,736353.0,0.0,KOSPI,KOSPI,0.014380914961873437,29,0.017112324009654012,0.014380914961873437,0.0,0.0,KOSPI,LG Energy Solution IPO
2022-03-17,2703.27,2714.0,2694.51,2694.51,546079.0,0.0,KOSPI,KOSPI,0.013266998341625369,30,0.03060635152553659,0.013266998341625369,0.0,0.0,KOSPI,LG Energy Solution IPO
2022-03-18,2695.64,2708.16,2688.71,2707.02,644017.0,0.0,KOSPI,KOSPI,0.004642773639734088,31,0.03539122352734192,0.004642773639734088,0.0,0.0,KOSPI,LG Energy Solution IPO
2022-03-21,2717.81,2717.81,2683.69,2686.05,502401.0,0.0,KOSPI,KOSPI,-0.007746525699847018,32,0.027370538804891265,-0.007746525699847018,0.0,0.0,KOSPI,LG Energy Solution IPO
2022-03-22,2686.68,2712.14,2686.58,2710.0,489441.0,0.0,KOSPI,KOSPI,0.008916438636659807,33,0.03653102517125717,0.008916438636659807,0.0,0.0,KOSPI,LG Energy Solution IPO
2022-03-23,2727.12,2742.27,2720.83,2735.05,883375.0,0.0,KOSPI,KOSPI,0.009243542435424468,34,0.04611224368806166,0.009243542435424468,0.0,0.0,KOSPI,LG Energy Solution IPO
2022-03-24,2716.25,2729.66,2705.14,2729.66,960897.0,0.0,KOSPI,KOSPI,-0.0019707135152923216,35,0.04405065615091286,-0.0019707135152923216,0.0,0.0,KOSPI,LG Energy Solution IPO
2022-03-25,2740.83,2740.95,2722.36,2729.98,602771.0,0.0,KOSPI,KOSPI,0.00011723071737868018,36,0.04417305095831314,0.00011723071737868018,0.0,0.0,KOSPI,LG Energy Solution IPO
2022-03-28,2721.22,2737.46,2707.74,2729.56,768042.0,0.0,KOSPI,KOSPI,-0.00015384728093248423,37,0.04401240777360038,-0.00015384728093248423,0.0,0.0,KOSPI,LG Energy Solution IPO
2022-03-29,2745.62,2754.18,2733.22,2741.07,732159.0,0.0,KOSPI,KOSPI,0.004216796846378212,38,0.048414796002279825,0.004216796846378212,0.0,0.0,KOSPI,LG Energy Solution IPO
2022-03-30,2758.31,2760.6,2740.02,2746.74,840134.0,0.0,KOSPI,KOSPI,0.002068535280018269,39,0.05058347899590365,0.002068535280018269,0.0,0.0,KOSPI,LG Energy Solution IPO
2022-03-31,2743.24,2765.2,2743.2,2757.65,1030288.0,0.0,KOSPI,KOSPI,0.00397198133059562,40,0.054756376960707565,0.00397198133059562,0.0,0.0,KOSPI,LG Energy Solution IPO
2022-04-01,2745.85,2745.85,2729.68,2739.85,1305564.0,0.0,KOSPI,KOSPI,-0.006454771272641602,41,0.047948165799066134,-0.006454771272641602,0.0,0.0,KOSPI,LG Energy Solution IPO
2022-04-04,2729.86,2758.38,2722.45,2757.9,1022970.0,0.0,KOSPI,KOSPI,0.006587951895176802,42,0.05485199790398898,0.006587951895176802,0.0,0.0,KOSPI,LG Energy Solution IPO
2022-04-05,2765.5,2769.18,2750.5,2759.2,1605993.0,0.0,KOSPI,KOSPI,0.0004713731462342441,43,0.05534922680905274,0.0004713731462342441,0.0,0.0,KOSPI,LG Energy Solution IPO
2022-04-06,2739.07,2747.85,2730.66,2735.03,1321644.0,0.0,KOSPI,KOSPI,-0.0087597854450564,44,0.046104594012599254,-0.0087597854450564,0.0,0.0,KOSPI,LG Energy Solution IPO
2022-04-07,2714.7,2718.5,2693.36,2695.86,999275.0,0.0,KOSPI,KOSPI,-0.014321597934940367,45,0.03112270461925659,-0.014321597934940367,0.0,0.0,KOSPI,LG Energy Solution IPO
2022-04-08,2706.64,2712.0,2685.52,2700.39,948355.0,0.0,KOSPI,KOSPI,0.0016803543210699434,46,0.03285535611151702,0.0016803543210699434,0.0,0.0,KOSPI,LG Energy Solution IPO
2022-04-11,2687.54,2711.02,2683.96,2693.1,742601.0,0.0,KOSPI,KOSPI,-0.00269961005632513,47,0.030067049405428925,-0.00269961005632513,0.0,0.0,KOSPI,LG Energy Solution IPO
2022-04-12,2674.17,2685.08,2658.4,2666.76,870969.0,0.0,KOSPI,KOSPI,-0.009780550295198753,48,0.01999242682129232,-0.009780550295198753,0.0,0.0,KOSPI,LG Energy Solution IPO
2022-04-13,2677.53,2717.63,2672.6,2716.49,733240.0,0.0,KOSPI,KOSPI,0.01864809731659367,49,0.039013344858844334,0.01864809731659367,0.0,0.0,KOSPI,LG Energy Solution IPO
2022-04-14,2719.34,2720.3,2702.61,2716.71,665351.0,0.0,KOSPI,KOSPI,8.098686172242076e-05,50,0.03909749128893214,8.098686172242076e-05,0.0,0.0,KOSPI,LG Energy Solution IPO
2022-04-15,2695.52,2705.41,2685.01,2696.06,693717.0,0.0,KOSPI,KOSPI,-0.00760110574923345,51,0.03119920137388177,-0.00760110574923345,0.0,0.0,KOSPI,LG Energy Solution IPO
2022-04-18,2685.04,2701.11,2681.37,2693.21,1024914.0,0.0,KOSPI,KOSPI,-0.001057098135798129,52,0.030109122620472828,-0.001057098135798129,0.0,0.0,KOSPI,LG Energy Solution IPO
2022-04-19,2707.76,2723.98,2705.32,2718.89,1257385.0,0.0,KOSPI,KOSPI,0.00953509009694753,53,0.03993130591434668,0.00953509009694753,0.0,0.0,KOSPI,LG Energy Solution IPO
2022-04-20,2718.49,2724.46,2702.84,2718.69,1736282.0,0.0,KOSPI,KOSPI,-7.35594305028009e-05,54,0.039854809159721505,-7.35594305028009e-05,0.0,0.0,KOSPI,LG Energy Solution IPO
2022-04-21,2725.71,2737.54,2725.04,2728.21,1002973.0,0.0,KOSPI,KOSPI,0.0035016864740002873,55,0.04349605467988038,0.0035016864740002873,0.0,0.0,KOSPI,LG Energy Solution IPO
2022-04-22,2704.72,2708.58,2690.48,2704.71,1239909.0,0.0,KOSPI,KOSPI,-0.00861370642289272,56,0.03450768601142107,-0.00861370642289272,0.0,0.0,KOSPI,LG Energy Solution IPO
2022-04-25,2676.67,2680.35,2657.04,2657.13,1018005.0,0.0,KOSPI,KOSPI,-0.01759153476712838,57,0.01630910808608954,-0.01759153476712838,0.0,0.0,KOSPI,LG Energy Solution IPO
2022-04-26,2674.0,2678.05,2663.83,2668.31,889941.0,0.0,KOSPI,KOSPI,0.004207547240819842,58,0.020585276669637276,0.004207547240819842,0.0,0.0,KOSPI,LG Energy Solution IPO
2022-04-27,2630.58,2641.82,2615.5,2639.06,1072367.0,0.0,KOSPI,KOSPI,-0.010961994670784181,59,0.009397626305704065,-0.010961994670784181,0.0,0.0,KOSPI,LG Energy Solution IPO
2022-04-28,2656.54,2667.49,2638.37,2667.49,899168.0,0.0,KOSPI,KOSPI,0.010772775154789915,60,0.02027163997567394,0.010772775154789915,0.0,0.0,KOSPI,LG Energy Solution IPO
2022-04-29,2669.18,2696.1,2664.06,2695.05,975253.0,0.0,KOSPI,KOSPI,0.010331810053646029,61,0.03081289276302468,0.010331810053646029,0.0,0.0,KOSPI,LG Energy Solution IPO
2022-05-02,2669.21,2689.91,2667.85,2687.45,873722.0,0.0,KOSPI,KOSPI,-0.0028199847869243566,62,0.027906016087267504,-0.0028199847869243566,0.0,0.0,KOSPI,LG Energy Solution IPO
2021-10-25,813000.0,829000.0,800000.0,821000.0,170671.0,47.3,051910,LG Chem,,-67,0.3459016393442622,,,0.0,LG Chem,LG Energy Solution IPO
2021-10-26,840000.0,844000.0,826000.0,830000.0,175513.0,47.31,051910,LG Chem,0.010962241169305775,-66,0.360655737704918,0.009448641633615251,0.001513599535690524,0.001513599535690524,LG Chem,LG Energy Solution IPO
2021-10-27,827000.0,832000.0,811000.0,825000.0,153039.0,47.34,051910,LG Chem,-0.0060240963855421326,-65,0.3524590163934427,-0.0077367599407034415,0.001712663555161309,0.003226263090851833,LG Chem,LG Energy Solution IPO
2021-10-28,831000.0,864000.0,828000.0,850000.0,416963.0,47.55,051910,LG Chem,0.030303030303030276,-64,0.39344262295081966,-0.005268568066660095,0.03557159836969037,0.038797861460542205,LG Chem,LG Energy Solution IPO
2021-10-29,850000.0,860000.0,836000.0,836000.0,316682.0,47.56,051910,LG Chem,-0.016470588235294126,-63,0.3704918032786886,-0.012915552158960786,-0.00355503607633334,0.035242825384208865,LG Chem,LG Energy Solution IPO
2021-11-01,849000.0,849000.0,825000.0,832000.0,219710.0,47.51,051910,LG Chem,-0.004784688995215336,-62,0.3639344262295081,0.0027805081664804554,-0.007565197161695791,0.027677628222513073,LG Chem,LG Energy Solution IPO
2021-11-02,840000.0,856000.0,827000.0,831000.0,143263.0,47.47,051910,LG Chem,-0.0012019230769231282,-61,0.36229508196721305,0.011598085224945764,-0.012800008301868893,0.01487761992064418,LG Chem,LG Energy Solution IPO
2021-11-03,818000.0,819000.0,780000.0,784000.0,380709.0,47.39,051910,LG Chem,-0.056558363417569146,-60,0.28524590163934427,-0.01253695880855743,-0.044021404609011716,-0.029143784688367536,LG Chem,LG Energy Solution IPO
2021-11-04,796000.0,802000.0,785000.0,790000.0,287067.0,47.36,051910,LG Chem,0.007653061224489832,-59,0.29508196721311486,0.002523767437014879,0.005129293787474953,-0.024014490900892582,LG Chem,LG Energy Solution IPO
2021-11-05,800000.0,800000.0,779000.0,786000.0,173098.0,47.37,051910,LG Chem,-0.005063291139240533,-58,0.2885245901639344,-0.004676155295284867,-0.000387135843955666,-0.024401626744848248,LG Chem,LG Energy Solution IPO
2021-11-08,792000.0,792000.0,766000.0,771000.0,171469.0,47.33,051910,LG Chem,-0.01908396946564883,-57,0.26393442622950825,-0.0030546228534287234,-0.016029346612220108,-0.040430973357068356,LG Chem,LG Energy Solution IPO
2021-11-09,771000.0,778000.0,759000.0,769000.0,214251.0,47.3,051910,LG Chem,-0.0025940337224383825,-56,0.2606557377049181,0.0007634619282481658,-0.0033574956506865483,-0.043788469007754904,LG Chem,LG Energy Solution IPO
2021-11-10,758000.0,758000.0,733000.0,739000.0,258543.0,47.22,051910,LG Chem,-0.03901170351105332,-55,0.2114754098360656,-0.01089972522835747,-0.02811197828269585,-0.07190044729045075,LG Chem,LG Energy Solution IPO
2021-11-11,746000.0,769000.0,742000.0,757000.0,279482.0,47.33,051910,LG Chem,0.02435723951285529,-54,0.24098360655737694,-0.001791704918144732,0.02614894443100002,-0.04575150285945073,LG Chem,LG Energy Solution IPO
2021-11-12,767000.0,774000.0,757000.0,774000.0,195369.0,47.38,051910,LG Chem,0.022457067371202122,-53,0.26885245901639343,0.015002119716094775,0.007454947655107347,-0.038296555204343385,LG Chem,LG Energy Solution IPO
2021-11-15,773000.0,780000.0,751000.0,765000.0,167747.0,47.36,051910,LG Chem,-0.011627906976744207,-52,0.25409836065573765,0.010347615198059712,-0.02197552217480392,-0.060272077379147304,LG Chem,LG Energy Solution IPO
2021-11-16,773000.0,785000.0,765000.0,777000.0,188716.0,47.44,051910,LG Chem,0.015686274509803866,-51,0.2737704918032786,-0.0007701232197151464,0.016456397729519012,-0.04381567964962829,LG Chem,LG Energy Solution IPO
2021-11-17,785000.0,787000.0,765000.0,769000.0,131941.0,47.44,051910,LG Chem,-0.01029601029601035,-50,0.2606557377049181,-0.011607461605960157,0.001311451309949807,-0.042504228339678485,LG Chem,LG Energy Solution IPO
2021-11-18,773000.0,780000.0,760000.0,776000.0,148071.0,47.42,051910,LG Chem,0.00910273081924573,-49,0.27213114754098355,-0.0050769303474861305,0.01417966116673186,-0.028324567172946624,LG Chem,LG Energy Solution IPO
2021-11-19,770000.0,779000.0,755000.0,758000.0,232115.0,47.31,051910,LG Chem,-0.023195876288659822,-48,0.24262295081967222,0.008020682775889076,-0.0312165590645489,-0.05954112623749552,LG Chem,LG Energy Solution IPO
2021-11-22,758000.0,765000.0,751000.0,765000.0,200500.0,47.29,051910,LG Chem,0.00923482849604218,-47,0.25409836065573765,0.014213973652146494,-0.004979145156104314,-0.06452027139359984,LG Chem,LG Energy Solution IPO
2021-11-23,765000.0,768000.0,739000.0,740000.0,222133.0,47.23,051910,LG Chem,-0.0326797385620915,-46,0.21311475409836067,-0.005283331950551751,-0.027396406611539748,-0.09191667800513958,LG Chem,LG Energy Solution IPO
2021-11-24,747000.0,757000.0,740000.0,747000.0,206853.0,47.26,051910,LG Chem,0.009459459459459474,-45,0.22459016393442632,-0.0010142360033763564,0.01047369546283583,-0.08144298254230375,LG Chem,LG Energy Solution IPO
2021-11-25,741000.0,748000.0,737000.0,739000.0,112764.0,47.27,051910,LG Chem,-0.010709504685408322,-44,0.2114754098360656,-0.004682245206710123,-0.006027259478698199,-0.08747024202100195,LG Chem,LG Energy Solution IPO
2021-11-26,734000.0,740000.0,720000.0,721000.0,201250.0,47.23,051910,LG Chem,-0.024357239512855178,-43,0.18196721311475406,-0.01470672120311245,-0.009650518309742728,-0.09712076033074468,LG Chem,LG Energy Solution IPO
2021-11-29,715000.0,723000.0,710000.0,712000.0,171460.0,47.2,051910,LG Chem,-0.012482662968099856,-42,0.16721311475409828,-0.009235673128005328,-0.0032469898400945274,-0.10036775017083921,LG Chem,LG Energy Solution IPO
2021-11-30,709000.0,716000.0,694000.0,694000.0,395074.0,47.13,051910,LG Chem,-0.0252808988764045,-41,0.13770491803278695,-0.024167159336202282,-0.0011137395402022188,-0.10148148971104143,LG Chem,LG Energy Solution IPO
2021-12-01,702000.0,722000.0,696000.0,718000.0,251126.0,47.16,051910,LG Chem,0.03458213256484144,-40,0.17704918032786887,0.021384214919989653,0.013197917644851787,-0.08828357206618964,LG Chem,LG Energy Solution IPO
2021-12-02,734000.0,734000.0,711000.0,727000.0,268812.0,47.13,051910,LG Chem,0.012534818941504211,-39,0.19180327868852465,0.015708413226104723,-0.0031735942846005116,-0.09145716635079015,LG Chem,LG Energy Solution IPO
2021-12-03,727000.0,727000.0,711000.0,717000.0,229502.0,47.12,051910,LG Chem,-0.01375515818431916,-38,0.1754098360655738,0.007829502897866769,-0.02158466108218593,-0.11304182743297608,LG Chem,LG Energy Solution IPO
2021-12-06,722000.0,722000.0,706000.0,717000.0,140266.0,47.16,051910,LG Chem,0.0,-37,0.1754098360655738,0.001657497650193962,-0.001657497650193962,-0.11469932508317005,LG Chem,LG Energy Solution IPO
2021-12-07,720000.0,726000.0,708000.0,711000.0,173785.0,47.17,051910,LG Chem,-0.008368200836820106,-36,0.16557377049180322,0.006212057512822611,-0.014580258349642716,-0.12927958343281276,LG Chem,LG Energy Solution IPO
2021-12-08,719000.0,754000.0,718000.0,751000.0,463760.0,47.3,051910,LG Chem,0.05625879043600568,-35,0.23114754098360657,0.0033692992659741794,0.0528894911700315,-0.07639009226278126,LG Chem,LG Energy Solution IPO
2021-12-09,759000.0,764000.0,745000.0,747000.0,371186.0,47.37,051910,LG Chem,-0.005326231691078598,-34,0.22459016393442632,0.009251115997068515,-0.014577347688147113,-0.09096743995092837,LG Chem,LG Energy Solution IPO
2021-12-10,737000.0,746000.0,729000.0,740000.0,267924.0,47.26,051910,LG Chem,-0.009370816599732268,-33,0.21311475409836067,-0.006383744227728694,-0.002987072372003574,-0.09395451232293195,LG Chem,LG Energy Solution IPO
2021-12-13,740000.0,745000.0,731000.0,738000.0,217195.0,47.25,051910,LG Chem,-0.002702702702702675,-32,0.20983606557377055,-0.002846958538051947,0.00014425583534927178,-0.09381025648758268,LG Chem,LG Energy Solution IPO
2021-12-14,724000.0,729000.0,699000.0,701000.0,436465.0,47.06,051910,LG Chem,-0.050135501355013545,-31,0.14918032786885238,-0.0045674726651253605,-0.045568028689888185,-0.13937828517747086,LG Chem,LG Energy Solution IPO
2021-12-15,697000.0,703000.0,695000.0,696000.0,228912.0,47.0,051910,LG Chem,-0.007132667617689048,-30,0.14098360655737707,0.00048193577536448373,-0.007614603393053532,-0.1469928885705244,LG Chem,LG Energy Solution IPO
2021-12-16,706000.0,714000.0,699000.0,705000.0,226179.0,47.07,051910,LG Chem,0.012931034482758674,-29,0.15573770491803285,0.005693469236198734,0.0072375652465599405,-0.13975532332396445,LG Chem,LG Energy Solution IPO
2021-12-17,698000.0,703000.0,695000.0,697000.0,231327.0,47.07,051910,LG Chem,-0.01134751773049647,-28,0.14262295081967213,0.003765288167615344,-0.015112805898111814,-0.15486812922207627,LG Chem,LG Energy Solution IPO
2021-12-20,701000.0,702000.0,648000.0,656000.0,556191.0,46.9,051910,LG Chem,-0.05882352941176472,-27,0.07540983606557372,-0.018136148694548604,-0.040687380717216115,-0.19555550993929238,LG Chem,LG Energy Solution IPO
2021-12-21,656000.0,658000.0,636000.0,642000.0,503987.0,46.73,051910,LG Chem,-0.021341463414634165,-26,0.05245901639344264,0.004060074249071954,-0.02540153766370612,-0.2209570476029985,LG Chem,LG Energy Solution IPO
2021-12-22,640000.0,645000.0,622000.0,625000.0,522225.0,46.67,051910,LG Chem,-0.026479750778816147,-25,0.024590163934426146,0.0031764385569219566,-0.029656189335738103,-0.2506132369387366,LG Chem,LG Energy Solution IPO
2021-12-23,627000.0,635000.0,625000.0,634000.0,273757.0,46.67,051910,LG Chem,0.014399999999999968,-24,0.03934426229508192,0.004587063743097586,0.009812936256902383,-0.24080030068183422,LG Chem,LG Energy Solution IPO
2021-12-24,638000.0,640000.0,620000.0,621000.0,292150.0,46.62,051910,LG Chem,-0.02050473186119872,-23,0.0180327868852459,0.004756234636461576,-0.025260966497660298,-0.2660612671794945,LG Chem,LG Energy Solution IPO
2021-12-27,620000.0,632000.0,616000.0,627000.0,147200.0,46.62,051910,LG Chem,0.009661835748792313,-22,0.02786885245901649,-0.0042756180226593,0.013937453771451613,-0.2521238134080429,LG Chem,LG Energy Solution IPO
2021-12-28,630000.0,633000.0,624000.0,632000.0,181706.0,46.7,051910,LG Chem,0.00797448165869219,-21,0.0360655737704918,0.006897701321864735,0.0010767803368274542,-0.25104703307121545,LG Chem,LG Energy Solution IPO
2021-12-29,629000.0,632000.0,624000.0,628000.0,161669.0,46.86,051910,LG Chem,-0.006329113924050667,-20,0.029508196721311553,-0.008923131936534823,0.002594018012484156,-0.2484530150587313,LG Chem,LG Energy Solution IPO
2021-12-30,630000.0,630000.0,611000.0,615000.0,243420.0,46.9,051910,LG Chem,-0.02070063694267521,-19,0.008196721311475308,-0.005225019961313415,-0.015475616981361795,-0.2639286320400931,LG Chem,LG Energy Solution IPO
2022-01-03,622000.0,627000.0,616000.0,618000.0,192335.0,46.98,051910,LG Chem,0.004878048780487809,-18,0.013114754098360715,0.0037344886067871563,0.0011435601737006529,-0.26278507186639244,LG Chem,LG Energy Solution IPO
2022-01-04,626000.0,645000.0,620000.0,644000.0,406952.0,47.11,051910,LG Chem,0.04207119741100329,-17,0.05573770491803276,0.00015725532576937873,0.04191394208523391,-0.22087112978115853,LG Chem,LG Energy Solution IPO
2022-01-05,652000.0,666000.0,635000.0,664000.0,523345.0,47.2,051910,LG Chem,0.03105590062111796,-16,0.08852459016393444,-0.011798985695360642,0.0428548863164786,-0.17801624346467992,LG Chem,LG Energy Solution IPO
2022-01-06,670000.0,691000.0,662000.0,690000.0,692603.0,47.51,051910,LG Chem,0.03915662650602414,-15,0.13114754098360648,-0.011320358703710509,0.05047698520973465,-0.12753925825494528,LG Chem,LG Energy Solution IPO
2022-01-07,720000.0,722000.0,691000.0,719000.0,836306.0,47.92,051910,LG Chem,0.04202898550724643,-14,0.17868852459016393,0.011764987861792031,0.0302639976454544,-0.09727526060949088,LG Chem,LG Energy Solution IPO
2022-01-10,732000.0,732000.0,695000.0,710000.0,549323.0,48.15,051910,LG Chem,-0.012517385257301838,-13,0.16393442622950816,-0.009533349803207636,-0.0029840354540942027,-0.10025929606358508,LG Chem,LG Energy Solution IPO
2022-01-11,708000.0,735000.0,707000.0,734000.0,462973.0,48.41,051910,LG Chem,0.033802816901408406,-12,0.20327868852459008,0.00022550841898105745,0.03357730848242735,-0.06668198758115773,LG Chem,LG Energy Solution IPO
2022-01-12,750000.0,774000.0,747000.0,773000.0,646296.0,48.81,051910,LG Chem,0.053133514986376085,-11,0.26721311475409837,0.015406267720623923,0.03772724726575216,-0.02895474031540557,LG Chem,LG Energy Solution IPO
2022-01-13,766000.0,767000.0,742000.0,755000.0,545491.0,48.9,051910,LG Chem,-0.023285899094437235,-10,0.23770491803278682,-0.0034953977823231064,-0.019790501312114128,-0.0487452416275197,LG Chem,LG Energy Solution IPO
2022-01-14,746000.0,752000.0,712000.0,716000.0,319701.0,48.95,051910,LG Chem,-0.051655629139072845,-9,0.17377049180327875,-0.01356137051878914,-0.038094258620283705,-0.0868395002478034,LG Chem,LG Energy Solution IPO
2022-01-17,713000.0,732000.0,698000.0,707000.0,281141.0,49.02,051910,LG Chem,-0.012569832402234637,-8,0.15901639344262297,-0.010890099660497254,-0.001679732741737383,-0.08851923298954079,LG Chem,LG Energy Solution IPO
2022-01-18,713000.0,720000.0,691000.0,694000.0,245949.0,49.02,051910,LG Chem,-0.018387553041018356,-7,0.13770491803278695,-0.008947787273796748,-0.009439765767221608,-0.0979589987567624,LG Chem,LG Energy Solution IPO
2022-01-19,690000.0,693000.0,643000.0,653000.0,440752.0,48.97,051910,LG Chem,-0.05907780979827093,-6,0.07049180327868854,-0.007666955283076704,-0.051410854515194226,-0.14936985327195662,LG Chem,LG Energy Solution IPO
2022-01-20,640000.0,697000.0,633000.0,696000.0,450658.0,49.01,051910,LG Chem,0.06584992343032159,-5,0.14098360655737707,0.007177336504496257,0.05867258692582533,-0.09069726634613129,LG Chem,LG Energy Solution IPO
2022-01-21,697000.0,710000.0,679000.0,694000.0,324652.0,49.02,051910,LG Chem,-0.002873563218390829,-4,0.13770491803278695,-0.00991728031075767,0.007043717092366841,-0.08365354925376445,LG Chem,LG Energy Solution IPO
2022-01-24,693000.0,694000.0,663000.0,671000.0,246196.0,49.01,051910,LG Chem,-0.033141210374639796,-3,0.10000000000000009,-0.014920844373723208,-0.018220366000916588,-0.10187391525468104,LG Chem,LG Energy Solution IPO
2022-01-25,654000.0,668000.0,630000.0,643000.0,349700.0,48.92,051910,LG Chem,-0.041728763040238426,-2,0.0540983606557377,-0.02564828080229231,-0.016080482237946114,-0.11795439749262715,LG Chem,LG Energy Solution IPO
2022-01-26,643000.0,675000.0,643000.0,664000.0,374033.0,49.02,051910,LG Chem,0.03265940902021769,-1,0.08852459016393444,-0.004098677027926212,0.0367580860481439,-0.08119631144448325,LG Chem,LG Energy Solution IPO
2022-01-27,644000.0,669000.0,605000.0,610000.0,882032.0,49.11,051910,LG Chem,-0.08132530120481929,0,0.0,-0.034972907531263364,-0.046352393673555925,-0.12754870511803917,LG Chem,LG Energy Solution IPO
2022-01-28,628000.0,643000.0,622000.0,639000.0,528869.0,49.2,051910,LG Chem,0.04754098360655745,1,0.04754098360655745,0.01868433231720168,0.028856651289355773,-0.0986920538286834,LG Chem,LG Energy Solution IPO
2022-02-03,677000.0,691000.0,661000.0,677000.0,356414.0,49.31,051910,LG Chem,0.05946791862284817,2,0.10983606557377046,0.016700834290777733,0.04276708433207044,-0.055924969496612964,LG Chem,LG Energy Solution IPO
2022-02-04,680000.0,687000.0,668000.0,678000.0,217715.0,49.35,051910,LG Chem,0.001477104874446189,3,0.11147540983606552,0.015673124506060176,-0.014196019631613987,-0.07012098912822695,LG Chem,LG Energy Solution IPO
2022-02-07,676000.0,677000.0,638000.0,639000.0,317108.0,49.34,051910,LG Chem,-0.05752212389380529,4,0.04754098360655745,-0.001890730330950663,-0.055631393562854625,-0.12575238269108158,LG Chem,LG Energy Solution IPO
2022-02-08,630000.0,655000.0,617000.0,617000.0,691459.0,49.33,051910,LG Chem,-0.03442879499217533,5,0.011475409836065653,0.0005136499748639167,-0.03494244496703924,-0.16069482765812082,LG Chem,LG Energy Solution IPO
2022-02-09,624000.0,627000.0,610000.0,610000.0,389461.0,49.23,051910,LG Chem,-0.011345218800648316,6,0.0,0.008148641710996385,-0.0194938605116447,-0.18018868816976552,LG Chem,LG Energy Solution IPO
2022-02-10,613000.0,666000.0,613000.0,661000.0,694375.0,49.41,051910,LG Chem,0.08360655737704925,7,0.08360655737704925,0.0011123751738086884,0.08249418220324056,-0.09769450596652496,LG Chem,LG Energy Solution IPO
2022-02-11,645000.0,658000.0,633000.0,633000.0,310519.0,49.43,051910,LG Chem,-0.04236006051437213,8,0.03770491803278686,-0.008737594383696479,-0.033622466130675654,-0.1313169720972006,LG Chem,LG Energy Solution IPO
2022-02-14,632000.0,640000.0,618000.0,619000.0,219372.0,49.43,051910,LG Chem,-0.02211690363349128,9,0.014754098360655776,-0.015733101382605863,-0.0063838022508854175,-0.13770077434808603,LG Chem,LG Energy Solution IPO
2022-02-15,630000.0,654000.0,622000.0,622000.0,277189.0,49.45,051910,LG Chem,0.004846526655896577,10,0.01967213114754096,-0.010331006330237202,0.01517753298613378,-0.12252324136195225,LG Chem,LG Energy Solution IPO
2022-02-16,650000.0,657000.0,636000.0,653000.0,380506.0,49.55,051910,LG Chem,0.04983922829581999,11,0.07049180327868854,0.019853990599804083,0.02998523769601591,-0.09253800366593634,LG Chem,LG Energy Solution IPO
2022-02-17,650000.0,654000.0,635000.0,640000.0,294891.0,49.56,051910,LG Chem,-0.019908116385911168,12,0.049180327868852514,0.005279007063099028,-0.025187123449010196,-0.11772512711494654,LG Chem,LG Energy Solution IPO
2022-02-18,633000.0,648000.0,629000.0,629000.0,182644.0,49.54,051910,LG Chem,-0.017187500000000022,13,0.031147540983606614,0.00015670039976822814,-0.01734420039976825,-0.1350693275147148,LG Chem,LG Energy Solution IPO
2022-02-21,616000.0,626000.0,600000.0,616000.0,316630.0,49.48,051910,LG Chem,-0.020667726550079535,14,0.009836065573770592,-0.00026234095579547034,-0.020405385594284065,-0.15547471310899885,LG Chem,LG Energy Solution IPO
2022-02-22,600000.0,604000.0,587000.0,590000.0,473027.0,49.24,051910,LG Chem,-0.04220779220779225,15,-0.032786885245901676,-0.013488592463007598,-0.02871919974478465,-0.1841939128537835,LG Chem,LG Energy Solution IPO
2022-02-23,593000.0,600000.0,582000.0,589000.0,274373.0,49.17,051910,LG Chem,-0.0016949152542372614,16,-0.03442622950819674,0.0047066820846835,-0.0064015973389207614,-0.19059551019270426,LG Chem,LG Energy Solution IPO
2022-02-24,577000.0,580000.0,548000.0,549000.0,498865.0,49.05,051910,LG Chem,-0.06791171477079794,17,-0.09999999999999998,-0.026008170529466468,-0.04190354424133147,-0.23249905443403573,LG Chem,LG Energy Solution IPO
2022-02-25,562000.0,564000.0,546000.0,554000.0,371646.0,49.0,051910,LG Chem,0.00910746812386165,18,-0.09180327868852456,0.010555723346421075,-0.0014482552225594247,-0.23394730965659516,LG Chem,LG Energy Solution IPO
2022-02-28,550000.0,569000.0,542000.0,565000.0,351838.0,49.07,051910,LG Chem,0.019855595667870096,19,-0.07377049180327866,0.008375797606060997,0.011479798061809099,-0.22246751159478606,LG Chem,LG Energy Solution IPO
2022-03-02,565000.0,565000.0,549000.0,555000.0,276155.0,49.02,051910,LG Chem,-0.017699115044247815,20,-0.0901639344262295,0.0016078957312961606,-0.019307010775543976,-0.24177452237033004,LG Chem,LG Energy Solution IPO
2022-03-03,559000.0,565000.0,551000.0,558000.0,228286.0,48.96,051910,LG Chem,0.00540540540540535,21,-0.08524590163934431,0.016112327632124,-0.010706922226718651,-0.2524814445970487,LG Chem,LG Energy Solution IPO
2022-03-04,552000.0,554000.0,534000.0,535000.0,311241.0,48.82,051910,LG Chem,-0.04121863799283154,22,-0.12295081967213117,-0.012249370240400737,-0.028969267752430805,-0.2814507123494795,LG Chem,LG Energy Solution IPO
2022-03-07,522000.0,526000.0,503000.0,514000.0,454602.0,48.78,051910,LG Chem,-0.03925233644859816,23,-0.1573770491803279,-0.02289353327706989,-0.01635880317152827,-0.29780951552100776,LG Chem,LG Energy Solution IPO
2022-03-08,501000.0,513000.0,498000.0,503000.0,289591.0,48.79,051910,LG Chem,-0.021400778210116767,24,-0.1754098360655738,-0.01090404366143527,-0.010496734548681497,-0.30830625006968926,LG Chem,LG Energy Solution IPO
2022-03-10,498000.0,521000.0,493500.0,496500.0,743086.0,48.81,051910,LG Chem,-0.012922465208747513,25,-0.18606557377049182,0.02208663819402079,-0.035009103402768305,-0.34331535347245756,LG Chem,LG Energy Solution IPO
2022-03-11,496000.0,499500.0,469500.0,472000.0,713668.0,48.65,051910,LG Chem,-0.04934541792547831,26,-0.22622950819672127,-0.007103629417382962,-0.042241788508095346,-0.3855571419805529,LG Chem,LG Energy Solution IPO
2022-03-14,465000.0,472000.0,454000.0,457000.0,617168.0,48.56,051910,LG Chem,-0.03177966101694918,27,-0.25081967213114753,-0.005873113689653153,-0.025906547327296026,-0.41146368930784893,LG Chem,LG Energy Solution IPO
2022-03-15,447500.0,451000.0,438500.0,439000.0,678296.0,48.38,051910,LG Chem,-0.03938730853391681,28,-0.280327868852459,-0.009116852191332847,-0.030270456342583962,-0.4417341456504329,LG Chem,LG Energy Solution IPO
2022-03-16,446000.0,446500.0,437000.0,442000.0,425454.0,48.25,051910,LG Chem,0.006833712984054774,29,-0.2754098360655738,0.014380914961873437,-0.007547201977818663,-0.44928134762825156,LG Chem,LG Energy Solution IPO
2022-03-17,453500.0,475000.0,453500.0,470000.0,911878.0,48.19,051910,LG Chem,0.06334841628959276,30,-0.2295081967213115,0.013266998341625369,0.05008141794796739,-0.39919992968028417,LG Chem,LG Energy Solution IPO
2022-03-18,480000.0,491500.0,473000.0,488500.0,559378.0,48.28,051910,LG Chem,0.03936170212765955,31,-0.19918032786885242,0.004642773639734088,0.03471892848792546,-0.3644810011923587,LG Chem,LG Energy Solution IPO
2022-03-21,493000.0,496500.0,483000.0,490000.0,317216.0,48.27,051910,LG Chem,0.003070624360286489,32,-0.19672131147540983,-0.007746525699847018,0.010817150060133507,-0.3536638511322252,LG Chem,LG Energy Solution IPO
2022-03-22,496500.0,497000.0,487500.0,492000.0,222919.0,48.27,051910,LG Chem,0.004081632653061273,33,-0.1934426229508197,0.008916438636659807,-0.0048348059835985335,-0.35849865711582374,LG Chem,LG Energy Solution IPO
2022-03-23,497500.0,510000.0,494500.0,508000.0,307359.0,48.32,051910,LG Chem,0.03252032520325199,34,-0.1672131147540984,0.009243542435424468,0.02327678276782752,-0.3352218743479962,LG Chem,LG Energy Solution IPO
2022-03-24,518000.0,532000.0,512000.0,531000.0,523564.0,48.46,051910,LG Chem,0.04527559055118102,35,-0.12950819672131153,-0.0019707135152923216,0.047246304066473344,-0.2879755702815229,LG Chem,LG Energy Solution IPO
2022-03-25,536000.0,537000.0,520000.0,526000.0,322408.0,48.48,051910,LG Chem,-0.00941619585687381,36,-0.13770491803278684,0.00011723071737868018,-0.00953342657425249,-0.29750899685577537,LG Chem,LG Energy Solution IPO
2022-03-28,527000.0,530000.0,510000.0,523000.0,186517.0,48.53,051910,LG Chem,-0.005703422053231932,37,-0.14262295081967213,-0.00015384728093248423,-0.005549574772299448,-0.3030585716280748,LG Chem,LG Energy Solution IPO
2022-03-29,528000.0,532000.0,522000.0,523000.0,144803.0,48.53,051910,LG Chem,0.0,38,-0.14262295081967213,0.004216796846378212,-0.004216796846378212,-0.307275368474453,LG Chem,LG Energy Solution IPO
2022-03-30,528000.0,531000.0,521000.0,525000.0,175835.0,48.5,051910,LG Chem,0.003824091778202643,39,-0.139344262295082,0.002068535280018269,0.001755556498184374,-0.30551981197626865,LG Chem,LG Energy Solution IPO
2022-03-31,523000.0,534000.0,517000.0,532000.0,169611.0,48.49,051910,LG Chem,0.01333333333333342,40,-0.12786885245901636,0.00397198133059562,0.0093613520027378,-0.29615845997353085,LG Chem,LG Energy Solution IPO
2022-04-01,538000.0,545000.0,520000.0,523000.0,198741.0,48.48,051910,LG Chem,-0.016917293233082664,41,-0.14262295081967213,-0.006454771272641602,-0.010462521960441062,-0.3066209819339719,LG Chem,LG Energy Solution IPO
2022-04-04,522000.0,527000.0,516000.0,526000.0,95926.0,48.49,051910,LG Chem,0.005736137667303964,42,-0.13770491803278684,0.006587951895176802,-0.000851814227872838,-0.30747279616184475,LG Chem,LG Energy Solution IPO
2022-04-05,537000.0,546000.0,534000.0,540000.0,225685.0,48.55,051910,LG Chem,0.026615969581748944,43,-0.11475409836065575,0.0004713731462342441,0.0261445964355147,-0.28132819972633005,LG Chem,LG Energy Solution IPO
2022-04-06,536000.0,539000.0,529000.0,530000.0,125060.0,48.56,051910,LG Chem,-0.01851851851851849,44,-0.1311475409836066,-0.0087597854450564,-0.00975873307346209,-0.29108693279979214,LG Chem,LG Energy Solution IPO
2022-04-07,519000.0,524000.0,511000.0,518000.0,196367.0,48.58,051910,LG Chem,-0.02264150943396226,45,-0.15081967213114755,-0.014321597934940367,-0.008319911499021893,-0.29940684429881403,LG Chem,LG Energy Solution IPO
2022-04-08,518000.0,527000.0,513000.0,525000.0,128480.0,48.61,051910,LG Chem,0.013513513513513598,46,-0.139344262295082,0.0016803543210699434,0.011833159192443654,-0.2875736851063704,LG Chem,LG Energy Solution IPO
2022-04-11,518000.0,524000.0,507000.0,510000.0,111018.0,48.56,051910,LG Chem,-0.02857142857142858,47,-0.16393442622950816,-0.00269961005632513,-0.02587181851510345,-0.31344550362147383,LG Chem,LG Energy Solution IPO
2022-04-12,497000.0,509000.0,497000.0,505000.0,149845.0,48.57,051910,LG Chem,-0.009803921568627416,48,-0.17213114754098358,-0.009780550295198753,-2.3371273428662853e-05,-0.3134688748949025,LG Chem,LG Energy Solution IPO
2022-04-13,507000.0,518000.0,505000.0,518000.0,89777.0,48.59,051910,LG Chem,0.025742574257425765,49,-0.15081967213114755,0.01864809731659367,0.007094476940832095,-0.3063743979540704,LG Chem,LG Energy Solution IPO
2022-04-14,510000.0,519000.0,510000.0,514000.0,126954.0,48.6,051910,LG Chem,-0.007722007722007707,50,-0.1573770491803279,8.098686172242076e-05,-0.007802994583730127,-0.3141773925378005,LG Chem,LG Energy Solution IPO
2022-04-15,510000.0,513000.0,502000.0,505000.0,79943.0,48.64,051910,LG Chem,-0.017509727626459193,51,-0.17213114754098358,-0.00760110574923345,-0.009908621877225743,-0.32408601441502627,LG Chem,LG Energy Solution IPO
2022-04-18,500000.0,504000.0,493500.0,500000.0,81451.0,48.64,051910,LG Chem,-0.00990099009900991,52,-0.180327868852459,-0.001057098135798129,-0.00884389196321178,-0.33292990637823805,LG Chem,LG Energy Solution IPO
2022-04-19,503000.0,510000.0,499500.0,503000.0,86974.0,48.64,051910,LG Chem,0.006000000000000005,53,-0.1754098360655738,0.00953509009694753,-0.003535090096947524,-0.3364649964751856,LG Chem,LG Energy Solution IPO
2022-04-20,504000.0,513000.0,499000.0,505000.0,131581.0,48.65,051910,LG Chem,0.003976143141153132,54,-0.17213114754098358,-7.35594305028009e-05,0.004049702571655933,-0.33241529390352964,LG Chem,LG Energy Solution IPO
2022-04-21,505000.0,509000.0,500000.0,503000.0,110061.0,48.6,051910,LG Chem,-0.003960396039603964,55,-0.1754098360655738,0.0035016864740002873,-0.007462082513604251,-0.3398773764171339,LG Chem,LG Energy Solution IPO
2022-04-22,498000.0,498500.0,483000.0,486000.0,239523.0,48.51,051910,LG Chem,-0.03379721669980118,56,-0.2032786885245902,-0.00861370642289272,-0.02518351027690846,-0.36506088669404235,LG Chem,LG Energy Solution IPO
2022-04-25,475000.0,497500.0,471500.0,486000.0,229146.0,48.52,051910,LG Chem,0.0,57,-0.2032786885245902,-0.01759153476712838,0.01759153476712838,-0.34746935192691397,LG Chem,LG Energy Solution IPO
2022-04-26,487500.0,494500.0,475000.0,475000.0,198963.0,48.44,051910,LG Chem,-0.02263374485596703,58,-0.2213114754098361,0.004207547240819842,-0.026841292096786873,-0.37431064402370084,LG Chem,LG Energy Solution IPO
2022-04-27,461000.0,466500.0,455000.0,463000.0,283075.0,48.37,051910,LG Chem,-0.025263157894736876,59,-0.24098360655737705,-0.010961994670784181,-0.014301163223952695,-0.38861180724765354,LG Chem,LG Energy Solution IPO
2022-04-28,470000.0,505000.0,469500.0,502000.0,553556.0,48.38,051910,LG Chem,0.08423326133909281,60,-0.17704918032786887,0.010772775154789915,0.0734604861843029,-0.31515132106335064,LG Chem,LG Energy Solution IPO
2022-04-29,506000.0,527000.0,502000.0,519000.0,479495.0,48.31,051910,LG Chem,0.03386454183266929,61,-0.1491803278688525,0.010331810053646029,0.023532731779023264,-0.2916185892843274,LG Chem,LG Energy Solution IPO
2022-05-02,513000.0,530000.0,513000.0,526000.0,223203.0,48.28,051910,LG Chem,0.01348747591522148,62,-0.13770491803278684,-0.0028199847869243566,0.016307460702145837,-0.27531112858218154,LG Chem,LG Energy Solution IPO
2021-10-25,714693.0,722526.0,702945.0,717631.0,198103.0,45.03,006400,Samsung SDI,,-67,0.23400768642151504,,,0.0,Samsung SDI,LG Energy Solution IPO
2021-10-26,730358.0,733295.0,718609.0,730358.0,268436.0,45.04,006400,Samsung SDI,0.017734741113469177,-66,0.25589249327223174,0.009448641633615251,0.008286099479853926,0.008286099479853926,Samsung SDI,LG Energy Solution IPO
2021-10-27,722525.0,737211.0,721546.0,734274.0,169636.0,45.13,006400,Samsung SDI,0.005361754098674787,-65,0.26262627999552923,-0.0077367599407034415,0.013098514039378228,0.021384613519232154,Samsung SDI,LG Energy Solution IPO
2021-10-28,739169.0,748959.0,730358.0,730358.0,280570.0,45.18,006400,Samsung SDI,-0.005333159011486122,-64,0.25589249327223174,-0.005268568066660095,-6.459094482602623e-05,0.021320022574406128,Samsung SDI,LG Energy Solution IPO
2021-10-29,731337.0,733295.0,718610.0,718610.0,357280.0,45.23,006400,Samsung SDI,-0.016085262296024694,-63,0.23569113310233947,-0.012915552158960786,-0.003169710137063908,0.01815031243734222,Samsung SDI,LG Energy Solution IPO
2021-11-01,717631.0,717631.0,700987.0,707841.0,261582.0,45.19,006400,Samsung SDI,-0.01498587550966446,-62,0.21717321961327163,0.0027805081664804554,-0.017766383676144915,0.00038392876119730523,Samsung SDI,LG Energy Solution IPO
2021-11-02,716652.0,727421.0,708819.0,715673.0,223637.0,45.19,006400,Samsung SDI,0.011064631746394937,-61,0.2306407930598664,0.011598085224945764,-0.0005334534785508271,-0.0001495247173535219,Samsung SDI,LG Energy Solution IPO
2021-11-03,716652.0,731337.0,709798.0,716652.0,257753.0,45.24,006400,Samsung SDI,0.001367943180754283,-60,0.23232423974069083,-0.01253695880855743,0.013904901989311713,0.013755377271958191,Samsung SDI,LG Energy Solution IPO
2021-11-04,724483.0,735253.0,722525.0,735253.0,314881.0,45.4,006400,Samsung SDI,0.025955414901514207,-59,0.26430972667635344,0.002523767437014879,0.023431647464499328,0.03718702473645752,Samsung SDI,LG Energy Solution IPO
2021-11-05,736232.0,739170.0,722526.0,739170.0,195066.0,45.45,006400,Samsung SDI,0.005327417909209542,-58,0.27104523295703675,-0.004676155295284867,0.01000357320449441,0.04719059794095193,Samsung SDI,LG Energy Solution IPO
2021-11-08,740148.0,740148.0,724483.0,728400.0,144339.0,45.44,006400,Samsung SDI,-0.01457039652583303,-57,0.2525255999105831,-0.0030546228534287234,-0.011515773672404306,0.03567482426854762,Samsung SDI,LG Energy Solution IPO
2021-11-09,724483.0,736232.0,722525.0,732316.0,159465.0,45.45,006400,Samsung SDI,0.005376166941241101,-56,0.2592593866338804,0.0007634619282481658,0.004612705012992935,0.04028752928154056,Samsung SDI,LG Energy Solution IPO
2021-11-10,723504.0,732316.0,719588.0,732316.0,164239.0,45.53,006400,Samsung SDI,0.0,-55,0.2592593866338804,-0.01089972522835747,0.01089972522835747,0.05118725450989803,Samsung SDI,LG Energy Solution IPO
2021-11-11,731336.0,737211.0,719588.0,737211.0,234351.0,45.58,006400,Samsung SDI,0.006684272909508904,-54,0.2676766200380023,-0.001791704918144732,0.008475977827653636,0.059663232337551664,Samsung SDI,LG Energy Solution IPO
2021-11-12,741127.0,741127.0,729378.0,735253.0,198047.0,45.73,006400,Samsung SDI,-0.0026559560288709205,-53,0.26430972667635344,0.015002119716094775,-0.017658075744965696,0.04200515659258597,Samsung SDI,LG Energy Solution IPO
2021-11-15,742107.0,743086.0,731337.0,738191.0,127007.0,45.76,006400,Samsung SDI,0.003995903450920935,-52,0.26936178627621254,0.010347615198059712,-0.006351711747138777,0.03565344484544719,Samsung SDI,LG Energy Solution IPO
2021-11-16,738190.0,748960.0,736232.0,744065.0,205754.0,45.83,006400,Samsung SDI,0.007957290186415111,-51,0.2794624663611587,-0.0007701232197151464,0.008727413406130258,0.04438085825157745,Samsung SDI,LG Energy Solution IPO
2021-11-17,751897.0,755813.0,741127.0,746023.0,167915.0,45.9,006400,Samsung SDI,0.0026314905283812973,-50,0.2828293597228073,-0.011607461605960157,0.014238952134341454,0.0586198103859189,Samsung SDI,LG Energy Solution IPO
2021-11-18,741127.0,747002.0,737211.0,747002.0,151714.0,45.89,006400,Samsung SDI,0.0013122919802741606,-49,0.28451280640363175,-0.0050769303474861305,0.006389222327760291,0.0650090327136792,Samsung SDI,LG Energy Solution IPO
2021-11-19,745044.0,745044.0,735253.0,741128.0,191568.0,45.92,006400,Samsung SDI,-0.007863432761893496,-48,0.2744121263186856,0.008020682775889076,-0.015884115537782573,0.04912491717589662,Samsung SDI,LG Energy Solution IPO
2021-11-22,736232.0,736232.0,721546.0,730358.0,220101.0,45.89,006400,Samsung SDI,-0.014531902721257373,-47,0.25589249327223174,0.014213973652146494,-0.028745876373403867,0.020379040802492754,Samsung SDI,LG Energy Solution IPO
2021-11-23,729379.0,729379.0,710777.0,721547.0,211877.0,45.91,006400,Samsung SDI,-0.012063946722018493,-46,0.24074147314481253,-0.005283331950551751,-0.006780614771466742,0.013598426031026012,Samsung SDI,LG Energy Solution IPO
2021-11-24,716652.0,722526.0,705882.0,714694.0,200397.0,45.95,006400,Samsung SDI,-0.009497648801810588,-45,0.22895734637904197,-0.0010142360033763564,-0.008483412798434231,0.005115013232591781,Samsung SDI,LG Energy Solution IPO
2021-11-25,712735.0,714693.0,699029.0,700008.0,207685.0,45.9,006400,Samsung SDI,-0.02054865438915121,-44,0.20370392660929082,-0.004682245206710123,-0.015866409182441088,-0.010751395949849307,Samsung SDI,LG Energy Solution IPO
2021-11-26,694133.0,709798.0,691196.0,698050.0,196690.0,45.97,006400,Samsung SDI,-0.002797110890161214,-43,0.20033703324764196,-0.01470672120311245,0.011909610312951235,0.0011582143631019282,Samsung SDI,LG Energy Solution IPO
2021-11-29,687280.0,696092.0,677490.0,694134.0,205010.0,45.96,006400,Samsung SDI,-0.005609913329990723,-42,0.19360324652434469,-0.009235673128005328,0.003625759798014605,0.004783974161116533,Samsung SDI,LG Energy Solution IPO
2021-11-30,697070.0,701965.0,663783.0,673574.0,401571.0,45.95,006400,Samsung SDI,-0.02961964116438609,-41,0.15824914666964718,-0.024167159336202282,-0.005452481828183808,-0.0006685076670672752,Samsung SDI,LG Energy Solution IPO
2021-12-01,679449.0,683365.0,665742.0,678470.0,231132.0,45.98,006400,Samsung SDI,0.007268689112109428,-40,0.16666809963115492,0.021384214919989653,-0.014115525807880225,-0.0147840334749475,Samsung SDI,LG Energy Solution IPO
2021-12-02,673574.0,681406.0,665741.0,670637.0,298117.0,45.92,006400,Samsung SDI,-0.011545094108803666,-39,0.1531988066271741,0.015708413226104723,-0.02725350733490839,-0.04203754080985589,Samsung SDI,LG Energy Solution IPO
2021-12-03,667699.0,684343.0,666720.0,677490.0,266107.0,45.93,006400,Samsung SDI,0.010218642872373618,-38,0.16498293339294468,0.007829502897866769,0.0023891399745068487,-0.03964840083534904,Samsung SDI,LG Energy Solution IPO
2021-12-06,677490.0,688260.0,668679.0,683365.0,165999.0,45.96,006400,Samsung SDI,0.008671714711656175,-37,0.17508533303527662,0.001657497650193962,0.0070142170614622135,-0.03263418377388683,Samsung SDI,LG Energy Solution IPO
2021-12-07,686301.0,687280.0,669657.0,676511.0,175744.0,45.95,006400,Samsung SDI,-0.010029779107797454,-36,0.16329948671212025,0.006212057512822611,-0.016241836620620065,-0.04887602039450689,Samsung SDI,LG Energy Solution IPO
2021-12-08,685322.0,703924.0,680427.0,695113.0,270453.0,45.98,006400,Samsung SDI,0.027496966050810645,-35,0.1952866932051689,0.0033692992659741794,0.024127666784836466,-0.024748353609670426,Samsung SDI,LG Energy Solution IPO
2021-12-09,699029.0,701966.0,690217.0,693155.0,319725.0,46.09,006400,Samsung SDI,-0.0028168082024073726,-34,0.19191979984352026,0.009251115997068515,-0.012067924199475888,-0.036816277809146314,Samsung SDI,LG Energy Solution IPO
2021-12-10,690217.0,696092.0,682385.0,694134.0,187571.0,46.1,006400,Samsung SDI,0.0014123825118479427,-33,0.19360324652434469,-0.006383744227728694,0.0077961267395766365,-0.029020151069569677,Samsung SDI,LG Energy Solution IPO
2021-12-13,694134.0,704903.0,687281.0,688260.0,162603.0,46.11,006400,Samsung SDI,-0.008462343005817274,-32,0.18350256643939855,-0.002846958538051947,-0.0056153844677653275,-0.034635535537335005,Samsung SDI,LG Energy Solution IPO
2021-12-14,682385.0,683364.0,665742.0,665742.0,299366.0,45.92,006400,Samsung SDI,-0.03271728707174615,-31,0.1447815732230524,-0.0045674726651253605,-0.028149814406620788,-0.06278534994395579,Samsung SDI,LG Energy Solution IPO
2021-12-15,659868.0,663784.0,647140.0,659868.0,334146.0,45.82,006400,Samsung SDI,-0.008823237830871467,-30,0.13468089313810627,0.00048193577536448373,-0.00930517360623595,-0.07209052355019174,Samsung SDI,LG Energy Solution IPO
2021-12-16,665741.0,676511.0,663783.0,668679.0,228734.0,45.88,006400,Samsung SDI,0.013352670534106714,-29,0.14983191326552547,0.005693469236198734,0.00765920129790798,-0.06443132225228376,Samsung SDI,LG Energy Solution IPO
2021-12-17,656930.0,671616.0,656930.0,665742.0,247978.0,45.84,006400,Samsung SDI,-0.004392242017470238,-28,0.1447815732230524,0.003765288167615344,-0.008157530185085582,-0.07258885243736934,Samsung SDI,LG Energy Solution IPO
2021-12-20,660846.0,661825.0,639308.0,640287.0,360418.0,45.77,006400,Samsung SDI,-0.03823553268383251,-27,0.1010102399642332,-0.018136148694548604,-0.020099383989283903,-0.09268823642665325,Samsung SDI,LG Energy Solution IPO
2021-12-21,639308.0,640287.0,614832.0,631476.0,454350.0,45.72,006400,Samsung SDI,-0.013761016544143523,-26,0.085859219836814,0.004060074249071954,-0.017821090793215477,-0.11050932721986872,Samsung SDI,LG Energy Solution IPO
2021-12-22,632454.0,635391.0,615810.0,618748.0,376011.0,45.65,006400,Samsung SDI,-0.020155952086856832,-25,0.06397269342871148,0.0031764385569219566,-0.02333239064377879,-0.1338417178636475,Samsung SDI,LG Energy Solution IPO
2021-12-23,627559.0,632455.0,624622.0,629518.0,264998.0,45.52,006400,Samsung SDI,0.017406116868256438,-24,0.08249232647516536,0.004587063743097586,0.012819053125158852,-0.12102266473848866,Samsung SDI,LG Energy Solution IPO
2021-12-24,634412.0,648119.0,632454.0,637350.0,219813.0,45.38,006400,Samsung SDI,0.012441264586556589,-23,0.09595989992176013,0.004756234636461576,0.0076850299500950126,-0.11333763478839365,Samsung SDI,LG Energy Solution IPO
2021-12-27,637350.0,637350.0,628538.0,630497.0,132332.0,45.35,006400,Samsung SDI,-0.010752333882482201,-22,0.08417577315598956,-0.0042756180226593,-0.006476715859822901,-0.11981435064821655,Samsung SDI,LG Energy Solution IPO
2021-12-28,633433.0,637350.0,626580.0,637350.0,234291.0,45.44,006400,Samsung SDI,0.01086920318415463,-21,0.09595989992176013,0.006897701321864735,0.0039715018622898945,-0.11584284878592666,Samsung SDI,LG Energy Solution IPO
2021-12-29,646161.0,653015.0,641266.0,649099.0,243664.0,45.45,006400,Samsung SDI,0.018434141366596046,-20,0.11616297964903843,-0.008923131936534823,0.02735727330313087,-0.08848557548279579,Samsung SDI,LG Energy Solution IPO
2021-12-30,643224.0,646161.0,637349.0,641266.0,151016.0,45.44,006400,Samsung SDI,-0.012067496637646946,-19,0.10269368664505762,-0.005225019961313415,-0.006842476676333531,-0.09532805215912932,Samsung SDI,LG Energy Solution IPO
2022-01-03,649098.0,650077.0,629517.0,636371.0,173733.0,45.44,006400,Samsung SDI,-0.007633337803657159,-18,0.0942764532409357,0.0037344886067871563,-0.011367826410444315,-0.10669587856957363,Samsung SDI,LG Energy Solution IPO
2022-01-04,639308.0,642245.0,631475.0,635392.0,213740.0,45.38,006400,Samsung SDI,-0.0015384107698181992,-17,0.09259300656011149,0.00015725532576937873,-0.001695666095587578,-0.10839154466516121,Samsung SDI,LG Energy Solution IPO
2022-01-05,630496.0,636371.0,621685.0,634413.0,344109.0,45.46,006400,Samsung SDI,-0.0015407811240935043,-16,0.09090955987928706,-0.011798985695360642,0.010258204571267138,-0.09813334009389407,Samsung SDI,LG Energy Solution IPO
2022-01-06,628539.0,644203.0,624622.0,628539.0,240883.0,45.41,006400,Samsung SDI,-0.00925895276420885,-15,0.08080887979434093,-0.011320358703710509,0.0020614059395016593,-0.09607193415439241,Samsung SDI,LG Energy Solution IPO
2022-01-07,634413.0,635392.0,621686.0,622665.0,468135.0,45.35,006400,Samsung SDI,-0.009345482141919548,-14,0.07070819970939479,0.011764987861792031,-0.02111047000371158,-0.11718240415810399,Samsung SDI,LG Energy Solution IPO
2022-01-10,623643.0,623643.0,609937.0,610916.0,267241.0,45.28,006400,Samsung SDI,-0.01886889418868898,-13,0.05050511998211671,-0.009533349803207636,-0.009335544385481342,-0.12651794854358533,Samsung SDI,LG Energy Solution IPO
2022-01-11,626580.0,626580.0,608957.0,613853.0,277829.0,45.28,006400,Samsung SDI,0.0048075349147838065,-12,0.055555460024589776,0.00022550841898105745,0.004582026495802749,-0.12193592204778259,Samsung SDI,LG Energy Solution IPO
2022-01-12,618748.0,649098.0,618748.0,645182.0,447219.0,45.2,006400,Samsung SDI,0.05103664883938008,-11,0.1094274733683549,0.015406267720623923,0.03563038111875616,-0.08630554092902643,Samsung SDI,LG Energy Solution IPO
2022-01-13,659868.0,659868.0,646161.0,652036.0,320486.0,45.18,006400,Samsung SDI,0.010623358990176524,-10,0.1212133196915115,-0.0034953977823231064,0.01411875677249963,-0.0721867841565268,Samsung SDI,LG Energy Solution IPO
2022-01-14,640287.0,651056.0,629517.0,633434.0,251120.0,45.15,006400,Samsung SDI,-0.028529099620266396,-9,0.08922611319846263,-0.01356137051878914,-0.014967729101477256,-0.08715451325800405,Samsung SDI,LG Energy Solution IPO
2022-01-17,632455.0,644203.0,624622.0,627560.0,263450.0,45.05,006400,Samsung SDI,-0.009273262881373645,-8,0.0791254331135165,-0.010890099660497254,0.0016168367791236093,-0.08553767647888044,Samsung SDI,LG Energy Solution IPO
2022-01-18,628538.0,667700.0,626580.0,660847.0,497674.0,45.14,006400,Samsung SDI,0.053041940212888106,-7,0.1363643398189307,-0.008947787273796748,0.061989727486684854,-0.02354794899219559,Samsung SDI,LG Energy Solution IPO
2022-01-19,661825.0,665741.0,645181.0,647140.0,327176.0,45.11,006400,Samsung SDI,-0.020741563478384517,-6,0.11279436673000376,-0.007666955283076704,-0.013074608195307813,-0.0366225571875034,Samsung SDI,LG Energy Solution IPO
2022-01-20,643224.0,677490.0,638328.0,673574.0,383862.0,45.19,006400,Samsung SDI,0.04084742095991589,-5,0.15824914666964718,0.007177336504496257,0.033670084455419635,-0.0029524727320837663,Samsung SDI,LG Energy Solution IPO
2022-01-21,672595.0,676511.0,654972.0,669658.0,267527.0,45.19,006400,Samsung SDI,-0.0058137635953882105,-4,0.1515153599463499,-0.00991728031075767,0.00410351671536946,0.0011510439832856934,Samsung SDI,LG Energy Solution IPO
2022-01-24,661825.0,670637.0,653014.0,667700.0,287978.0,45.21,006400,Samsung SDI,-0.0029238805479812058,-3,0.14814846658470104,-0.014920844373723208,0.011996963825742002,0.013148007809027695,Samsung SDI,LG Energy Solution IPO
2022-01-25,659868.0,661826.0,626580.0,628539.0,472994.0,45.09,006400,Samsung SDI,-0.05865059158304631,-2,0.08080887979434093,-0.02564828080229231,-0.033002310780753996,-0.0198543029717263,Samsung SDI,LG Energy Solution IPO
2022-01-26,632455.0,637350.0,619728.0,619728.0,336362.0,45.0,006400,Samsung SDI,-0.014018223212879377,-1,0.06565785966692173,-0.004098677027926212,-0.009919546184953165,-0.029773849156679466,Samsung SDI,LG Energy Solution IPO
2022-01-27,623643.0,632454.0,577628.0,581545.0,613410.0,45.03,006400,Samsung SDI,-0.061612513877055686,0,0.0,-0.034972907531263364,-0.02663960634579232,-0.05641345550247179,Samsung SDI,LG Energy Solution IPO
2022-01-28,575671.0,579587.0,540425.0,571755.0,892895.0,44.81,006400,Samsung SDI,-0.01683446680824352,1,-0.01683446680824352,0.01868433231720168,-0.0355187991254452,-0.09193225462791699,Samsung SDI,LG Energy Solution IPO
2022-02-03,576650.0,587419.0,567838.0,571755.0,547988.0,44.68,006400,Samsung SDI,0.0,2,-0.01683446680824352,0.016700834290777733,-0.016700834290777733,-0.10863308891869472,Samsung SDI,LG Energy Solution IPO
2022-02-04,567838.0,577629.0,561964.0,574692.0,449089.0,44.52,006400,Samsung SDI,0.005136815594091848,3,-0.011784126765770453,0.015673124506060176,-0.010536308911968328,-0.11916939783066305,Samsung SDI,LG Energy Solution IPO
2022-02-07,576649.0,577628.0,555111.0,556090.0,383906.0,44.49,006400,Samsung SDI,-0.03236864268164508,4,-0.04377133325881921,-0.001890730330950663,-0.030477912350694414,-0.14964731018135746,Samsung SDI,LG Energy Solution IPO
2022-02-08,551195.0,559027.0,534551.0,544342.0,680048.0,44.37,006400,Samsung SDI,-0.02112607671420097,5,-0.06397269342871148,0.0005136499748639167,-0.021639726689064887,-0.17128703687042235,Samsung SDI,LG Energy Solution IPO
2022-02-09,548257.0,561964.0,543362.0,554132.0,337376.0,44.35,006400,Samsung SDI,0.017985016772543716,6,-0.04713822662046785,0.008148641710996385,0.009836375061547331,-0.16145066180887502,Samsung SDI,LG Energy Solution IPO
2022-02-10,560985.0,567838.0,551194.0,557069.0,301211.0,44.29,006400,Samsung SDI,0.005300181184266561,7,-0.04208788657799478,0.0011123751738086884,0.004187806010457873,-0.15726285579841714,Samsung SDI,LG Energy Solution IPO
2022-02-11,545321.0,546300.0,533572.0,535531.0,373444.0,44.19,006400,Samsung SDI,-0.03866307405366298,8,-0.07912371355613068,-0.008737594383696479,-0.029925479669966504,-0.18718833546838365,Samsung SDI,LG Energy Solution IPO
2022-02-14,520845.0,528677.0,510075.0,514971.0,450734.0,44.13,006400,Samsung SDI,-0.03839180178178292,9,-0.11447781341082808,-0.015733101382605863,-0.022658700399177056,-0.2098470358675607,Samsung SDI,LG Energy Solution IPO
2022-02-15,513991.0,530635.0,513012.0,518887.0,236154.0,44.18,006400,Samsung SDI,0.007604311699105359,10,-0.10774402668753058,-0.010331006330237202,0.017935318029342562,-0.19191171783821814,Samsung SDI,LG Energy Solution IPO
2022-02-16,533572.0,536509.0,525739.0,528677.0,225575.0,44.13,006400,Samsung SDI,0.018867306369209524,11,-0.09090955987928706,0.019853990599804083,-0.000986684230594559,-0.1928984020688127,Samsung SDI,LG Energy Solution IPO
2022-02-17,531614.0,554132.0,530635.0,545321.0,399569.0,44.17,006400,Samsung SDI,0.03148236068525767,12,-0.06228924674788705,0.005279007063099028,0.026203353622158643,-0.16669504844665406,Samsung SDI,LG Energy Solution IPO
2022-02-18,535530.0,548258.0,535530.0,543363.0,182529.0,44.16,006400,Samsung SDI,-0.0035905457519516126,13,-0.0656561401095358,0.00015670039976822814,-0.0037472461517198408,-0.1704422945983739,Samsung SDI,LG Energy Solution IPO
2022-02-21,533572.0,543363.0,523782.0,541405.0,158128.0,44.23,006400,Samsung SDI,-0.0036034842269347944,14,-0.06902303347118455,-0.00026234095579547034,-0.003341143271139324,-0.17378343786951322,Samsung SDI,LG Energy Solution IPO
2022-02-22,526718.0,536509.0,524760.0,529656.0,201116.0,44.25,006400,Samsung SDI,-0.021700944764086016,15,-0.08922611319846274,-0.013488592463007598,-0.008212352301078418,-0.18199579017059164,Samsung SDI,LG Energy Solution IPO
2022-02-23,535530.0,541405.0,525740.0,537489.0,154629.0,44.26,006400,Samsung SDI,0.014788844079931085,16,-0.07575682019448193,0.0047066820846835,0.010082161995247585,-0.17191362817534406,Samsung SDI,LG Energy Solution IPO
2022-02-24,524761.0,526719.0,504201.0,505181.0,390542.0,44.15,006400,Samsung SDI,-0.060109137117224765,17,-0.1313122802190716,-0.026008170529466468,-0.0341009665877583,-0.20601459476310235,Samsung SDI,LG Energy Solution IPO
2022-02-25,515949.0,530635.0,513012.0,527698.0,255282.0,44.23,006400,Samsung SDI,0.04457214344957561,18,-0.09259300656011138,0.010555723346421075,0.03401642010315453,-0.17199817465994782,Samsung SDI,LG Energy Solution IPO
2022-02-28,521824.0,538468.0,518887.0,536510.0,253290.0,44.28,006400,Samsung SDI,0.016698945230036788,19,-0.07744026687530625,0.008375797606060997,0.00832314762397579,-0.16367502703597203,Samsung SDI,LG Energy Solution IPO
2022-03-02,547279.0,547279.0,530635.0,535531.0,283173.0,44.2,006400,Samsung SDI,-0.0018247562953159768,20,-0.07912371355613068,0.0016078957312961606,-0.0034326520266121374,-0.16710767906258417,Samsung SDI,LG Energy Solution IPO
2022-03-03,540426.0,543363.0,538468.0,539447.0,152596.0,44.21,006400,Samsung SDI,0.007312368471666497,21,-0.07238992683283318,0.016112327632124,-0.008799959160457504,-0.17590763822304167,Samsung SDI,LG Energy Solution IPO
2022-03-04,536509.0,536509.0,516929.0,516929.0,331919.0,44.07,006400,Samsung SDI,-0.04174274766566499,22,-0.11111092004917933,-0.012249370240400737,-0.029493377425264256,-0.20540101564830593,Samsung SDI,LG Energy Solution IPO
2022-03-07,503222.0,509096.0,494410.0,500285.0,347059.0,44.01,006400,Samsung SDI,-0.0321978453520696,23,-0.13973123318057934,-0.02289353327706989,-0.00930431207499971,-0.21470532772330564,Samsung SDI,LG Energy Solution IPO
2022-03-08,483641.0,493432.0,483152.0,486579.0,411686.0,43.93,006400,Samsung SDI,-0.027396384061085133,24,-0.16329948671212025,-0.01090404366143527,-0.016492340399649863,-0.2311976681229555,Samsung SDI,LG Energy Solution IPO
2022-03-10,501264.0,501264.0,488047.0,492453.0,432479.0,43.83,006400,Samsung SDI,0.012072037634176525,25,-0.1531988066271741,0.02208663819402079,-0.010014600559844267,-0.24121226868279977,Samsung SDI,LG Energy Solution IPO
2022-03-11,490494.0,496368.0,462592.0,470914.0,620502.0,43.57,006400,Samsung SDI,-0.043738184151584036,26,-0.19023635316269594,-0.007103629417382962,-0.036634554734201075,-0.27784682341700084,Samsung SDI,LG Energy Solution IPO
2022-03-14,463082.0,480705.0,452802.0,480705.0,666256.0,43.47,006400,Samsung SDI,0.02079148209651871,27,-0.1734001667970665,-0.005873113689653153,0.026664595786171863,-0.251182227630829,Samsung SDI,LG Energy Solution IPO
2022-03-15,471893.0,479236.0,468956.0,476789.0,281203.0,43.34,006400,Samsung SDI,-0.008146368354812195,28,-0.18013395352036388,-0.009116852191332847,0.0009704838365206525,-0.25021174379430833,Samsung SDI,LG Energy Solution IPO
2022-03-16,482173.0,489026.0,474830.0,487558.0,307970.0,43.33,006400,Samsung SDI,0.0225865110143062,29,-0.16161604003129593,0.014380914961873437,0.008205596052432762,-0.24200614774187557,Samsung SDI,LG Energy Solution IPO
2022-03-17,504201.0,506159.0,495389.0,497348.0,383030.0,43.32,006400,Samsung SDI,0.02007966231709868,30,-0.1447815732230524,0.013266998341625369,0.00681266397547331,-0.23519348376640226,Samsung SDI,LG Energy Solution IPO
2022-03-18,505180.0,505180.0,491473.0,493432.0,348053.0,43.15,006400,Samsung SDI,-0.007873762435960385,31,-0.1515153599463498,0.004642773639734088,-0.012516536075694473,-0.24771001984209673,Samsung SDI,LG Energy Solution IPO
2022-03-21,500285.0,504201.0,491473.0,493432.0,235852.0,43.13,006400,Samsung SDI,0.0,32,-0.1515153599463498,-0.007746525699847018,0.007746525699847018,-0.2399634941422497,Samsung SDI,LG Energy Solution IPO
2022-03-22,492452.0,500285.0,489515.0,498327.0,180511.0,43.14,006400,Samsung SDI,0.009920313234650369,33,-0.14309812654222798,0.008916438636659807,0.0010038745979905617,-0.23895961954425915,Samsung SDI,LG Energy Solution IPO
2022-03-23,504201.0,516929.0,502243.0,509097.0,397546.0,43.15,006400,Samsung SDI,0.02161231480533865,34,-0.12457849349577421,0.009243542435424468,0.012368772369914183,-0.22659084717434497,Samsung SDI,LG Energy Solution IPO
2022-03-24,510075.0,519866.0,504201.0,519866.0,330208.0,43.12,006400,Samsung SDI,0.021153139774934937,35,-0.10606058000670626,-0.0019707135152923216,0.02312385329022726,-0.2034669938841177,Samsung SDI,LG Energy Solution IPO
2022-03-25,530635.0,535530.0,524760.0,529656.0,435896.0,43.05,006400,Samsung SDI,0.018831775880707724,36,-0.08922611319846274,0.00011723071737868018,0.018714545163329044,-0.18475244872078866,Samsung SDI,LG Energy Solution IPO
2022-03-28,528677.0,528677.0,515949.0,521824.0,210424.0,43.07,006400,Samsung SDI,-0.014786956062047829,37,-0.10269368664505751,-0.00015384728093248423,-0.014633108781115345,-0.199385557501904,Samsung SDI,LG Energy Solution IPO
2022-03-29,528676.0,533572.0,521823.0,530635.0,220044.0,42.99,006400,Samsung SDI,0.016885003372784757,38,-0.08754266651763831,0.004216796846378212,0.012668206526406545,-0.18671735097549746,Samsung SDI,LG Energy Solution IPO
2022-03-30,540425.0,557069.0,539446.0,549237.0,565755.0,43.05,006400,Samsung SDI,0.03505611201673475,39,-0.055555460024589665,0.002068535280018269,0.032987576736716484,-0.15372977423878098,Samsung SDI,LG Energy Solution IPO
2022-03-31,552173.0,583503.0,550215.0,583503.0,669191.0,43.24,006400,Samsung SDI,0.062388367863053684,40,0.0033668933616486374,0.00397198133059562,0.058416386532458064,-0.09531338770632292,Samsung SDI,LG Energy Solution IPO
2022-04-01,577629.0,584482.0,572733.0,574692.0,353586.0,43.27,006400,Samsung SDI,-0.015100179433524819,41,-0.011784126765770453,-0.006454771272641602,-0.008645408160883217,-0.10395879586720613,Samsung SDI,LG Energy Solution IPO
2022-04-04,563922.0,574692.0,550216.0,572734.0,321355.0,43.26,006400,Samsung SDI,-0.003407042380962344,42,-0.015151020127419201,0.006587951895176802,-0.009994994276139146,-0.11395379014334528,Samsung SDI,LG Energy Solution IPO
2022-04-05,582523.0,596230.0,578607.0,587419.0,365373.0,43.31,006400,Samsung SDI,0.025640175020166467,43,0.010100680084946134,0.0004713731462342441,0.025168801873932223,-0.08878498826941306,Samsung SDI,LG Energy Solution IPO
2022-04-06,577628.0,592314.0,577628.0,585461.0,241250.0,43.33,006400,Samsung SDI,-0.0033332255170500646,44,0.006733786723297497,-0.0087597854450564,0.005426559928006336,-0.08335842834140672,Samsung SDI,LG Energy Solution IPO
2022-04-07,578608.0,579587.0,565880.0,570776.0,256487.0,43.34,006400,Samsung SDI,-0.025082798000208406,45,-0.01851791348906795,-0.014321597934940367,-0.01076120006526804,-0.09411962840667476,Samsung SDI,LG Energy Solution IPO
2022-04-08,574691.0,592314.0,573712.0,588398.0,262685.0,43.39,006400,Samsung SDI,0.030873757831443527,46,0.011784126765770564,0.0016803543210699434,0.029193403510373583,-0.06492622489630118,Samsung SDI,LG Energy Solution IPO
2022-04-11,582524.0,583503.0,568817.0,572734.0,238193.0,43.34,006400,Samsung SDI,-0.02662143651066118,47,-0.015151020127419201,-0.00269961005632513,-0.023921826454336048,-0.08884805135063722,Samsung SDI,LG Energy Solution IPO
2022-04-12,560985.0,569797.0,557069.0,564902.0,305389.0,43.31,006400,Samsung SDI,-0.013674760010755405,48,-0.028618593574014084,-0.009780550295198753,-0.0038942097155566513,-0.09274226106619388,Samsung SDI,LG Energy Solution IPO
2022-04-13,563922.0,588398.0,562943.0,586440.0,370416.0,43.19,006400,Samsung SDI,0.03812696715536501,49,0.008417233404121705,0.01864809731659367,0.01947886983877134,-0.07326339122742254,Samsung SDI,LG Energy Solution IPO
2022-04-14,589377.0,607000.0,584482.0,607000.0,541726.0,43.15,006400,Samsung SDI,0.03505900006820828,50,0.04377133325881921,8.098686172242076e-05,0.03497801320648586,-0.03828537802093668,Samsung SDI,LG Energy Solution IPO
2022-04-15,594272.0,607000.0,593293.0,600147.0,234901.0,43.06,006400,Samsung SDI,-0.011289950576606311,51,0.03198720649304865,-0.00760110574923345,-0.0036888448273728613,-0.04197422284830954,Samsung SDI,LG Energy Solution IPO
2022-04-18,594272.0,603083.0,587418.0,588398.0,168767.0,43.08,006400,Samsung SDI,-0.019576870333435026,52,0.011784126765770564,-0.001057098135798129,-0.018519772197636897,-0.060493995045946436,Samsung SDI,LG Energy Solution IPO
2022-04-19,593293.0,601126.0,592314.0,597210.0,120314.0,42.99,006400,Samsung SDI,0.014976257567156814,53,0.02693686645057558,0.00953509009694753,0.005441167470209285,-0.05505282757573715,Samsung SDI,LG Energy Solution IPO
2022-04-20,597210.0,599168.0,587419.0,594273.0,174911.0,43.04,006400,Samsung SDI,-0.004917868086602661,54,0.021886526408102513,-7.35594305028009e-05,-0.0048443086560998605,-0.05989713623183701,Samsung SDI,LG Energy Solution IPO
2022-04-21,598189.0,609937.0,596230.0,597210.0,179070.0,43.05,006400,Samsung SDI,0.0049421730416827625,55,0.02693686645057558,0.0035016864740002873,0.0014404865676824752,-0.058456649664154536,Samsung SDI,LG Energy Solution IPO
2022-04-22,590356.0,592314.0,577628.0,583503.0,202552.0,43.01,006400,Samsung SDI,-0.022951725523685185,56,0.0033668933616486374,-0.00861370642289272,-0.014338019100792465,-0.072794668764947,Samsung SDI,LG Energy Solution IPO
2022-04-25,570776.0,575671.0,560985.0,565881.0,252942.0,43.12,006400,Samsung SDI,-0.030200358867049526,57,-0.026935146893189654,-0.01759153476712838,-0.012608824099921145,-0.08540349286486815,Samsung SDI,LG Energy Solution IPO
2022-04-26,568818.0,577629.0,567839.0,568818.0,147495.0,43.13,006400,Samsung SDI,0.005190137148976648,58,-0.021884806850716587,0.004207547240819842,0.0009825899081568057,-0.08442090295671134,Samsung SDI,LG Energy Solution IPO
2022-04-27,548258.0,578608.0,548258.0,577629.0,269989.0,43.13,006400,Samsung SDI,0.01549001613872969,59,-0.006733786723297386,-0.010961994670784181,0.02645201080951387,-0.05796889214719747,Samsung SDI,LG Energy Solution IPO
2022-04-28,595251.0,595251.0,570775.0,585461.0,307720.0,43.16,006400,Samsung SDI,0.013558876025961286,60,0.006733786723297497,0.010772775154789915,0.002786100871171371,-0.0551827912760261,Samsung SDI,LG Energy Solution IPO
2022-04-29,591335.0,614832.0,587419.0,598189.0,411296.0,43.29,006400,Samsung SDI,0.021740132989217065,61,0.02862031313140001,0.010331810053646029,0.011408322935571036,-0.043774468340455064,Samsung SDI,LG Energy Solution IPO
2022-05-02,591335.0,600147.0,588398.0,598189.0,198941.0,43.31,006400,Samsung SDI,0.0,62,0.02862031313140001,-0.0028199847869243566,0.0028199847869243566,-0.04095448355353071,Samsung SDI,LG Energy Solution IPO
2021-10-25,250415.0,252874.0,244019.0,252383.0,317029.0,24.87,096770,SK Innovation,,-67,0.19025565810385725,,,0.0,SK Innovation,LG Energy Solution IPO
2021-10-26,254842.0,258286.0,251399.0,252875.0,280709.0,24.94,096770,SK Innovation,0.0019494181462300642,-66,0.19257596408241806,0.009448641633615251,-0.007499223487385187,-0.007499223487385187,SK Innovation,LG Energy Solution IPO
2021-10-27,251890.0,252382.0,246479.0,246971.0,216994.0,24.91,096770,SK Innovation,-0.02334750370736527,-65,0.164732292339689,-0.0077367599407034415,-0.015610743766661828,-0.023109967254047015,SK Innovation,LG Energy Solution IPO
2021-10-28,246479.0,248939.0,239592.0,239592.0,389768.0,24.86,096770,SK Innovation,-0.029878001870665027,-64,0.1299324187303399,-0.005268568066660095,-0.024609433804004932,-0.04771940105805195,SK Innovation,LG Energy Solution IPO
2021-10-29,240083.0,245495.0,238116.0,238608.0,429114.0,24.84,096770,SK Innovation,-0.004106981869177573,-63,0.1252918067732185,-0.012915552158960786,0.008808570289783213,-0.038910830768268734,SK Innovation,LG Energy Solution IPO
2021-11-01,238607.0,243035.0,234180.0,235656.0,332140.0,24.8,096770,SK Innovation,-0.012371756185878047,-62,0.11136997090185385,0.0027805081664804554,-0.015152264352358502,-0.054063095120627236,SK Innovation,LG Energy Solution IPO
2021-11-02,237132.0,249430.0,237132.0,244512.0,432838.0,24.96,096770,SK Innovation,0.03758020164986253,-61,0.15313547851594733,0.011598085224945764,0.025982116424916768,-0.028080978695710468,SK Innovation,LG Energy Solution IPO
2021-11-03,245003.0,245987.0,239100.0,239592.0,194279.0,24.94,096770,SK Innovation,-0.02012171181782485,-60,0.1299324187303399,-0.01253695880855743,-0.00758475300926742,-0.03566573170497789,SK Innovation,LG Energy Solution IPO
2021-11-04,241559.0,244511.0,234180.0,235656.0,333635.0,24.86,096770,SK Innovation,-0.016427927476710402,-59,0.11136997090185385,0.002523767437014879,-0.01895169491372528,-0.05461742661870317,SK Innovation,LG Energy Solution IPO
2021-11-05,238115.0,238115.0,228276.0,229752.0,498716.0,24.78,096770,SK Innovation,-0.02505346776657502,-58,0.0835262991591248,-0.004676155295284867,-0.020377312471290154,-0.07499473908999332,SK Innovation,LG Energy Solution IPO
2021-11-08,231719.0,232211.0,226308.0,230244.0,311837.0,24.79,096770,SK Innovation,0.0021414394651624313,-57,0.0858466051376856,-0.0030546228534287234,0.005196062318591155,-0.06979867677140217,SK Innovation,LG Energy Solution IPO
2021-11-09,229751.0,232211.0,226308.0,228768.0,299168.0,24.8,096770,SK Innovation,-0.006410590503987068,-56,0.0788856872020034,0.0007634619282481658,-0.007174052432235234,-0.0769727292036374,SK Innovation,LG Energy Solution IPO
2021-11-10,226308.0,227292.0,220405.0,220897.0,395045.0,24.78,096770,SK Innovation,-0.034406035809204094,-55,0.04176550761409348,-0.01089972522835747,-0.023506310580846623,-0.10047903978448403,SK Innovation,LG Energy Solution IPO
2021-11-11,220896.0,226308.0,218437.0,218929.0,345213.0,24.78,096770,SK Innovation,-0.008909129594335874,-54,0.03248428369985046,-0.001791704918144732,-0.007117424676191142,-0.10759646446067517,SK Innovation,LG Energy Solution IPO
2021-11-12,222373.0,225324.0,218929.0,222865.0,321692.0,24.85,096770,SK Innovation,0.017978431363592673,-53,0.0510467315283365,0.015002119716094775,0.002976311647497898,-0.10462015281317727,SK Innovation,LG Energy Solution IPO
2021-11-15,223848.0,226307.0,220896.0,224832.0,218285.0,24.85,096770,SK Innovation,0.00882597087923176,-52,0.06032323937351736,0.010347615198059712,-0.0015216443188279527,-0.10614179713200522,SK Innovation,LG Energy Solution IPO
2021-11-16,225323.0,228766.0,222864.0,225324.0,232765.0,24.88,096770,SK Innovation,0.0021883005977796355,-51,0.06264354535207817,-0.0007701232197151464,0.002958423817494782,-0.10318337331451044,SK Innovation,LG Energy Solution IPO
2021-11-17,227292.0,227292.0,218437.0,218929.0,364413.0,24.83,096770,SK Innovation,-0.028381353073795967,-50,0.03248428369985046,-0.011607461605960157,-0.01677389146783581,-0.11995726478234625,SK Innovation,LG Energy Solution IPO
2021-11-18,218928.0,218928.0,214501.0,214993.0,297071.0,24.8,096770,SK Innovation,-0.017978431363592784,-49,0.013921835871364419,-0.0050769303474861305,-0.012901501016106653,-0.1328587657984529,SK Innovation,LG Energy Solution IPO
2021-11-19,214500.0,218436.0,213025.0,213025.0,279718.0,24.8,096770,SK Innovation,-0.009153786402347985,-48,0.004640611957121399,0.008020682775889076,-0.017174469178237062,-0.15003323497668997,SK Innovation,LG Energy Solution IPO
2021-11-22,211057.0,215977.0,210073.0,215977.0,292298.0,24.83,096770,SK Innovation,0.013857528459101154,-47,0.01856244782848604,0.014213973652146494,-0.0003564451930453405,-0.1503896801697353,SK Innovation,LG Energy Solution IPO
2021-11-23,213517.0,219912.0,212532.0,215977.0,267355.0,24.85,096770,SK Innovation,0.0,-46,0.01856244782848604,-0.005283331950551751,0.005283331950551751,-0.14510634821918356,SK Innovation,LG Energy Solution IPO
2021-11-24,215976.0,217944.0,214500.0,215485.0,179712.0,24.84,096770,SK Innovation,-0.00227802034475888,-45,0.01624214184992523,-0.0010142360033763564,-0.0012637843413825234,-0.14637013256056608,SK Innovation,LG Energy Solution IPO
2021-11-25,215485.0,221388.0,212041.0,216469.0,263446.0,24.87,096770,SK Innovation,0.004566443139893739,-44,0.02088275380704685,-0.004682245206710123,0.009248688346603862,-0.13712144421396222,SK Innovation,LG Energy Solution IPO
2021-11-26,216468.0,216468.0,205153.0,205645.0,637053.0,24.73,096770,SK Innovation,-0.05000254077951116,-43,-0.03016397772128976,-0.01470672120311245,-0.03529581957639871,-0.17241726379036093,SK Innovation,LG Energy Solution IPO
2021-11-29,199742.0,203677.0,196790.0,201218.0,553228.0,24.76,096770,SK Innovation,-0.021527389433246613,-42,-0.05104201545927434,-0.009235673128005328,-0.012291716305241285,-0.18470898009560222,SK Innovation,LG Energy Solution IPO
2021-11-30,202201.0,204169.0,191378.0,191378.0,794341.0,24.76,096770,SK Innovation,-0.048902185689153055,-41,-0.09744813503048944,-0.024167159336202282,-0.024735026352950773,-0.209444006448553,SK Innovation,LG Energy Solution IPO
2021-12-01,191378.0,198757.0,189902.0,195314.0,500021.0,24.8,096770,SK Innovation,0.020566627303033824,-40,-0.0788856872020034,0.021384214919989653,-0.0008175876169558283,-0.21026159406550882,SK Innovation,LG Energy Solution IPO
2021-12-02,191870.0,201217.0,191378.0,200726.0,346188.0,24.83,096770,SK Innovation,0.027709227193135177,-39,-0.05336232143783515,0.015708413226104723,0.012000813967030455,-0.19826078009847836,SK Innovation,LG Energy Solution IPO
2021-12-03,203185.0,204661.0,198266.0,201218.0,224670.0,24.83,096770,SK Innovation,0.002451102497932567,-38,-0.05104201545927434,0.007829502897866769,-0.005378400399934202,-0.20363918049841256,SK Innovation,LG Energy Solution IPO
2021-12-06,201218.0,202693.0,196298.0,201218.0,240809.0,24.82,096770,SK Innovation,0.0,-37,-0.05104201545927434,0.001657497650193962,-0.001657497650193962,-0.20529667814860653,SK Innovation,LG Energy Solution IPO
2021-12-07,201709.0,203185.0,197282.0,199742.0,286835.0,24.8,096770,SK Innovation,-0.007335327853372986,-36,-0.05800293339495666,0.006212057512822611,-0.013547385366195597,-0.21884406351480212,SK Innovation,LG Energy Solution IPO
2021-12-08,202694.0,209089.0,201710.0,204170.0,551897.0,24.71,096770,SK Innovation,0.022168597490763053,-35,-0.03712017958790992,0.0033692992659741794,0.018799298224788874,-0.20004476529001325,SK Innovation,LG Energy Solution IPO
2021-12-09,205152.0,209087.0,202693.0,204661.0,421100.0,24.61,096770,SK Innovation,0.002404858696184453,-34,-0.03480458967841127,0.009251115997068515,-0.006846257300884062,-0.2068910225908973,SK Innovation,LG Energy Solution IPO
2021-12-10,205153.0,216468.0,203677.0,214009.0,725002.0,24.38,096770,SK Innovation,0.04567553173296335,-33,0.00928122391424302,-0.006383744227728694,0.05205927596069204,-0.15483174663020527,SK Innovation,LG Energy Solution IPO
2021-12-13,214992.0,217944.0,212041.0,213025.0,352896.0,24.1,096770,SK Innovation,-0.004597937469919544,-32,0.004640611957121399,-0.002846958538051947,-0.0017509789318675972,-0.15658272556207287,SK Innovation,LG Energy Solution IPO
2021-12-14,211056.0,214008.0,208105.0,208105.0,256481.0,24.07,096770,SK Innovation,-0.02309588076516844,-31,-0.01856244782848604,-0.0045674726651253605,-0.01852840810004308,-0.17511113366211595,SK Innovation,LG Energy Solution IPO
2021-12-15,209088.0,210072.0,205153.0,206629.0,205707.0,24.06,096770,SK Innovation,-0.00709257346051273,-30,-0.02552336576416825,0.00048193577536448373,-0.007574509235877214,-0.18268564289799316,SK Innovation,LG Energy Solution IPO
2021-12-16,208596.0,227292.0,208596.0,223849.0,1287567.0,24.13,096770,SK Innovation,0.08333776962575445,-29,0.055687343485457896,0.005693469236198734,0.07764430038955572,-0.10504134250843744,SK Innovation,LG Energy Solution IPO
2021-12-17,222864.0,231719.0,220896.0,226308.0,729857.0,23.99,096770,SK Innovation,0.010985083694812214,-28,0.06728415730919957,0.003765288167615344,0.0072197955271968706,-0.09782154698124057,SK Innovation,LG Energy Solution IPO
2021-12-20,222864.0,226308.0,214501.0,214501.0,531032.0,23.8,096770,SK Innovation,-0.05217226081269777,-27,0.01160152989280383,-0.018136148694548604,-0.034036112118149164,-0.13185765909938973,SK Innovation,LG Energy Solution IPO
2021-12-21,215976.0,216468.0,210564.0,212041.0,348934.0,23.73,096770,SK Innovation,-0.011468478002433558,-26,0.0,0.004060074249071954,-0.015528552251505512,-0.14738621135089525,SK Innovation,LG Energy Solution IPO
2021-12-22,213024.0,214500.0,208105.0,209089.0,259229.0,23.7,096770,SK Innovation,-0.01392183587136453,-25,-0.01392183587136453,0.0031764385569219566,-0.017098274428286486,-0.16448448577918173,SK Innovation,LG Energy Solution IPO
2021-12-23,212041.0,215484.0,211056.0,213025.0,249645.0,23.75,096770,SK Innovation,0.01882451970213639,-24,0.004640611957121399,0.004587063743097586,0.014237455959038803,-0.15024702982014293,SK Innovation,LG Energy Solution IPO
2021-12-24,214501.0,224340.0,213517.0,219913.0,393294.0,23.73,096770,SK Innovation,0.03233423307123573,-23,0.03712489565697208,0.004756234636461576,0.027577998434774154,-0.12266903138536878,SK Innovation,LG Energy Solution IPO
2021-12-27,219913.0,227292.0,217945.0,220405.0,324381.0,23.58,096770,SK Innovation,0.0022372483663994913,-22,0.03944520163553267,-0.0042756180226593,0.006512866389058791,-0.11615616499630999,SK Innovation,LG Energy Solution IPO
2021-12-28,220405.0,224832.0,219913.0,222373.0,441452.0,23.54,096770,SK Innovation,0.008929017036818587,-21,0.04872642554977569,0.006897701321864735,0.002031315714953852,-0.11412484928135613,SK Innovation,LG Energy Solution IPO
2021-12-29,223356.0,236147.0,219420.0,235164.0,692109.0,23.48,096770,SK Innovation,0.05752047235950397,-20,0.10904966492329304,-0.008923131936534823,0.0664436042960388,-0.04768124498531734,SK Innovation,LG Energy Solution IPO
2021-12-30,235163.0,242051.0,229752.0,234672.0,657784.0,23.36,096770,SK Innovation,-0.0020921569628004066,-19,0.10672935894473246,-0.005225019961313415,0.0031328629985130085,-0.04454838198680433,SK Innovation,LG Energy Solution IPO
2022-01-03,238116.0,248447.0,238116.0,244020.0,603727.0,23.35,096770,SK Innovation,0.03983432194722858,-18,0.15081517253738674,0.0037344886067871563,0.03609983334044142,-0.008448548646362908,SK Innovation,LG Energy Solution IPO
2022-01-04,244511.0,250906.0,243527.0,249431.0,746831.0,23.34,096770,SK Innovation,0.022174411933448157,-17,0.17633382223249283,0.00015725532576937873,0.02201715660767878,0.01356860796131587,SK Innovation,LG Energy Solution IPO
2022-01-05,246479.0,254842.0,246479.0,246971.0,577290.0,23.42,096770,SK Innovation,-0.0098624469292109,-16,0.164732292339689,-0.011798985695360642,0.0019365387661497424,0.015505146727465613,SK Innovation,LG Energy Solution IPO
2022-01-06,240576.0,250415.0,240084.0,243528.0,542988.0,23.54,096770,SK Innovation,-0.013940908041834899,-15,0.14849486655882593,-0.011320358703710509,-0.0026205493381243894,0.012884597389341224,SK Innovation,LG Energy Solution IPO
2022-01-07,245987.0,248939.0,240576.0,243036.0,448004.0,23.68,096770,SK Innovation,-0.0020203015669656432,-14,0.14617456058026512,0.011764987861792031,-0.013785289428757674,-0.0009006920394164508,SK Innovation,LG Energy Solution IPO
2022-01-10,244511.0,248447.0,240084.0,242052.0,274861.0,23.77,096770,SK Innovation,-0.004048782896361014,-13,0.14153394862314372,-0.009533349803207636,0.005484566906846622,0.004583874867430171,SK Innovation,LG Energy Solution IPO
2022-01-11,242543.0,244019.0,232212.0,237624.0,461397.0,23.88,096770,SK Innovation,-0.018293589807148902,-12,0.12065119481609687,0.00022550841898105745,-0.01851909822612996,-0.013935223358699789,SK Innovation,LG Energy Solution IPO
2022-01-12,243527.0,260746.0,243035.0,260255.0,1388443.0,23.94,096770,SK Innovation,0.09523869642797034,-11,0.22738055376082933,0.015406267720623923,0.07983242870734641,0.06589720534864663,SK Innovation,LG Energy Solution IPO
2022-01-13,264190.0,268126.0,261239.0,262223.0,1053311.0,23.93,096770,SK Innovation,0.007561814374363651,-10,0.23666177767507235,-0.0034953977823231064,0.011057212156686758,0.07695441750533338,SK Innovation,LG Energy Solution IPO
2022-01-14,257303.0,263698.0,255827.0,259271.0,560046.0,23.84,096770,SK Innovation,-0.011257593727476256,-9,0.2227399418037077,-0.01356137051878914,0.0023037767913128837,0.07925819429664627,SK Innovation,LG Energy Solution IPO
2022-01-17,259763.0,265666.0,257303.0,260747.0,473546.0,23.75,096770,SK Innovation,0.005692885050776919,-8,0.22970085973938992,-0.010890099660497254,0.016582984711274174,0.09584117900792044,SK Innovation,LG Energy Solution IPO
2022-01-18,261238.0,274029.0,259270.0,267634.0,1087499.0,23.72,096770,SK Innovation,0.02641257617537307,-7,0.26218042737017844,-0.008947787273796748,0.03536036344916982,0.13120154245709026,SK Innovation,LG Energy Solution IPO
2022-01-19,268618.0,273538.0,253859.0,257303.0,1068939.0,23.73,096770,SK Innovation,-0.03860122405972333,-6,0.2134587178894647,-0.007666955283076704,-0.030934268776646623,0.10026727368044364,SK Innovation,LG Energy Solution IPO
2022-01-20,259271.0,266650.0,254843.0,261239.0,861665.0,23.8,096770,SK Innovation,0.015297139947843652,-5,0.23202116571795073,0.007177336504496257,0.008119803443347395,0.10838707712379103,SK Innovation,LG Energy Solution IPO
2022-01-21,257302.0,258778.0,242543.0,247955.0,1069529.0,23.94,096770,SK Innovation,-0.05084998794207607,-4,0.16937290429681062,-0.00991728031075767,-0.0409327076313184,0.06745436949247263,SK Innovation,LG Energy Solution IPO
2022-01-24,242543.0,247463.0,239100.0,243528.0,539402.0,24.02,096770,SK Innovation,-0.017854046097074083,-3,0.14849486655882593,-0.014920844373723208,-0.0029332017233508756,0.06452116776912176,SK Innovation,LG Energy Solution IPO
2022-01-25,242543.0,243527.0,228276.0,230736.0,722840.0,24.13,096770,SK Innovation,-0.052527840741105725,-2,0.08816691111624642,-0.02564828080229231,-0.026879559938813413,0.03764160783030834,SK Innovation,LG Energy Solution IPO
2022-01-26,233687.0,237131.0,227292.0,228276.0,492385.0,24.08,096770,SK Innovation,-0.010661535261077604,-1,0.07656538122344259,-0.004098677027926212,-0.006562858233151392,0.03107874959715695,SK Innovation,LG Energy Solution IPO
2022-01-27,229260.0,231228.0,210073.0,212041.0,1319777.0,24.16,096770,SK Innovation,-0.07112004766160263,0,0.0,-0.034972907531263364,-0.03614714013033926,-0.00506839053318231,SK Innovation,LG Energy Solution IPO
2022-01-28,209089.0,217452.0,196297.0,212533.0,1531738.0,23.95,096770,SK Innovation,0.0023203059785608104,1,0.0023203059785608104,0.01868433231720168,-0.01636402633864087,-0.02143241687182318,SK Innovation,LG Energy Solution IPO
2022-02-03,219420.0,220896.0,213516.0,214993.0,674333.0,23.84,096770,SK Innovation,0.011574673109587597,2,0.013921835871364419,0.016700834290777733,-0.005126161181190136,-0.026558578053013315,SK Innovation,LG Energy Solution IPO
2022-02-04,214993.0,225816.0,214501.0,224341.0,613458.0,23.76,096770,SK Innovation,0.043480485411153014,3,0.05800764946401871,0.015673124506060176,0.027807360905092837,0.0012487828520795219,SK Innovation,LG Energy Solution IPO
2022-02-07,228276.0,228276.0,220897.0,222865.0,511902.0,23.75,096770,SK Innovation,-0.0065792699506554975,4,0.0510467315283365,-0.001890730330950663,-0.004688539619704835,-0.0034397567676253127,SK Innovation,LG Energy Solution IPO
2022-02-08,223848.0,223848.0,208597.0,210073.0,1103912.0,23.61,096770,SK Innovation,-0.05739797635339783,5,-0.00928122391424302,0.0005136499748639167,-0.057911626328261745,-0.06135138309588706,SK Innovation,LG Energy Solution IPO
2022-02-09,212041.0,213024.0,208596.0,212041.0,412717.0,23.61,096770,SK Innovation,0.009368172016394283,6,0.0,0.008148641710996385,0.0012195303053978979,-0.06013185279048916,SK Innovation,LG Energy Solution IPO
2022-02-10,213023.0,215483.0,206136.0,206137.0,631066.0,23.69,096770,SK Innovation,-0.027843671742728948,7,-0.027843671742728948,0.0011123751738086884,-0.028956046916537637,-0.0890878997070268,SK Innovation,LG Energy Solution IPO
2022-02-11,201709.0,207612.0,201709.0,203678.0,418337.0,23.63,096770,SK Innovation,-0.011928959866496558,8,-0.03944048556647062,-0.008737594383696479,-0.0031913654828000793,-0.09227926518982688,SK Innovation,LG Energy Solution IPO
2022-02-14,199742.0,203677.0,197282.0,201218.0,449664.0,23.65,096770,SK Innovation,-0.012077887646186669,9,-0.05104201545927434,-0.015733101382605863,0.003655213736419194,-0.08862405145340768,SK Innovation,LG Energy Solution IPO
2022-02-15,201216.0,203185.0,196790.0,197282.0,341960.0,23.57,096770,SK Innovation,-0.019560874275661222,10,-0.06960446328776038,-0.010331006330237202,-0.00922986794542402,-0.0978539193988317,SK Innovation,LG Energy Solution IPO
2022-02-16,202693.0,205645.0,199741.0,200234.0,392764.0,23.49,096770,SK Innovation,0.014963351953041881,11,-0.05568262741639585,0.019853990599804083,-0.004890638646762202,-0.1027445580455939,SK Innovation,LG Energy Solution IPO
2022-02-17,201709.0,212040.0,201217.0,208105.0,730231.0,23.54,096770,SK Innovation,0.03930900846010177,12,-0.01856244782848604,0.005279007063099028,0.03403000139700274,-0.06871455664859116,SK Innovation,LG Energy Solution IPO
2022-02-18,205153.0,210564.0,204661.0,207121.0,269296.0,23.54,096770,SK Innovation,-0.00472838230700845,13,-0.02320305978560755,0.00015670039976822814,-0.004885082706776678,-0.07359963935536784,SK Innovation,LG Energy Solution IPO
2022-02-21,202692.0,205644.0,199741.0,205153.0,253152.0,23.54,096770,SK Innovation,-0.009501692247526838,14,-0.03248428369985046,-0.00026234095579547034,-0.009239351291731368,-0.08283899064709921,SK Innovation,LG Energy Solution IPO
2022-02-22,200233.0,203677.0,197282.0,197774.0,412238.0,23.49,096770,SK Innovation,-0.03596827733447716,15,-0.06728415730919968,-0.013488592463007598,-0.022479684871469563,-0.10531867551856877,SK Innovation,LG Energy Solution IPO
2022-02-23,199249.0,200233.0,197282.0,198266.0,305320.0,23.45,096770,SK Innovation,0.0024876879670734375,16,-0.06496385133063887,0.0047066820846835,-0.0022189941176100625,-0.10753766963617883,SK Innovation,LG Energy Solution IPO
2022-02-24,195804.0,199249.0,189410.0,192362.0,637880.0,23.45,096770,SK Innovation,-0.029778176792793487,17,-0.09280752307336793,-0.026008170529466468,-0.0037700062633270193,-0.11130767589950585,SK Innovation,LG Energy Solution IPO
2022-02-25,196298.0,198757.0,192854.0,197774.0,363705.0,23.45,096770,SK Innovation,0.028134454829956024,18,-0.06728415730919968,0.010555723346421075,0.01757873148353495,-0.0937289444159709,SK Innovation,LG Energy Solution IPO
2022-02-28,197773.0,201216.0,195806.0,197282.0,443932.0,23.43,096770,SK Innovation,-0.0024876879670735486,19,-0.06960446328776038,0.008375797606060997,-0.010863485573134546,-0.10459242998910545,SK Innovation,LG Energy Solution IPO
2022-03-02,200234.0,205645.0,199250.0,204170.0,451349.0,23.41,096770,SK Innovation,0.034914487890431056,20,-0.03712017958790992,0.0016078957312961606,0.033306592159134896,-0.07128583782997056,SK Innovation,LG Energy Solution IPO
2022-03-03,214500.0,217944.0,208105.0,209089.0,450559.0,23.44,096770,SK Innovation,0.024092667874810125,21,-0.01392183587136453,0.016112327632124,0.007980340242686124,-0.06330549758728443,SK Innovation,LG Energy Solution IPO
2022-03-04,209580.0,211056.0,205153.0,208597.0,316066.0,23.39,096770,SK Innovation,-0.002353064962767104,22,-0.01624214184992523,-0.012249370240400737,0.009896305277633632,-0.0534091923096508,SK Innovation,LG Energy Solution IPO
2022-03-07,211549.0,214993.0,199742.0,202202.0,534430.0,23.2,096770,SK Innovation,-0.030657200247366956,23,-0.04640140350215294,-0.02289353327706989,-0.007763666970297067,-0.06117285927994787,SK Innovation,LG Energy Solution IPO
2022-03-08,198758.0,205645.0,196789.0,199250.0,396181.0,23.24,096770,SK Innovation,-0.014599262124014634,24,-0.06032323937351736,-0.01090404366143527,-0.003695218462579364,-0.06486807774252723,SK Innovation,LG Energy Solution IPO
2022-03-10,205153.0,205153.0,198266.0,199742.0,421559.0,23.21,096770,SK Innovation,0.002469259723964834,25,-0.05800293339495666,0.02208663819402079,-0.019617378470055957,-0.08448545621258319,SK Innovation,LG Energy Solution IPO
2022-03-11,200233.0,201217.0,193346.0,193838.0,462401.0,23.08,096770,SK Innovation,-0.029558129987684145,26,-0.0858466051376856,-0.007103629417382962,-0.022454500570301184,-0.10693995678288437,SK Innovation,LG Energy Solution IPO
2022-03-14,194328.0,197773.0,191870.0,192362.0,459764.0,23.17,096770,SK Innovation,-0.007614606011205227,27,-0.09280752307336793,-0.005873113689653153,-0.001741492321552074,-0.10868144910443645,SK Innovation,LG Energy Solution IPO
2022-03-15,192361.0,193345.0,185474.0,188426.0,321087.0,23.2,096770,SK Innovation,-0.020461421694513482,28,-0.11136997090185385,-0.009116852191332847,-0.011344569503180635,-0.12002601860761708,SK Innovation,LG Energy Solution IPO
2022-03-16,190886.0,196789.0,188426.0,195806.0,335856.0,23.18,096770,SK Innovation,0.039166569369407656,29,-0.07656538122344259,0.014380914961873437,0.02478565440753422,-0.09524036420008286,SK Innovation,LG Energy Solution IPO
2022-03-17,201217.0,202201.0,197774.0,197774.0,314406.0,23.19,096770,SK Innovation,0.010050764532241185,30,-0.06728415730919968,0.013266998341625369,-0.0032162338093841836,-0.09845659800946704,SK Innovation,LG Energy Solution IPO
2022-03-18,199249.0,200233.0,194329.0,196298.0,336090.0,23.12,096770,SK Innovation,-0.007463063901220535,31,-0.07424507524488189,0.004642773639734088,-0.012105837540954623,-0.11056243555042167,SK Innovation,LG Energy Solution IPO
2022-03-21,199250.0,205645.0,197773.0,202202.0,431769.0,23.19,096770,SK Innovation,0.030076720088844544,32,-0.04640140350215294,-0.007746525699847018,0.03782324578869156,-0.0727391897617301,SK Innovation,LG Energy Solution IPO
2022-03-22,203677.0,209580.0,202693.0,209089.0,447207.0,23.25,096770,SK Innovation,0.034059999406534036,33,-0.01392183587136453,0.008916438636659807,0.02514356076987423,-0.047595628991855876,SK Innovation,LG Energy Solution IPO
2022-03-23,213516.0,214008.0,204661.0,207121.0,411207.0,23.23,096770,SK Innovation,-0.009412259851068194,34,-0.02320305978560755,0.009243542435424468,-0.018655802286492662,-0.06625143127834854,SK Innovation,LG Energy Solution IPO
2022-03-24,207121.0,209580.0,203677.0,208105.0,303153.0,23.26,096770,SK Innovation,0.004750846123763308,35,-0.01856244782848604,-0.0019707135152923216,0.00672155963905563,-0.05952987163929291,SK Innovation,LG Energy Solution IPO
2022-03-25,210565.0,210565.0,200726.0,202694.0,513005.0,23.2,096770,SK Innovation,-0.026001297421974434,36,-0.04408109752359213,0.00011723071737868018,-0.026118528139353114,-0.08564839977864602,SK Innovation,LG Energy Solution IPO
2022-03-28,203185.0,208104.0,201217.0,206629.0,317625.0,23.3,096770,SK Innovation,0.019413500152939855,37,-0.02552336576416825,-0.00015384728093248423,0.01956734743387234,-0.06608105234477368,SK Innovation,LG Energy Solution IPO
2022-03-29,207612.0,209088.0,204661.0,206137.0,272219.0,23.32,096770,SK Innovation,-0.002381079132164454,38,-0.027843671742728948,0.004216796846378212,-0.006597875978542667,-0.07267892832331635,SK Innovation,LG Energy Solution IPO
2022-03-30,208596.0,211056.0,206629.0,208105.0,258959.0,23.32,096770,SK Innovation,0.009547048807346581,39,-0.01856244782848604,0.002068535280018269,0.007478513527328312,-0.06520041479598804,SK Innovation,LG Energy Solution IPO
2022-03-31,207613.0,214008.0,207613.0,211549.0,617053.0,23.39,096770,SK Innovation,0.01654933807452963,40,-0.0023203059785606994,0.00397198133059562,0.01257735674393401,-0.05262305805205403,SK Innovation,LG Energy Solution IPO
2022-04-01,210073.0,213516.0,208105.0,211549.0,304388.0,23.42,096770,SK Innovation,0.0,41,-0.0023203059785606994,-0.006454771272641602,0.006454771272641602,-0.046168286779412426,SK Innovation,LG Energy Solution IPO
2022-04-04,209089.0,213517.0,205645.0,213517.0,297775.0,23.44,096770,SK Innovation,0.009302809278228574,42,0.006960917935682209,0.006587951895176802,0.002714857383051772,-0.043453429396360654,SK Innovation,LG Energy Solution IPO
2022-04-05,214992.0,214992.0,210564.0,212041.0,262923.0,23.49,096770,SK Innovation,-0.006912798512530571,43,0.0,0.0004713731462342441,-0.007384171658764815,-0.05083760105512547,SK Innovation,LG Energy Solution IPO
2022-04-06,209579.0,209579.0,204661.0,206629.0,356825.0,23.47,096770,SK Innovation,-0.02552336576416825,44,-0.02552336576416825,-0.0087597854450564,-0.016763580319111848,-0.06760118137423732,SK Innovation,LG Energy Solution IPO
2022-04-07,201217.0,203185.0,197774.0,198266.0,432115.0,23.45,096770,SK Innovation,-0.040473505655062914,45,-0.06496385133063887,-0.014321597934940367,-0.026151907720122547,-0.09375308909435986,SK Innovation,LG Energy Solution IPO
2022-04-08,198758.0,203186.0,197774.0,203186.0,301754.0,23.5,096770,SK Innovation,0.024815147327327924,46,-0.04176079154503143,0.0016803543210699434,0.02313479300625798,-0.07061829608810188,SK Innovation,LG Energy Solution IPO
2022-04-11,200726.0,207120.0,200234.0,203186.0,264961.0,23.55,096770,SK Innovation,0.0,47,-0.04176079154503143,-0.00269961005632513,0.00269961005632513,-0.06791868603177675,SK Innovation,LG Energy Solution IPO
2022-04-12,201216.0,202201.0,196790.0,197282.0,286713.0,23.51,096770,SK Innovation,-0.02905712007717065,48,-0.06960446328776038,-0.009780550295198753,-0.019276569781971897,-0.08719525581374865,SK Innovation,LG Energy Solution IPO
2022-04-13,199250.0,202694.0,196297.0,202694.0,316387.0,23.5,096770,SK Innovation,0.027432811913910005,49,-0.04408109752359213,0.01864809731659367,0.008784714597316334,-0.07841054121643232,SK Innovation,LG Energy Solution IPO
2022-04-14,203677.0,205644.0,202201.0,205645.0,391975.0,23.54,096770,SK Innovation,0.014558891728418288,50,-0.03016397772128976,8.098686172242076e-05,0.014477904866695868,-0.06393263634973645,SK Innovation,LG Energy Solution IPO
2022-04-15,203186.0,206629.0,202202.0,204170.0,218599.0,23.63,096770,SK Innovation,-0.007172554645140883,51,-0.03712017958790992,-0.00760110574923345,0.00042855110409256714,-0.06350408524564388,SK Innovation,LG Energy Solution IPO
2022-04-18,204169.0,213516.0,202693.0,212533.0,568385.0,23.54,096770,SK Innovation,0.040960963902630265,52,0.0023203059785608104,-0.001057098135798129,0.042018062038428394,-0.021486023207215488,SK Innovation,LG Energy Solution IPO
2022-04-19,214009.0,216469.0,213025.0,216469.0,348739.0,23.64,096770,SK Innovation,0.018519476975340288,53,0.02088275380704685,0.00953509009694753,0.008984386878392758,-0.01250163632882273,SK Innovation,LG Energy Solution IPO
2022-04-20,215484.0,216468.0,212533.0,214501.0,274955.0,23.67,096770,SK Innovation,-0.009091371050820252,54,0.01160152989280383,-7.35594305028009e-05,-0.00901781162031745,-0.02151944794914018,SK Innovation,LG Energy Solution IPO
2022-04-21,215976.0,215976.0,212533.0,215485.0,243532.0,23.72,096770,SK Innovation,0.004587391200973512,55,0.01624214184992523,0.0035016864740002873,0.0010857047269732245,-0.020433743222166956,SK Innovation,LG Energy Solution IPO
2022-04-22,212041.0,215484.0,209581.0,214501.0,259796.0,23.72,096770,SK Innovation,-0.004566443139893739,56,0.01160152989280383,-0.00861370642289272,0.004047263282998981,-0.016386479939167975,SK Innovation,LG Energy Solution IPO
2022-04-25,209580.0,214008.0,208105.0,209089.0,341196.0,24.03,096770,SK Innovation,-0.02523065160535387,57,-0.01392183587136453,-0.01759153476712838,-0.00763911683822549,-0.024025596777393465,SK Innovation,LG Energy Solution IPO
2022-04-26,211057.0,214008.0,209581.0,211549.0,270196.0,24.06,096770,SK Innovation,0.011765324813835187,58,-0.0023203059785606994,0.004207547240819842,0.007557777573015345,-0.01646781920437812,SK Innovation,LG Energy Solution IPO
2022-04-27,203676.0,211056.0,203185.0,210565.0,314898.0,24.1,096770,SK Innovation,-0.004651404639114287,59,-0.006960917935682209,-0.010961994670784181,0.006310590031669894,-0.010157229172708226,SK Innovation,LG Energy Solution IPO
2022-04-28,212532.0,213024.0,208596.0,212041.0,252319.0,24.1,096770,SK Innovation,0.007009711965426435,60,0.0,0.010772775154789915,-0.0037630631893634803,-0.013920292362071707,SK Innovation,LG Energy Solution IPO
2022-04-29,214501.0,221389.0,201218.0,201710.0,1398623.0,23.94,096770,SK Innovation,-0.04872170948071364,61,-0.04872170948071364,0.010331810053646029,-0.059053519534359666,-0.07297381189643137,SK Innovation,LG Energy Solution IPO
2022-05-02,198758.0,201709.0,197774.0,200234.0,409876.0,23.94,096770,SK Innovation,-0.007317435922859605,62,-0.05568262741639585,-0.0028199847869243566,-0.004497451135935249,-0.07747126303236662,SK Innovation,LG Energy Solution IPO
,,,,,,,,,,-67,0.25672166128987817,,,0.0,Peer average,LG Energy Solution IPO
,,,,,,,,,,-66,0.26970806501985595,,,0.0007668251760530875,Peer average,LG Energy Solution IPO
,,,,,,,,,,-65,0.25993919624288697,,,0.0005003031186789908,Peer average,LG Energy Solution IPO
,,,,,,,,,,-64,0.25975584498446375,,,0.0041328276589654616,Peer average,LG Energy Solution IPO
,,,,,,,,,,-63,0.24382491438474885,,,0.00482743568442745,Peer average,LG Energy Solution IPO
,,,,,,,,,,-62,0.2308258722482112,,,-0.008667179378972286,Peer average,LG Energy Solution IPO
,,,,,,,,,,-61,0.24869045118100894,,,-0.004450961164139937,Peer average,LG Energy Solution IPO
,,,,,,,,,,-60,0.21583418670345833,,,-0.017018046373795743,Peer average,LG Energy Solution IPO
,,,,,,,,,,-59,0.2235872215971074,,,-0.013814964261046078,Peer average,LG Energy Solution IPO
,,,,,,,,,,-58,0.2143653740933653,,,-0.017401922631296547,Peer average,LG Energy Solution IPO
,,,,,,,,,,-57,0.2007688770925923,,,-0.024851608619974302,Peer average,LG Energy Solution IPO
,,,,,,,,,,-56,0.19960027051360063,,,-0.026824556309950582,Peer average,LG Energy Solution IPO
,,,,,,,,,,-55,0.17083343469467982,,,-0.04039741085501225,Peer average,LG Energy Solution IPO
,,,,,,,,,,-54,0.18038150343174322,,,-0.031228244994191412,Peer average,LG Energy Solution IPO
,,,,,,,,,,-53,0.19473630574036113,,,-0.033637183808311565,Peer average,LG Energy Solution IPO
,,,,,,,,,,-52,0.19459446210182252,,,-0.043586809888568445,Peer average,LG Energy Solution IPO
,,,,,,,,,,-51,0.2052921678388385,,,-0.034206064904187095,Peer average,LG Energy Solution IPO
,,,,,,,,,,-50,0.19198979370919197,,,-0.034613894245368614,Peer average,LG Energy Solution IPO
,,,,,,,,,,-49,0.19018859660532658,,,-0.03205810008590678,Peer average,LG Energy Solution IPO
,,,,,,,,,,-48,0.17389189636515975,,,-0.05348314801276296,Peer average,LG Energy Solution IPO
,,,,,,,,,,-47,0.17618443391881847,,,-0.06484363692028079,Peer average,LG Energy Solution IPO
,,,,,,,,,,-46,0.1574728916905531,,,-0.07447486673109904,Peer average,LG Energy Solution IPO
,,,,,,,,,,-45,0.15659655072113118,,,-0.07423270062342602,Peer average,LG Energy Solution IPO
,,,,,,,,,,-44,0.14535403008413442,,,-0.0784476940616045,Peer average,LG Energy Solution IPO
,,,,,,,,,,-43,0.11738008954703542,,,-0.08945993658600122,Peer average,LG Energy Solution IPO
,,,,,,,,,,-42,0.10325811527305621,,,-0.09343091870177496,Peer average,LG Energy Solution IPO
,,,,,,,,,,-41,0.06616864322398157,,,-0.10386466794222056,Peer average,LG Energy Solution IPO
,,,,,,,,,,-40,0.08827719758567347,,,-0.10444306653554865,Peer average,LG Energy Solution IPO
,,,,,,,,,,-39,0.09721325462595454,,,-0.11058516241970813,Peer average,LG Energy Solution IPO
,,,,,,,,,,-38,0.09645025133308138,,,-0.11877646958891257,Peer average,LG Energy Solution IPO
,,,,,,,,,,-37,0.09981771788052536,,,-0.11754339566855447,Peer average,LG Energy Solution IPO
,,,,,,,,,,-36,0.09029010793632226,,,-0.13233322244737392,Peer average,LG Energy Solution IPO
,,,,,,,,,,-35,0.12977135153362185,,,-0.10039440372082165,Peer average,LG Energy Solution IPO
,,,,,,,,,,-34,0.1272351246998451,,,-0.11155824678365733,Peer average,LG Energy Solution IPO
,,,,,,,,,,-33,0.1386664081789828,,,-0.09260213667423563,Peer average,LG Energy Solution IPO
,,,,,,,,,,-32,0.13265974799009683,,,-0.09500950586233019,Peer average,LG Energy Solution IPO
,,,,,,,,,,-31,0.09179981775447292,,,-0.12575825626118087,Peer average,LG Energy Solution IPO
,,,,,,,,,,-30,0.08338037797710503,,,-0.13392301833956977,Peer average,LG Energy Solution IPO
,,,,,,,,,,-29,0.12041898722300541,,,-0.10307599602822855,Peer average,LG Energy Solution IPO
,,,,,,,,,,-28,0.11822956045064137,,,-0.10842617621356206,Peer average,LG Energy Solution IPO
,,,,,,,,,,-27,0.06267386864087025,,,-0.14003380182177846,Peer average,LG Energy Solution IPO
,,,,,,,,,,-26,0.04610607874341888,,,-0.15961752872458748,Peer average,LG Energy Solution IPO
,,,,,,,,,,-25,0.024880340497257698,,,-0.18297981352718862,Peer average,LG Energy Solution IPO
,,,,,,,,,,-24,0.04215906690912289,,,-0.17068999841348861,Peer average,LG Energy Solution IPO
,,,,,,,,,,-23,0.0503725274879927,,,-0.167355977784419,Peer average,LG Energy Solution IPO
,,,,,,,,,,-22,0.05049660908351291,,,-0.16269810968418982,Peer average,LG Energy Solution IPO
,,,,,,,,,,-21,0.060250633080675874,,,-0.16033824371283276,Peer average,LG Energy Solution IPO
,,,,,,,,,,-20,0.084906947097881,,,-0.12820661184228146,Peer average,LG Energy Solution IPO
,,,,,,,,,,-19,0.07253992230042179,,,-0.1346016887286756,Peer average,LG Energy Solution IPO
,,,,,,,,,,-18,0.08606879329222772,,,-0.12597649969410965,Peer average,LG Energy Solution IPO
,,,,,,,,,,-17,0.10822151123687902,,,-0.10523135549500129,Peer average,LG Energy Solution IPO
,,,,,,,,,,-16,0.11472214746097016,,,-0.0868814789437028,Peer average,LG Energy Solution IPO
,,,,,,,,,,-15,0.12015042911225778,,,-0.07024219833999883,Peer average,LG Energy Solution IPO
,,,,,,,,,,-14,0.13185709495994127,,,-0.07178611893567044,Peer average,LG Energy Solution IPO
,,,,,,,,,,-13,0.11865783161158953,,,-0.07406445657991341,Peer average,LG Energy Solution IPO
,,,,,,,,,,-12,0.12649511445509223,,,-0.06751771099588004,Peer average,LG Energy Solution IPO
,,,,,,,,,,-11,0.20134038062776086,,,-0.016454358631928456,Peer average,LG Energy Solution IPO
,,,,,,,,,,-10,0.19852667179979022,,,-0.014659202759571036,Peer average,LG Energy Solution IPO
,,,,,,,,,,-9,0.16191218226848303,,,-0.03157860640305373,Peer average,LG Energy Solution IPO
,,,,,,,,,,-8,0.1559475620985098,,,-0.02607191015350026,Peer average,LG Energy Solution IPO
,,,,,,,,,,-7,0.17874989507396535,,,0.003231531569377425,Peer average,LG Energy Solution IPO
,,,,,,,,,,-6,0.13224829596605234,,,-0.02857504559300546,Peer average,LG Energy Solution IPO
,,,,,,,,,,-5,0.177084639648325,,,0.004912446015191992,Peer average,LG Energy Solution IPO
,,,,,,,,,,-4,0.1528643940919825,,,-0.005016045259335374,Peer average,LG Energy Solution IPO
,,,,,,,,,,-3,0.1322144443811757,,,-0.008068246558843861,Peer average,LG Energy Solution IPO
,,,,,,,,,,-2,0.07435805052210835,,,-0.033389030878015036,Peer average,LG Energy Solution IPO
,,,,,,,,,,-1,0.07691594368476624,,,-0.026630470334668588,Peer average,LG Energy Solution IPO
,,,,,,,,,,0,0.0,,,-0.06301018371789775,Peer average,LG Energy Solution IPO
,,,,,,,,,,1,0.011008940925624914,,,-0.07068557510947453,Peer average,LG Energy Solution IPO
,,,,,,,,,,2,0.03564114487896378,,,-0.06370554548944034,Peer average,LG Energy Solution IPO
,,,,,,,,,,3,0.05256631084477126,,,-0.06268053470227015,Peer average,LG Energy Solution IPO
,,,,,,,,,,4,0.018272127292024914,,,-0.09294648321335479,Peer average,LG Energy Solution IPO
,,,,,,,,,,5,-0.020592835835629614,,,-0.13111108254147674,Peer average,LG Energy Solution IPO
,,,,,,,,,,6,-0.015712742206822616,,,-0.13392373425637658,Peer average,LG Energy Solution IPO
,,,,,,,,,,7,0.004558333018775174,,,-0.11468175382398964,Peer average,LG Energy Solution IPO
,,,,,,,,,,8,-0.026953093696604813,,,-0.1369281909184704,Peer average,LG Energy Solution IPO
,,,,,,,,,,9,-0.05025524350314888,,,-0.14539062055635146,Peer average,LG Energy Solution IPO
,,,,,,,,,,10,-0.05255878627591667,,,-0.13742962619966737,Peer average,LG Energy Solution IPO
,,,,,,,,,,11,-0.025366794672331456,,,-0.12939365459344765,Peer average,LG Energy Solution IPO
,,,,,,,,,,12,-0.010557122235840192,,,-0.11771157740339726,Peer average,LG Energy Solution IPO
,,,,,,,,,,13,-0.01923721963717891,,,-0.12637042048948552,Peer average,LG Energy Solution IPO
,,,,,,,,,,14,-0.030557083865754803,,,-0.13736571387520377,Peer average,LG Energy Solution IPO
,,,,,,,,,,15,-0.0630990519178547,,,-0.15716945951431463,Peer average,LG Energy Solution IPO
,,,,,,,,,,16,-0.05838230034443918,,,-0.15668226933474239,Peer average,LG Energy Solution IPO
,,,,,,,,,,17,-0.10803993443081317,,,-0.18327377503221465,Peer average,LG Energy Solution IPO
,,,,,,,,,,18,-0.08389348085261188,,,-0.16655814291083795,Peer average,LG Energy Solution IPO
,,,,,,,,,,19,-0.07360507398878176,,,-0.16357832287328786,Peer average,LG Energy Solution IPO
,,,,,,,,,,20,-0.06880260919009003,,,-0.16005601308762826,Peer average,LG Energy Solution IPO
,,,,,,,,,,21,-0.05718588811451401,,,-0.16389819346912493,Peer average,LG Energy Solution IPO
,,,,,,,,,,22,-0.0834346271904119,,,-0.18008697343581206,Peer average,LG Energy Solution IPO
,,,,,,,,,,23,-0.11450322862102007,,,-0.19122923417475376,Peer average,LG Energy Solution IPO
,,,,,,,,,,24,-0.1330108540504038,,,-0.20145733197839066,Peer average,LG Energy Solution IPO
,,,,,,,,,,25,-0.1324224379308742,,,-0.22300435945594685,Peer average,LG Energy Solution IPO
,,,,,,,,,,26,-0.16743748883236761,,,-0.2567813073934794,Peer average,LG Energy Solution IPO
,,,,,,,,,,27,-0.1723424540005273,,,-0.25710912201437147,Peer average,LG Energy Solution IPO
,,,,,,,,,,28,-0.19061059775822556,,,-0.2706573026841194,Peer average,LG Energy Solution IPO
,,,,,,,,,,29,-0.17119708577343742,,,-0.26217595319007,Peer average,LG Energy Solution IPO
,,,,,,,,,,30,-0.1471913090845212,,,-0.24428333715205117,Peer average,LG Energy Solution IPO
,,,,,,,,,,31,-0.14164692102002804,,,-0.2409178188616257,Peer average,LG Energy Solution IPO
,,,,,,,,,,32,-0.13154602497463752,,,-0.22212217834540168,Peer average,LG Energy Solution IPO
,,,,,,,,,,33,-0.1168208617881374,,,-0.21501796855064625,Peer average,LG Energy Solution IPO
,,,,,,,,,,34,-0.10499822267849339,,,-0.20935471760022992,Peer average,LG Energy Solution IPO
,,,,,,,,,,35,-0.08471040818550128,,,-0.1836574786016445,Peer average,LG Energy Solution IPO
,,,,,,,,,,36,-0.09033737625161391,,,-0.18930328178507003,Peer average,LG Energy Solution IPO
,,,,,,,,,,37,-0.0902800010762993,,,-0.1895083938249175,Peer average,LG Energy Solution IPO
,,,,,,,,,,38,-0.08600309636001313,,,-0.1888905492577556,Peer average,LG Energy Solution IPO
,,,,,,,,,,39,-0.07115405671605257,,,-0.17481666700367923,Peer average,LG Energy Solution IPO
,,,,,,,,,,40,-0.042274088358642804,,,-0.14803163524396926,Peer average,LG Energy Solution IPO
,,,,,,,,,,41,-0.0522424611880011,,,-0.15224935486019683,Peer average,LG Energy Solution IPO
,,,,,,,,,,42,-0.04863167340817461,,,-0.15496000523385023,Peer average,LG Energy Solution IPO
,,,,,,,,,,43,-0.03488447275856987,,,-0.14031692968362286,Peer average,LG Energy Solution IPO
,,,,,,,,,,44,-0.049979040008159115,,,-0.1473488475051454,Peer average,LG Energy Solution IPO
,,,,,,,,,,45,-0.07810047898361812,,,-0.16242652059994955,Peer average,LG Energy Solution IPO
,,,,,,,,,,46,-0.056440309024780956,,,-0.1410394020302578,Peer average,LG Energy Solution IPO
,,,,,,,,,,47,-0.07361541263398626,,,-0.1567374136679626,Peer average,LG Energy Solution IPO
,,,,,,,,,,48,-0.09011806813425267,,,-0.16446879725828167,Peer average,LG Energy Solution IPO
,,,,,,,,,,49,-0.06216117875020599,,,-0.15268277679930842,Peer average,LG Energy Solution IPO
,,,,,,,,,,50,-0.04792323121426615,,,-0.13879846896949122,Peer average,LG Energy Solution IPO
,,,,,,,,,,51,-0.05908804021194828,,,-0.14318810750299324,Peer average,LG Energy Solution IPO
,,,,,,,,,,52,-0.05540781203604254,,,-0.13830330821046666,Peer average,LG Energy Solution IPO
,,,,,,,,,,53,-0.04253007193598379,,,-0.13467315345991515,Peer average,LG Energy Solution IPO
,,,,,,,,,,54,-0.04621436374669241,,,-0.13794395936150228,Peer average,LG Energy Solution IPO
,,,,,,,,,,55,-0.04407694258835767,,,-0.13958925643448514,Peer average,LG Energy Solution IPO
,,,,,,,,,,56,-0.06277008842337924,,,-0.15141401179938577,Peer average,LG Energy Solution IPO
,,,,,,,,,,57,-0.08137855709638146,,,-0.15229948052305853,Peer average,LG Energy Solution IPO
,,,,,,,,,,58,-0.08183886274637113,,,-0.15839978872826344,Peer average,LG Energy Solution IPO
,,,,,,,,,,59,-0.08489277040545222,,,-0.15224597618918642,Peer average,LG Energy Solution IPO
,,,,,,,,,,60,-0.056771797868190456,,,-0.1280848015671495,Peer average,LG Energy Solution IPO
,,,,,,,,,,61,-0.05642724140605537,,,-0.13612228984040461,Peer average,LG Energy Solution IPO
,,,,,,,,,,62,-0.05492241077259422,,,-0.1312456250560263,Peer average,LG Energy Solution IPO
2023-10-05,59100.0,67600.0,46450.0,51400.0,23416071.0,3.48,454910,Doosan Robotics,,0,0.0,-0.0008687736158857762,,0.0,Doosan Robotics,Doosan Robotics IPO
2023-10-06,49550.0,53400.0,49100.0,51800.0,6183396.0,3.16,454910,Doosan Robotics,0.0077821011673151474,1,0.0077821011673151474,0.0021342985521717317,0.005647802615143416,0.005647802615143416,Doosan Robotics,Doosan Robotics IPO
2023-10-10,51200.0,51300.0,46300.0,46650.0,4693925.0,2.61,454910,Doosan Robotics,-0.09942084942084939,2,-0.09241245136186771,-0.002553212688844342,-0.09686763673200505,-0.09121983411686163,Doosan Robotics,Doosan Robotics IPO
2023-10-11,47600.0,49100.0,45400.0,46900.0,3303330.0,2.64,454910,Doosan Robotics,0.005359056806002238,3,-0.08754863813229574,0.019770413472184112,-0.014411356666181874,-0.1056311907830435,Doosan Robotics,Doosan Robotics IPO
2023-10-12,47250.0,50200.0,46700.0,47800.0,4428666.0,2.65,454910,Doosan Robotics,0.019189765458422103,4,-0.07003891050583655,0.012138379154966517,0.007051386303455587,-0.09857980447958792,Doosan Robotics,Doosan Robotics IPO
2023-10-13,47550.0,47600.0,45700.0,45750.0,1714981.0,2.45,454910,Doosan Robotics,-0.042887029288702916,5,-0.1099221789883269,-0.00954504762442443,-0.033341981664278486,-0.1319217861438664,Doosan Robotics,Doosan Robotics IPO
2023-10-16,44650.0,44700.0,41300.0,41650.0,2296251.0,2.41,454910,Doosan Robotics,-0.08961748633879785,6,-0.18968871595330739,-0.008106182439997722,-0.08151130389880012,-0.21343309004266653,Doosan Robotics,Doosan Robotics IPO
2023-10-17,42450.0,44050.0,42000.0,42400.0,2108796.0,2.41,454910,Doosan Robotics,0.01800720288115243,7,-0.17509727626459148,0.009822513381276154,0.008184689499876274,-0.20524840054279025,Doosan Robotics,Doosan Robotics IPO
2023-10-18,42450.0,43500.0,41100.0,41100.0,1281198.0,2.44,454910,Doosan Robotics,-0.030660377358490587,8,-0.2003891050583657,0.0009877366198269844,-0.03164811397831757,-0.23689651452110783,Doosan Robotics,Doosan Robotics IPO
2023-10-19,40750.0,40750.0,38150.0,38250.0,1320711.0,2.42,454910,Doosan Robotics,-0.06934306569343063,9,-0.25583657587548636,-0.01900430439373013,-0.050338761299700496,-0.2872352758208083,Doosan Robotics,Doosan Robotics IPO
2023-10-20,37050.0,37400.0,35150.0,35500.0,1404496.0,2.37,454910,Doosan Robotics,-0.07189542483660127,10,-0.3093385214007782,-0.01688881529927977,-0.055006609537321505,-0.3422418853581298,Doosan Robotics,Doosan Robotics IPO
2023-10-23,34900.0,37250.0,34800.0,36000.0,1123104.0,2.42,454910,Doosan Robotics,0.014084507042253502,11,-0.2996108949416343,-0.007570526315789472,0.021655033358042974,-0.32058685200008685,Doosan Robotics,Doosan Robotics IPO
2023-10-24,36650.0,37050.0,34650.0,36150.0,787565.0,2.37,454910,Doosan Robotics,0.004166666666666652,12,-0.296692607003891,0.01123876759637188,-0.007072100929705227,-0.3276589529297921,Doosan Robotics,Doosan Robotics IPO
2023-10-25,36550.0,36600.0,35000.0,35100.0,504879.0,2.33,454910,Doosan Robotics,-0.02904564315352698,13,-0.31712062256809337,-0.008533633171247557,-0.020512009982279422,-0.3481709629120715,Doosan Robotics,Doosan Robotics IPO
2023-10-26,33800.0,34350.0,33200.0,33250.0,644789.0,2.31,454910,Doosan Robotics,-0.05270655270655267,14,-0.35311284046692604,-0.02712035105388111,-0.02558620165267156,-0.37375716456474306,Doosan Robotics,Doosan Robotics IPO
2023-10-27,33500.0,33650.0,32150.0,32300.0,608641.0,2.32,454910,Doosan Robotics,-0.02857142857142858,15,-0.3715953307392996,0.0016223880856691686,-0.03019381665709775,-0.4039509812218408,Doosan Robotics,Doosan Robotics IPO
2023-10-30,32300.0,41950.0,32150.0,41150.0,8438127.0,2.44,454910,Doosan Robotics,0.27399380804953566,16,-0.19941634241245132,0.0033611109904856384,0.27063269705905,-0.1333182841627908,Doosan Robotics,Doosan Robotics IPO
2023-10-31,40450.0,41000.0,36850.0,37250.0,3557781.0,2.27,454910,Doosan Robotics,-0.09477521263669497,17,-0.27529182879377434,-0.014091882885027496,-0.08068332975166748,-0.21400161391445827,Doosan Robotics,Doosan Robotics IPO
2023-11-01,37250.0,42250.0,37250.0,40200.0,5184793.0,2.42,454910,Doosan Robotics,0.07919463087248313,18,-0.2178988326848249,0.010346840855315564,0.06884779001716756,-0.1451538238972907,Doosan Robotics,Doosan Robotics IPO
2023-11-02,41000.0,43400.0,41000.0,41650.0,2616980.0,2.53,454910,Doosan Robotics,0.03606965174129351,19,-0.18968871595330739,0.018057317645423065,0.01801233409587044,-0.12714148980142026,Doosan Robotics,Doosan Robotics IPO
2023-11-03,43100.0,46250.0,41550.0,44800.0,4902547.0,2.6,454910,Doosan Robotics,0.07563025210084029,20,-0.12840466926070038,0.010763426542387933,0.06486682555845236,-0.0622746642429679,Doosan Robotics,Doosan Robotics IPO
2023-11-06,43900.0,48250.0,43350.0,46950.0,5550072.0,2.22,454910,Doosan Robotics,0.0479910714285714,21,-0.08657587548638135,0.05659238116148857,-0.008601309732917173,-0.07087597397588508,Doosan Robotics,Doosan Robotics IPO
2023-11-07,46950.0,47000.0,43800.0,46000.0,1823105.0,1.83,454910,Doosan Robotics,-0.020234291799786974,22,-0.10505836575875482,-0.023341871905433575,0.0031075801056466013,-0.06776839387023847,Doosan Robotics,Doosan Robotics IPO
2023-11-08,45950.0,48350.0,44650.0,47100.0,2999389.0,1.82,454910,Doosan Robotics,0.023913043478260843,23,-0.08365758754863817,-0.009140902469762291,0.03305394594802313,-0.03471444792221534,Doosan Robotics,Doosan Robotics IPO
2023-11-09,46600.0,48500.0,45800.0,47100.0,1803648.0,1.74,454910,Doosan Robotics,0.0,24,-0.08365758754863817,0.002254689009836497,-0.002254689009836497,-0.03696913693205184,Doosan Robotics,Doosan Robotics IPO
2023-11-10,46250.0,47850.0,45950.0,46850.0,940634.0,1.7,454910,Doosan Robotics,-0.005307855626326963,25,-0.08852140077821014,-0.007177348913097292,0.0018694932867703296,-0.03509964364528151,Doosan Robotics,Doosan Robotics IPO
2023-11-13,47600.0,48100.0,42850.0,43550.0,1527166.0,1.76,454910,Doosan Robotics,-0.07043756670224122,26,-0.15272373540856032,-0.0024484782085437695,-0.06798908849369745,-0.10308873213897896,Doosan Robotics,Doosan Robotics IPO
2023-11-14,43000.0,45250.0,42550.0,43400.0,1072622.0,1.69,454910,Doosan Robotics,-0.003444316877152742,27,-0.1556420233463035,0.012268279695144102,-0.015712596572296844,-0.1188013287112758,Doosan Robotics,Doosan Robotics IPO
2023-11-15,45100.0,48000.0,44150.0,46900.0,2827539.0,2.14,454910,Doosan Robotics,0.08064516129032251,28,-0.08754863813229574,0.02195417651289433,0.05869098477742818,-0.06011034393384762,Doosan Robotics,Doosan Robotics IPO
2023-11-16,48500.0,51300.0,48250.0,51100.0,4587796.0,2.25,454910,Doosan Robotics,0.08955223880597019,29,-0.005836575875486361,0.000607237791906412,0.08894500101406377,0.028834657080216153,Doosan Robotics,Doosan Robotics IPO
2023-11-17,50500.0,52400.0,48300.0,51400.0,2847700.0,1.79,454910,Doosan Robotics,0.005870841487279899,30,0.0,-0.007366830374008315,0.013237671861288214,0.04207232894150437,Doosan Robotics,Doosan Robotics IPO
2023-11-20,50800.0,61100.0,50200.0,58500.0,9112133.0,2.32,454910,Doosan Robotics,0.1381322957198443,31,0.1381322957198443,0.008644249650788582,0.12948804606905573,0.1715603750105601,Doosan Robotics,Doosan Robotics IPO
2023-11-21,58200.0,60700.0,57300.0,59600.0,3954875.0,2.62,454910,Doosan Robotics,0.018803418803418737,32,0.1595330739299612,0.0077151573538858376,0.011088261449532899,0.182648636460093,Doosan Robotics,Doosan Robotics IPO
2023-11-22,59600.0,69100.0,59300.0,63600.0,11265423.0,2.43,454910,Doosan Robotics,0.06711409395973145,33,0.23735408560311289,0.0005098748416598742,0.06660421911807157,0.24925285557816457,Doosan Robotics,Doosan Robotics IPO
2023-11-23,64000.0,69600.0,63100.0,64300.0,6850460.0,2.56,454910,Doosan Robotics,0.011006289308176154,34,0.2509727626459144,0.0012979257076881634,0.00970836360048799,0.25896121917865256,Doosan Robotics,Doosan Robotics IPO
2023-11-24,66500.0,75300.0,64700.0,74400.0,10028277.0,3.3,454910,Doosan Robotics,0.15707620528771393,35,0.44747081712062253,-0.007288386296402272,0.1643645915841162,0.42332581076276876,Doosan Robotics,Doosan Robotics IPO
2023-11-27,76700.0,89100.0,75100.0,80100.0,13405683.0,1.61,454910,Doosan Robotics,0.0766129032258065,36,0.5583657587548638,-0.0003885237299880995,0.0770014269557946,0.5003272377185634,Doosan Robotics,Doosan Robotics IPO
2023-11-28,80100.0,82900.0,74700.0,81800.0,7395597.0,1.34,454910,Doosan Robotics,0.02122347066167296,37,0.5914396887159532,0.010458155357701004,0.010765315303971956,0.5110925530225353,Doosan Robotics,Doosan Robotics IPO
2023-11-29,84600.0,94700.0,80900.0,82900.0,12924160.0,0.99,454910,Doosan Robotics,0.01344743276283622,38,0.6128404669260701,-0.0007732694625977032,0.014220702225433923,0.5253132552479692,Doosan Robotics,Doosan Robotics IPO
2023-11-30,84000.0,92900.0,84000.0,92900.0,6996550.0,1.93,454910,Doosan Robotics,0.12062726176115812,39,0.8073929961089494,0.006143320329707436,0.11448394143145069,0.6397971966794199,Doosan Robotics,Doosan Robotics IPO
2023-12-01,95100.0,97900.0,88000.0,88800.0,5690146.0,0.84,454910,Doosan Robotics,-0.04413347685683533,40,0.727626459143969,-0.011943406868642148,-0.03219006998819318,0.6076071266912267,Doosan Robotics,Doosan Robotics IPO
2023-12-04,84700.0,86300.0,78900.0,79900.0,3964221.0,1.16,454910,Doosan Robotics,-0.10022522522522526,41,0.5544747081712063,0.003968048031744331,-0.10419327325696959,0.5034138534342572,Doosan Robotics,Doosan Robotics IPO
2023-12-05,80900.0,86000.0,79000.0,81700.0,4298999.0,1.48,454910,Doosan Robotics,0.02252816020025028,42,0.5894941634241244,-0.0082188512694088,0.03074701146965908,0.5341608649039162,Doosan Robotics,Doosan Robotics IPO
2023-12-06,80100.0,89700.0,76900.0,89100.0,5607749.0,2.21,454910,Doosan Robotics,0.09057527539779686,43,0.7334630350194553,0.000441009028657513,0.09013426636913935,0.6242951312730556,Doosan Robotics,Doosan Robotics IPO
2023-12-07,87200.0,90900.0,82100.0,82200.0,3144097.0,1.63,454910,Doosan Robotics,-0.07744107744107742,44,0.5992217898832686,-0.0013264512819690655,-0.07611462615910836,0.5481805051139472,Doosan Robotics,Doosan Robotics IPO
2023-12-08,84200.0,88900.0,83200.0,85300.0,3354779.0,1.63,454910,Doosan Robotics,0.03771289537712885,45,0.6595330739299612,0.010344813749212367,0.027368081627916485,0.5755485867418637,Doosan Robotics,Doosan Robotics IPO
2023-12-11,87500.0,91700.0,87100.0,89300.0,3639528.0,2.37,454910,Doosan Robotics,0.04689331770222749,46,0.7373540856031129,0.002982703497031336,0.04391061420519615,0.6194592009470599,Doosan Robotics,Doosan Robotics IPO
2023-12-12,90000.0,91200.0,86600.0,90100.0,2307460.0,2.32,454910,Doosan Robotics,0.008958566629339249,47,0.7529182879377432,0.0039241929863464975,0.005034373642992751,0.6244935745900526,Doosan Robotics,Doosan Robotics IPO
2023-12-13,88900.0,90100.0,85500.0,86100.0,1771931.0,1.81,454910,Doosan Robotics,-0.04439511653718087,48,0.6750972762645915,-0.009707052897719004,-0.034688063639461864,0.5898055109505908,Doosan Robotics,Doosan Robotics IPO
2023-12-14,88500.0,89000.0,84600.0,86100.0,1720285.0,1.71,454910,Doosan Robotics,0.0,49,0.6750972762645915,0.013351071033114836,-0.013351071033114836,0.5764544399174759,Doosan Robotics,Doosan Robotics IPO
2023-12-15,87500.0,94900.0,87400.0,94500.0,5141163.0,2.63,454910,Doosan Robotics,0.09756097560975618,50,0.83852140077821,0.00761738556234226,0.08994359004741392,0.6663980299648898,Doosan Robotics,Doosan Robotics IPO
2023-12-18,93700.0,109400.0,92000.0,107800.0,8284618.0,2.48,454910,Doosan Robotics,0.14074074074074083,51,1.0972762645914398,0.0012872723868371239,0.1394534683539037,0.8058514983187935,Doosan Robotics,Doosan Robotics IPO
2023-12-19,108700.0,118400.0,103500.0,107800.0,6280674.0,2.05,454910,Doosan Robotics,0.0,52,1.0972762645914398,0.0006583919652805026,-0.0006583919652805026,0.805193106353513,Doosan Robotics,Doosan Robotics IPO
2023-12-20,109400.0,122500.0,107600.0,121800.0,9221571.0,2.8,454910,Doosan Robotics,0.1298701298701299,53,1.3696498054474708,0.01781160576979235,0.11205852410033756,0.9172516304538506,Doosan Robotics,Doosan Robotics IPO
2023-12-21,117700.0,124500.0,117000.0,119100.0,3570643.0,2.27,454910,Doosan Robotics,-0.022167487684729092,54,1.3171206225680936,-0.0054622652335234445,-0.016705222451205648,0.900546408002645,Doosan Robotics,Doosan Robotics IPO
2023-12-22,120500.0,122600.0,110000.0,112300.0,2447432.0,1.97,454910,Doosan Robotics,-0.057094878253568404,55,1.1848249027237352,-0.00019615233728964565,-0.05689872591627876,0.8436476820863662,Doosan Robotics,Doosan Robotics IPO
2023-12-26,111300.0,117200.0,108000.0,112200.0,2481625.0,2.08,454910,Doosan Robotics,-0.0008904719501335867,56,1.1828793774319064,0.0011848386811359468,-0.0020753106312695335,0.8415723714550967,Doosan Robotics,Doosan Robotics IPO
2023-12-27,112000.0,114900.0,102900.0,108600.0,2784354.0,1.55,454910,Doosan Robotics,-0.03208556149732622,57,1.11284046692607,0.004191977991155005,-0.036277539488481225,0.8052948319666154,Doosan Robotics,Doosan Robotics IPO
2023-12-28,109000.0,118500.0,108500.0,116100.0,3134713.0,1.97,454910,Doosan Robotics,0.06906077348066297,58,1.2587548638132295,0.015986225368280094,0.05307454811238288,0.8583693800789983,Doosan Robotics,Doosan Robotics IPO
2024-01-02,116100.0,116800.0,111100.0,112800.0,1613732.0,1.57,454910,Doosan Robotics,-0.028423772609819098,59,1.1945525291828796,0.0054721159350425985,-0.033895888544861696,0.8244734915341366,Doosan Robotics,Doosan Robotics IPO
2024-01-03,111000.0,115600.0,108200.0,108500.0,1534903.0,1.46,454910,Doosan Robotics,-0.03812056737588654,60,1.1108949416342413,-0.023409905573804846,-0.014710661802081693,0.8097628297320549,Doosan Robotics,Doosan Robotics IPO
2024-01-04,107400.0,111600.0,106300.0,109200.0,1115910.0,1.44,454910,Doosan Robotics,0.006451612903225712,61,1.1245136186770428,-0.007781966854727651,0.014233579757953363,0.8239964094900083,Doosan Robotics,Doosan Robotics IPO
2024-01-05,100500.0,105400.0,98600.0,101800.0,4850465.0,1.32,454910,Doosan Robotics,-0.06776556776556775,62,0.9805447470817121,-0.0034557135236681358,-0.06430985424189961,0.7596865552481087,Doosan Robotics,Doosan Robotics IPO
2024-01-08,102300.0,106400.0,100900.0,103300.0,2439092.0,1.37,454910,Doosan Robotics,0.014734774066797574,63,1.009727626459144,-0.00397970582759255,0.018714479894390124,0.7784010351424988,Doosan Robotics,Doosan Robotics IPO
2023-07-03,2580.89,2604.63,2580.49,2602.47,618006.0,0.0,KOSPI,KOSPI,,-63,0.08273839241138292,,,0.0,KOSPI,Doosan Robotics IPO
2023-07-04,2604.72,2607.66,2591.86,2593.31,674411.0,0.0,KOSPI,KOSPI,-0.003519733176559181,-62,0.0789274421700783,-0.003519733176559181,0.0,0.0,KOSPI,Doosan Robotics IPO
2023-07-05,2593.47,2601.99,2578.66,2579.0,601089.0,0.0,KOSPI,KOSPI,-0.0055180445068271355,-61,0.07297387252454657,-0.0055180445068271355,0.0,0.0,KOSPI,Doosan Robotics IPO
2023-07-06,2574.75,2575.45,2550.67,2556.29,531900.0,0.0,KOSPI,KOSPI,-0.008805738658394735,-60,0.06352554501580965,-0.008805738658394735,0.0,0.0,KOSPI,Doosan Robotics IPO
2023-07-07,2547.41,2547.41,2515.07,2526.71,613265.0,0.0,KOSPI,KOSPI,-0.011571457072554359,-59,0.051219004826094316,-0.011571457072554359,0.0,0.0,KOSPI,Doosan Robotics IPO
2023-07-10,2528.08,2539.63,2517.67,2520.7,561821.0,0.0,KOSPI,KOSPI,-0.0023785871746263565,-58,0.048718588783491334,-0.0023785871746263565,0.0,0.0,KOSPI,Doosan Robotics IPO
2023-07-11,2538.84,2562.49,2534.48,2562.49,594135.0,0.0,KOSPI,KOSPI,0.01657872813107475,-57,0.06610500915293716,0.01657872813107475,0.0,0.0,KOSPI,Doosan Robotics IPO
2023-07-12,2557.61,2574.73,2554.26,2574.72,696924.0,0.0,KOSPI,KOSPI,0.004772701552006042,-56,0.0711932101847228,0.004772701552006042,0.0,0.0,KOSPI,Doosan Robotics IPO
2023-07-13,2589.89,2602.21,2587.75,2591.23,585661.0,0.0,KOSPI,KOSPI,0.006412347750434977,-55,0.07806207355633221,0.006412347750434977,0.0,0.0,KOSPI,Doosan Robotics IPO
2023-07-14,2607.47,2628.3,2603.36,2628.3,569815.0,0.0,KOSPI,KOSPI,0.014305947368624228,-54,0.09348477284073908,0.014305947368624228,0.0,0.0,KOSPI,Doosan Robotics IPO
2023-07-17,2617.67,2627.12,2611.55,2619.0,550570.0,0.0,KOSPI,KOSPI,-0.0035384088574363926,-53,0.08961557663504749,-0.0035384088574363926,0.0,0.0,KOSPI,Doosan Robotics IPO
2023-07-18,2624.59,2626.89,2600.67,2607.62,493202.0,0.0,KOSPI,KOSPI,-0.004345169912180258,-52,0.08488101181560981,-0.004345169912180258,0.0,0.0,KOSPI,Doosan Robotics IPO
2023-07-19,2622.24,2622.54,2598.52,2608.24,440074.0,0.0,KOSPI,KOSPI,0.00023776470498004798,-51,0.08513895822932271,0.00023776470498004798,0.0,0.0,KOSPI,Doosan Robotics IPO
2023-07-20,2595.38,2611.34,2589.29,2600.23,372365.0,0.0,KOSPI,KOSPI,-0.0030710364076924623,-50,0.08180645698119493,-0.0030710364076924623,0.0,0.0,KOSPI,Doosan Robotics IPO
2023-07-21,2581.06,2609.76,2570.58,2609.76,501872.0,0.0,KOSPI,KOSPI,0.003665060398503339,-49,0.0857713429855218,0.003665060398503339,0.0,0.0,KOSPI,Doosan Robotics IPO
2023-07-24,2608.47,2636.06,2595.21,2628.53,529363.0,0.0,KOSPI,KOSPI,0.007192232235914364,-48,0.09358046263937436,0.007192232235914364,0.0,0.0,KOSPI,Doosan Robotics IPO
2023-07-25,2643.35,2646.71,2621.6,2636.46,723472.0,0.0,KOSPI,KOSPI,0.0030168953749813987,-47,0.09687968047928108,0.0030168953749813987,0.0,0.0,KOSPI,Doosan Robotics IPO
2023-07-26,2638.76,2639.21,2580.98,2592.36,834107.0,0.0,KOSPI,KOSPI,-0.016726974807127704,-46,0.0785322016974539,-0.016726974807127704,0.0,0.0,KOSPI,Doosan Robotics IPO
2023-07-27,2599.82,2617.61,2586.36,2603.81,594163.0,0.0,KOSPI,KOSPI,0.0044168248237126395,-45,0.08329588949908473,0.0044168248237126395,0.0,0.0,KOSPI,Doosan Robotics IPO
2023-07-28,2593.67,2609.54,2586.33,2608.32,503267.0,0.0,KOSPI,KOSPI,0.0017320772252968908,-44,0.08517224163754378,0.0017320772252968908,0.0,0.0,KOSPI,Doosan Robotics IPO
2023-07-31,2628.87,2639.45,2622.21,2632.58,454243.0,0.0,KOSPI,KOSPI,0.009301006011532165,-43,0.09526543518056241,0.009301006011532165,0.0,0.0,KOSPI,Doosan Robotics IPO
2023-08-01,2644.34,2668.21,2639.1,2667.07,493643.0,0.0,KOSPI,KOSPI,0.013101216297320528,-42,0.1096147445498421,0.013101216297320528,0.0,0.0,KOSPI,Doosan Robotics IPO
2023-08-02,2651.53,2660.9,2611.77,2616.47,704674.0,0.0,KOSPI,KOSPI,-0.018972130465267245,-41,0.08856298885005831,-0.018972130465267245,0.0,0.0,KOSPI,Doosan Robotics IPO
2023-08-03,2624.76,2625.45,2591.3,2605.39,789416.0,0.0,KOSPI,KOSPI,-0.004234713182264649,-40,0.0839532368114495,-0.004234713182264649,0.0,0.0,KOSPI,Doosan Robotics IPO
2023-08-04,2606.17,2612.3,2598.38,2602.8,645750.0,0.0,KOSPI,KOSPI,-0.0009940930148651939,-39,0.08287568647029464,-0.0009940930148651939,0.0,0.0,KOSPI,Doosan Robotics IPO
2023-08-07,2591.58,2607.36,2580.71,2580.71,504071.0,0.0,KOSPI,KOSPI,-0.00848701398493934,-38,0.0736853053752704,-0.00848701398493934,0.0,0.0,KOSPI,Doosan Robotics IPO
2023-08-08,2598.29,2601.41,2568.15,2573.98,638419.0,0.0,KOSPI,KOSPI,-0.0026078094787868045,-37,0.07088533865867874,-0.0026078094787868045,0.0,0.0,KOSPI,Doosan Robotics IPO
2023-08-09,2580.6,2608.98,2576.21,2605.12,467527.0,0.0,KOSPI,KOSPI,0.012097996099425634,-36,0.0838409053087037,0.012097996099425634,0.0,0.0,KOSPI,Doosan Robotics IPO
2023-08-10,2592.4,2601.56,2590.02,2601.56,568155.0,0.0,KOSPI,KOSPI,-0.0013665397371329657,-35,0.08235979364286905,-0.0013665397371329657,0.0,0.0,KOSPI,Doosan Robotics IPO
2023-08-11,2611.25,2616.84,2589.94,2591.26,675390.0,0.0,KOSPI,KOSPI,-0.003959162963760088,-34,0.07807455483441528,-0.003959162963760088,0.0,0.0,KOSPI,Doosan Robotics IPO
2023-08-14,2586.51,2592.91,2561.88,2570.87,624378.0,0.0,KOSPI,KOSPI,-0.007868758827751843,-33,0.06959144616408719,-0.007868758827751843,0.0,0.0,KOSPI,Doosan Robotics IPO
2023-08-16,2550.13,2550.53,2520.87,2525.64,685136.0,0.0,KOSPI,KOSPI,-0.01759326609280132,-32,0.05077383924113832,-0.01759326609280132,0.0,0.0,KOSPI,Doosan Robotics IPO
2023-08-17,2512.92,2520.56,2482.06,2519.85,735133.0,0.0,KOSPI,KOSPI,-0.002292488240604351,-31,0.04836495257114337,-0.002292488240604351,0.0,0.0,KOSPI,Doosan Robotics IPO
2023-08-18,2495.18,2519.6,2489.63,2504.5,557785.0,0.0,KOSPI,KOSPI,-0.006091632438438799,-30,0.04197869861873871,-0.006091632438438799,0.0,0.0,KOSPI,Doosan Robotics IPO
2023-08-21,2511.7,2524.41,2505.59,2508.8,399459.0,0.0,KOSPI,KOSPI,0.001716909562787139,-29,0.04376768181061763,0.001716909562787139,0.0,0.0,KOSPI,Doosan Robotics IPO
2023-08-22,2528.39,2533.43,2509.53,2515.74,471809.0,0.0,KOSPI,KOSPI,0.0027662627551019447,-28,0.046655017473789195,0.0027662627551019447,0.0,0.0,KOSPI,Doosan Robotics IPO
2023-08-23,2510.0,2517.51,2499.89,2505.5,547170.0,0.0,KOSPI,KOSPI,-0.00407037293201995,-27,0.04239474122150111,-0.00407037293201995,0.0,0.0,KOSPI,Doosan Robotics IPO
2023-08-24,2531.78,2539.44,2520.73,2537.68,441140.0,0.0,KOSPI,KOSPI,0.012843743763719662,-26,0.055782992178398993,0.012843743763719662,0.0,0.0,KOSPI,Doosan Robotics IPO
2023-08-25,2505.39,2526.37,2502.05,2519.14,577384.0,0.0,KOSPI,KOSPI,-0.007305885690867209,-25,0.048069562323181936,-0.007305885690867209,0.0,0.0,KOSPI,Doosan Robotics IPO
2023-08-28,2534.42,2543.41,2525.64,2543.41,483588.0,0.0,KOSPI,KOSPI,0.009634240256595428,-24,0.058166916292228255,0.009634240256595428,0.0,0.0,KOSPI,Doosan Robotics IPO
2023-08-29,2550.76,2556.98,2545.27,2552.16,441366.0,0.0,KOSPI,KOSPI,0.003440263268603916,-23,0.06180728906640032,0.003440263268603916,0.0,0.0,KOSPI,Doosan Robotics IPO
2023-08-30,2575.42,2578.62,2561.22,2561.22,364003.0,0.0,KOSPI,KOSPI,0.0035499341734059886,-22,0.06557663504742872,0.0035499341734059886,0.0,0.0,KOSPI,Doosan Robotics IPO
2023-08-31,2564.45,2568.06,2547.72,2556.27,473169.0,0.0,KOSPI,KOSPI,-0.0019326727106612207,-21,0.0635172241637545,-0.0019326727106612207,0.0,0.0,KOSPI,Doosan Robotics IPO
2023-09-01,2551.93,2568.42,2551.04,2563.71,493367.0,0.0,KOSPI,KOSPI,0.002910490675867683,-20,0.06661258112830759,0.002910490675867683,0.0,0.0,KOSPI,Doosan Robotics IPO
2023-09-04,2566.93,2584.55,2560.32,2584.55,342073.0,0.0,KOSPI,KOSPI,0.008128844526096968,-19,0.07528290896987855,0.008128844526096968,0.0,0.0,KOSPI,Doosan Robotics IPO
2023-09-05,2578.91,2586.65,2575.19,2582.18,384579.0,0.0,KOSPI,KOSPI,-0.0009169874833144798,-18,0.07429688800133127,-0.0009169874833144798,0.0,0.0,KOSPI,Doosan Robotics IPO
2023-09-06,2577.41,2585.98,2560.09,2563.34,422126.0,0.0,KOSPI,KOSPI,-0.007296160608478042,-17,0.06645864536528556,-0.007296160608478042,0.0,0.0,KOSPI,Doosan Robotics IPO
2023-09-07,2554.87,2562.42,2539.24,2548.26,377271.0,0.0,KOSPI,KOSPI,-0.005882949589207764,-16,0.06018472291562671,-0.005882949589207764,0.0,0.0,KOSPI,Doosan Robotics IPO
2023-09-08,2546.07,2550.96,2530.05,2547.68,396289.0,0.0,KOSPI,KOSPI,-0.00022760628821250073,-15,0.059943418206024335,-0.00022760628821250073,0.0,0.0,KOSPI,Doosan Robotics IPO
2023-09-11,2549.88,2556.89,2540.44,2556.88,411070.0,0.0,KOSPI,KOSPI,0.0036111285561766238,-14,0.06377101015143949,0.0036111285561766238,0.0,0.0,KOSPI,Doosan Robotics IPO
2023-09-12,2566.42,2568.55,2535.15,2536.58,359410.0,0.0,KOSPI,KOSPI,-0.00793936359938685,-13,0.055325345315360375,-0.00793936359938685,0.0,0.0,KOSPI,Doosan Robotics IPO
2023-09-13,2536.22,2549.38,2528.18,2534.7,417576.0,0.0,KOSPI,KOSPI,-0.0007411554139826748,-12,0.054543185222166723,-0.0007411554139826748,0.0,0.0,KOSPI,Doosan Robotics IPO
2023-09-14,2544.89,2572.89,2541.11,2572.89,412509.0,0.0,KOSPI,KOSPI,0.01506687181915023,-11,0.07043185222166759,0.01506687181915023,0.0,0.0,KOSPI,Doosan Robotics IPO
2023-09-15,2574.98,2611.0,2572.37,2601.28,441730.0,0.0,KOSPI,KOSPI,0.011034284403919514,-10,0.08224330171409555,0.011034284403919514,0.0,0.0,KOSPI,Doosan Robotics IPO
2023-09-18,2588.69,2596.55,2573.26,2574.72,416290.0,0.0,KOSPI,KOSPI,-0.010210357977611162,-9,0.0711932101847228,-0.010210357977611162,0.0,0.0,KOSPI,Doosan Robotics IPO
2023-09-19,2579.36,2583.25,2555.46,2559.21,462342.0,0.0,KOSPI,KOSPI,-0.006023956002982778,-8,0.06474038941587623,-0.006023956002982778,0.0,0.0,KOSPI,Doosan Robotics IPO
2023-09-20,2556.55,2566.62,2551.12,2559.74,414668.0,0.0,KOSPI,KOSPI,0.00020709515827133096,-7,0.06496089199534016,0.00020709515827133096,0.0,0.0,KOSPI,Doosan Robotics IPO
2023-09-21,2544.81,2549.63,2514.96,2514.97,394676.0,0.0,KOSPI,KOSPI,-0.017490057583973373,-6,0.04633466466966207,-0.017490057583973373,0.0,0.0,KOSPI,Doosan Robotics IPO
2023-09-22,2491.45,2513.26,2486.14,2508.13,433184.0,0.0,KOSPI,KOSPI,-0.002719714350469249,-5,0.043488933266766505,-0.002719714350469249,0.0,0.0,KOSPI,Doosan Robotics IPO
2023-09-25,2504.1,2509.38,2486.44,2495.76,438615.0,0.0,KOSPI,KOSPI,-0.004931961261976037,-4,0.038342486270594334,-0.004931961261976037,0.0,0.0,KOSPI,Doosan Robotics IPO
2023-09-26,2493.64,2495.0,2461.59,2462.97,427476.0,0.0,KOSPI,KOSPI,-0.0131382825271662,-3,0.02470044932601101,-0.0131382825271662,0.0,0.0,KOSPI,Doosan Robotics IPO
2023-09-27,2447.99,2469.72,2445.51,2465.07,366241.0,0.0,KOSPI,KOSPI,0.0008526291428643251,-2,0.025574138791812473,0.0008526291428643251,0.0,0.0,KOSPI,Doosan Robotics IPO
2023-10-04,2435.78,2435.78,2402.84,2405.69,424859.0,0.0,KOSPI,KOSPI,-0.02408856543627569,-1,0.0008695290397737754,-0.02408856543627569,0.0,0.0,KOSPI,Doosan Robotics IPO
2023-10-05,2423.35,2426.61,2402.5,2403.6,451722.0,0.0,KOSPI,KOSPI,-0.0008687736158857762,0,0.0,-0.0008687736158857762,0.0,0.0,KOSPI,Doosan Robotics IPO
2023-10-06,2408.81,2421.18,2403.92,2408.73,289392.0,0.0,KOSPI,KOSPI,0.0021342985521717317,1,0.0021342985521717317,0.0021342985521717317,0.0,0.0,KOSPI,Doosan Robotics IPO
2023-10-10,2436.58,2448.24,2402.44,2402.58,416004.0,0.0,KOSPI,KOSPI,-0.002553212688844342,2,-0.0004243634548177777,-0.002553212688844342,0.0,0.0,KOSPI,Doosan Robotics IPO
2023-10-11,2436.52,2463.56,2436.52,2450.08,446949.0,0.0,KOSPI,KOSPI,0.019770413472184112,3,0.01933766017640215,0.019770413472184112,0.0,0.0,KOSPI,Doosan Robotics IPO
2023-10-12,2465.19,2479.82,2464.84,2479.82,515452.0,0.0,KOSPI,KOSPI,0.012138379154966517,4,0.03171076718255961,0.012138379154966517,0.0,0.0,KOSPI,Doosan Robotics IPO
2023-10-13,2460.85,2466.62,2452.83,2456.15,582884.0,0.0,KOSPI,KOSPI,-0.00954504762442443,5,0.021863038775170596,-0.00954504762442443,0.0,0.0,KOSPI,Doosan Robotics IPO
2023-10-16,2442.43,2453.77,2422.52,2436.24,788356.0,0.0,KOSPI,KOSPI,-0.008106182439997722,6,0.013579630554168665,-0.008106182439997722,0.0,0.0,KOSPI,Doosan Robotics IPO
2023-10-17,2454.14,2466.87,2449.42,2460.17,509375.0,0.0,KOSPI,KOSPI,0.009822513381276154,7,0.02353553003827602,0.009822513381276154,0.0,0.0,KOSPI,Doosan Robotics IPO
2023-10-18,2452.05,2465.33,2450.78,2462.6,911546.0,0.0,KOSPI,KOSPI,0.0009877366198269844,8,0.02454651356298876,0.0009877366198269844,0.0,0.0,KOSPI,Doosan Robotics IPO
2023-10-19,2431.92,2433.45,2412.55,2415.8,756947.0,0.0,KOSPI,KOSPI,-0.01900430439373013,9,0.005075719753702801,-0.01900430439373013,0.0,0.0,KOSPI,Doosan Robotics IPO
2023-10-20,2391.54,2394.67,2364.01,2375.0,521208.0,0.0,KOSPI,KOSPI,-0.01688881529927977,10,-0.011898818439008085,-0.01688881529927977,0.0,0.0,KOSPI,Doosan Robotics IPO
2023-10-23,2370.07,2375.79,2354.7,2357.02,395930.0,0.0,KOSPI,KOSPI,-0.007570526315789472,11,-0.019379264436678256,-0.007570526315789472,0.0,0.0,KOSPI,Doosan Robotics IPO
2023-10-24,2371.55,2384.14,2326.67,2383.51,444165.0,0.0,KOSPI,KOSPI,0.01123876759637188,12,-0.00835829588949899,0.01123876759637188,0.0,0.0,KOSPI,Doosan Robotics IPO
2023-10-25,2389.23,2389.9,2362.69,2363.17,440807.0,0.0,KOSPI,KOSPI,-0.008533633171247557,13,-0.016820602429688747,-0.008533633171247557,0.0,0.0,KOSPI,Doosan Robotics IPO
2023-10-26,2325.82,2330.55,2299.08,2299.08,531073.0,0.0,KOSPI,KOSPI,-0.02712035105388111,14,-0.04348477284073893,-0.02712035105388111,0.0,0.0,KOSPI,Doosan Robotics IPO
2023-10-27,2311.59,2321.84,2293.05,2302.81,514876.0,0.0,KOSPI,KOSPI,0.0016223880856691686,15,-0.04193293393243469,0.0016223880856691686,0.0,0.0,KOSPI,Doosan Robotics IPO
2023-10-30,2292.34,2317.75,2292.34,2310.55,444842.0,0.0,KOSPI,KOSPI,0.0033611109904856384,16,-0.038712764187052606,0.0033611109904856384,0.0,0.0,KOSPI,Doosan Robotics IPO
2023-10-31,2318.39,2322.45,2273.97,2277.99,394982.0,0.0,KOSPI,KOSPI,-0.014091882885027496,17,-0.05225911133300054,-0.014091882885027496,0.0,0.0,KOSPI,Doosan Robotics IPO
2023-11-01,2292.89,2312.15,2288.64,2301.56,358157.0,0.0,KOSPI,KOSPI,0.010346840855315564,18,-0.04245298718588786,0.010346840855315564,0.0,0.0,KOSPI,Doosan Robotics IPO
2023-11-02,2334.96,2351.91,2333.41,2343.12,377462.0,0.0,KOSPI,KOSPI,0.018057317645423065,19,-0.025162256615077427,0.018057317645423065,0.0,0.0,KOSPI,Doosan Robotics IPO
2023-11-03,2365.59,2370.28,2351.83,2368.34,578662.0,0.0,KOSPI,KOSPI,0.010763426542387933,20,-0.014669662173406484,0.010763426542387933,0.0,0.0,KOSPI,Doosan Robotics IPO
2023-11-06,2399.8,2502.37,2395.03,2502.37,528585.0,0.0,KOSPI,KOSPI,0.05659238116148857,21,0.0410925278748544,0.05659238116148857,0.0,0.0,KOSPI,Doosan Robotics IPO
2023-11-07,2476.35,2476.35,2418.74,2443.96,457676.0,0.0,KOSPI,KOSPI,-0.023341871905433575,22,0.016791479447495483,-0.023341871905433575,0.0,0.0,KOSPI,Doosan Robotics IPO
2023-11-08,2460.22,2468.43,2418.14,2421.62,467217.0,0.0,KOSPI,KOSPI,-0.009140902469762291,23,0.0074970877017805915,-0.009140902469762291,0.0,0.0,KOSPI,Doosan Robotics IPO
2023-11-09,2425.93,2437.9,2413.04,2427.08,395031.0,0.0,KOSPI,KOSPI,0.002254689009836497,24,0.009768680312864042,0.002254689009836497,0.0,0.0,KOSPI,Doosan Robotics IPO
2023-11-10,2406.4,2413.62,2393.64,2409.66,312468.0,0.0,KOSPI,KOSPI,-0.007177348913097292,25,0.002521218172740758,-0.007177348913097292,0.0,0.0,KOSPI,Doosan Robotics IPO
2023-11-13,2431.24,2435.32,2399.04,2403.76,307123.0,0.0,KOSPI,KOSPI,-0.0024484782085437695,26,6.656681644212625e-05,-0.0024484782085437695,0.0,0.0,KOSPI,Doosan Robotics IPO
2023-11-14,2424.93,2442.37,2422.97,2433.25,306964.0,0.0,KOSPI,KOSPI,0.012268279695144102,27,0.012335663171908928,0.012268279695144102,0.0,0.0,KOSPI,Doosan Robotics IPO
2023-11-15,2482.21,2487.42,2468.43,2486.67,419843.0,0.0,KOSPI,KOSPI,0.02195417651289433,28,0.034560659011482864,0.02195417651289433,0.0,0.0,KOSPI,Doosan Robotics IPO
2023-11-16,2483.48,2491.98,2472.69,2488.18,407441.0,0.0,KOSPI,KOSPI,0.000607237791906412,29,0.035188883341654265,0.000607237791906412,0.0,0.0,KOSPI,Doosan Robotics IPO
2023-11-17,2477.43,2481.1,2463.59,2469.85,388974.0,0.0,KOSPI,KOSPI,-0.007366830374008315,30,0.02756282243301711,-0.007366830374008315,0.0,0.0,KOSPI,Doosan Robotics IPO
2023-11-20,2464.72,2499.75,2464.04,2491.2,323806.0,0.0,KOSPI,KOSPI,0.008644249650788582,31,0.036445332001997066,0.008644249650788582,0.0,0.0,KOSPI,Doosan Robotics IPO
2023-11-21,2504.7,2517.74,2500.91,2510.42,345055.0,0.0,KOSPI,KOSPI,0.0077151573538858376,32,0.044441670827092716,0.0077151573538858376,0.0,0.0,KOSPI,Doosan Robotics IPO
2023-11-22,2493.17,2516.72,2490.43,2511.7,439485.0,0.0,KOSPI,KOSPI,0.0005098748416598742,33,0.044974205358628616,0.0005098748416598742,0.0,0.0,KOSPI,Doosan Robotics IPO
2023-11-23,2515.83,2522.2,2507.3,2514.96,360874.0,0.0,KOSPI,KOSPI,0.0012979257076881634,34,0.04633050424363461,0.0012979257076881634,0.0,0.0,KOSPI,Doosan Robotics IPO
2023-11-24,2517.88,2521.56,2496.63,2496.63,359383.0,0.0,KOSPI,KOSPI,-0.007288386296402272,35,0.038704443334997674,-0.007288386296402272,0.0,0.0,KOSPI,Doosan Robotics IPO
2023-11-27,2501.83,2511.37,2489.18,2495.66,364744.0,0.0,KOSPI,KOSPI,-0.0003885237299880995,36,0.038300882010317894,-0.0003885237299880995,0.0,0.0,KOSPI,Doosan Robotics IPO
2023-11-28,2506.14,2522.45,2502.26,2521.76,443090.0,0.0,KOSPI,KOSPI,0.010458155357701004,37,0.049159593942419866,0.010458155357701004,0.0,0.0,KOSPI,Doosan Robotics IPO
2023-11-29,2518.8,2523.98,2501.44,2519.81,579271.0,0.0,KOSPI,KOSPI,-0.0007732694625977032,38,0.04834831086703284,-0.0007732694625977032,0.0,0.0,KOSPI,Doosan Robotics IPO
2023-11-30,2512.11,2535.29,2507.8,2535.29,664284.0,0.0,KOSPI,KOSPI,0.006143320329707436,39,0.054788650357796564,0.006143320329707436,0.0,0.0,KOSPI,Doosan Robotics IPO
2023-12-01,2520.49,2520.49,2504.06,2505.01,516596.0,0.0,KOSPI,KOSPI,-0.011943406868642148,40,0.042190880346147486,-0.011943406868642148,0.0,0.0,KOSPI,Doosan Robotics IPO
2023-12-04,2522.22,2525.63,2510.52,2514.95,498861.0,0.0,KOSPI,KOSPI,0.003968048031744331,41,0.04632634381760692,0.003968048031744331,0.0,0.0,KOSPI,Doosan Robotics IPO
2023-12-05,2507.45,2509.74,2492.55,2494.28,427067.0,0.0,KOSPI,KOSPI,-0.0082188512694088,42,0.037726743218505776,-0.0082188512694088,0.0,0.0,KOSPI,Doosan Robotics IPO
2023-12-06,2503.57,2509.67,2495.38,2495.38,390989.0,0.0,KOSPI,KOSPI,0.000441009028657513,43,0.038184390081544395,0.000441009028657513,0.0,0.0,KOSPI,Doosan Robotics IPO
2023-12-07,2493.14,2499.73,2481.0,2492.07,446877.0,0.0,KOSPI,KOSPI,-0.0013264512819690655,44,0.036807289066400406,-0.0013264512819690655,0.0,0.0,KOSPI,Doosan Robotics IPO
2023-12-08,2510.24,2521.58,2507.14,2517.85,431797.0,0.0,KOSPI,KOSPI,0.010344813749212367,45,0.04753286736561835,0.010344813749212367,0.0,0.0,KOSPI,Doosan Robotics IPO
2023-12-11,2524.79,2528.89,2512.45,2525.36,435004.0,0.0,KOSPI,KOSPI,0.002982703497031336,46,0.05065734731236482,0.002982703497031336,0.0,0.0,KOSPI,Doosan Robotics IPO
2023-12-12,2535.11,2543.06,2529.74,2535.27,378034.0,0.0,KOSPI,KOSPI,0.0039241929863464975,47,0.05478032950574141,0.0039241929863464975,0.0,0.0,KOSPI,Doosan Robotics IPO
2023-12-13,2531.23,2531.23,2509.89,2510.66,377934.0,0.0,KOSPI,KOSPI,-0.009707052897719004,48,0.044541521051755684,-0.009707052897719004,0.0,0.0,KOSPI,Doosan Robotics IPO
2023-12-14,2547.74,2549.65,2532.16,2544.18,530123.0,0.0,KOSPI,KOSPI,0.013351071033114836,49,0.058487269096355377,0.013351071033114836,0.0,0.0,KOSPI,Doosan Robotics IPO
2023-12-15,2558.44,2574.23,2555.3,2563.56,465314.0,0.0,KOSPI,KOSPI,0.00761738556234226,50,0.06655017473789315,0.00761738556234226,0.0,0.0,KOSPI,Doosan Robotics IPO
2023-12-18,2568.77,2573.13,2556.05,2566.86,384828.0,0.0,KOSPI,KOSPI,0.0012872723868371239,51,0.06792311532700968,0.0012872723868371239,0.0,0.0,KOSPI,Doosan Robotics IPO
2023-12-19,2564.81,2570.06,2556.52,2568.55,392497.0,0.0,KOSPI,KOSPI,0.0006583919652805026,52,0.06862622732567836,0.0006583919652805026,0.0,0.0,KOSPI,Doosan Robotics IPO
2023-12-20,2586.99,2615.38,2584.85,2614.3,570423.0,0.0,KOSPI,KOSPI,0.01781160576979235,53,0.0876601764020637,0.01781160576979235,0.0,0.0,KOSPI,Doosan Robotics IPO
2023-12-21,2598.37,2610.81,2587.16,2600.02,578335.0,0.0,KOSPI,KOSPI,-0.0054622652335234445,54,0.0817190880346148,-0.0054622652335234445,0.0,0.0,KOSPI,Doosan Robotics IPO
2023-12-22,2617.72,2621.37,2599.51,2599.51,465967.0,0.0,KOSPI,KOSPI,-0.00019615233728964565,55,0.08150690630720603,-0.00019615233728964565,0.0,0.0,KOSPI,Doosan Robotics IPO
2023-12-26,2609.44,2612.14,2594.65,2602.59,440428.0,0.0,KOSPI,KOSPI,0.0011848386811359468,56,0.08278831752371452,0.0011848386811359468,0.0,0.0,KOSPI,Doosan Robotics IPO
2023-12-27,2599.35,2613.5,2590.08,2613.5,349733.0,0.0,KOSPI,KOSPI,0.004191977991155005,57,0.08732734231985351,0.004191977991155005,0.0,0.0,KOSPI,Doosan Robotics IPO
2023-12-28,2616.27,2655.28,2611.72,2655.28,460087.0,0.0,KOSPI,KOSPI,0.015986225368280094,58,0.10470960226327186,0.015986225368280094,0.0,0.0,KOSPI,Doosan Robotics IPO
2024-01-02,2645.47,2675.8,2641.88,2669.81,409872.0,0.0,KOSPI,KOSPI,0.0054721159350425985,59,0.11075470128141118,0.0054721159350425985,0.0,0.0,KOSPI,Doosan Robotics IPO
2024-01-03,2643.54,2643.72,2607.31,2607.31,463132.0,0.0,KOSPI,KOSPI,-0.023409905573804846,60,0.08475203860875347,-0.023409905573804846,0.0,0.0,KOSPI,Doosan Robotics IPO
2024-01-04,2592.44,2602.64,2580.09,2587.02,770176.0,0.0,KOSPI,KOSPI,-0.007781966854727651,61,0.07631053419870204,-0.007781966854727651,0.0,0.0,KOSPI,Doosan Robotics IPO
2024-01-05,2586.89,2592.29,2572.6,2578.08,522290.0,0.0,KOSPI,KOSPI,-0.0034557135236681358,62,0.07259111333000501,-0.0034557135236681358,0.0,0.0,KOSPI,Doosan Robotics IPO
2024-01-08,2584.23,2591.68,2566.34,2567.82,320144.0,0.0,KOSPI,KOSPI,-0.00397970582759255,63,0.06832251622566154,-0.00397970582759255,0.0,0.0,KOSPI,Doosan Robotics IPO
2023-07-03,91300.0,91300.0,90000.0,90800.0,58168.0,9.24,000150,Doosan Corp,,-63,-0.01089324618736387,,,0.0,Doosan Corp,Doosan Robotics IPO
2023-07-04,90800.0,90900.0,87100.0,87900.0,159037.0,9.24,000150,Doosan Corp,-0.0319383259911894,-62,-0.042483660130718914,-0.003519733176559181,-0.028418592814630217,-0.028418592814630217,Doosan Corp,Doosan Robotics IPO
2023-07-05,88800.0,89900.0,86200.0,88000.0,156246.0,9.26,000150,Doosan Corp,0.0011376564277587597,-61,-0.04139433551198257,-0.0055180445068271355,0.006655700934585895,-0.02176289188004432,Doosan Corp,Doosan Robotics IPO
2023-07-06,87900.0,88300.0,86100.0,86500.0,79985.0,9.17,000150,Doosan Corp,-0.017045454545454586,-60,-0.057734204793028376,-0.008805738658394735,-0.00823971588705985,-0.030002607767104172,Doosan Corp,Doosan Robotics IPO
2023-07-07,85900.0,86800.0,84100.0,85500.0,95875.0,9.27,000150,Doosan Corp,-0.011560693641618491,-59,-0.06862745098039214,-0.011571457072554359,1.076343093586729e-05,-0.029991844336168305,Doosan Corp,Doosan Robotics IPO
2023-07-10,85500.0,87600.0,85200.0,86600.0,67589.0,9.36,000150,Doosan Corp,0.012865497076023358,-58,-0.05664488017429192,-0.0023785871746263565,0.015244084250649714,-0.01474776008551859,Doosan Corp,Doosan Robotics IPO
2023-07-11,87000.0,89900.0,86800.0,89500.0,93276.0,9.39,000150,Doosan Corp,0.033487297921477976,-57,-0.025054466230936767,0.01657872813107475,0.016908569790403227,0.0021608097048846364,Doosan Corp,Doosan Robotics IPO
2023-07-12,89400.0,90100.0,88000.0,88500.0,71711.0,9.38,000150,Doosan Corp,-0.011173184357541888,-56,-0.03594771241830064,0.004772701552006042,-0.01594588590954793,-0.013785076204663294,Doosan Corp,Doosan Robotics IPO
2023-07-13,88900.0,89500.0,86800.0,87900.0,121640.0,9.52,000150,Doosan Corp,-0.006779661016949157,-55,-0.042483660130718914,0.006412347750434977,-0.013192008767384134,-0.026977084972047427,Doosan Corp,Doosan Robotics IPO
2023-07-14,88500.0,88500.0,86300.0,87700.0,95222.0,9.59,000150,Doosan Corp,-0.0022753128555176305,-54,-0.04466230936819171,0.014305947368624228,-0.01658126022414186,-0.043558345196189285,Doosan Corp,Doosan Robotics IPO
2023-07-17,87700.0,87700.0,86100.0,86600.0,60667.0,9.57,000150,Doosan Corp,-0.012542759407069504,-53,-0.05664488017429192,-0.0035384088574363926,-0.009004350549633111,-0.052562695745822396,Doosan Corp,Doosan Robotics IPO
2023-07-18,87100.0,87900.0,85600.0,86000.0,82076.0,9.56,000150,Doosan Corp,-0.006928406466512715,-52,-0.0631808278867102,-0.004345169912180258,-0.0025832365543324576,-0.055145932300154854,Doosan Corp,Doosan Robotics IPO
2023-07-19,86400.0,87100.0,85500.0,85800.0,61087.0,9.51,000150,Doosan Corp,-0.0023255813953488857,-51,-0.065359477124183,0.00023776470498004798,-0.0025633461003289337,-0.05770927840048379,Doosan Corp,Doosan Robotics IPO
2023-07-20,85600.0,89400.0,84800.0,88400.0,97387.0,9.69,000150,Doosan Corp,0.030303030303030276,-50,-0.03703703703703709,-0.0030710364076924623,0.03337406671072274,-0.02433521168976105,Doosan Corp,Doosan Robotics IPO
2023-07-21,88200.0,88300.0,86700.0,87000.0,52938.0,9.6,000150,Doosan Corp,-0.015837104072398245,-49,-0.05228758169934644,0.003665060398503339,-0.019502164470901584,-0.04383737616066263,Doosan Corp,Doosan Robotics IPO
2023-07-24,87000.0,88100.0,85400.0,87800.0,92098.0,9.58,000150,Doosan Corp,0.009195402298850519,-48,-0.04357298474945537,0.007192232235914364,0.002003170062936155,-0.04183420609772648,Doosan Corp,Doosan Robotics IPO
2023-07-25,87600.0,92500.0,86700.0,92000.0,204021.0,9.87,000150,Doosan Corp,0.04783599088838275,-47,0.002178649237472685,0.0030168953749813987,0.04481909551340135,0.002984889415674874,Doosan Corp,Doosan Robotics IPO
2023-07-26,92000.0,92000.0,84200.0,85800.0,279350.0,9.2,000150,Doosan Corp,-0.06739130434782614,-46,-0.065359477124183,-0.016726974807127704,-0.05066432954069844,-0.047679440125023564,Doosan Corp,Doosan Robotics IPO
2023-07-27,86500.0,87600.0,85300.0,86700.0,122912.0,9.12,000150,Doosan Corp,0.010489510489510412,-45,-0.05555555555555558,0.0044168248237126395,0.006072685665797772,-0.04160675445922579,Doosan Corp,Doosan Robotics IPO
2023-07-28,85700.0,88700.0,85700.0,87800.0,73970.0,9.19,000150,Doosan Corp,0.012687427912341454,-44,-0.04357298474945537,0.0017320772252968908,0.010955350687044563,-0.03065140377218123,Doosan Corp,Doosan Robotics IPO
2023-07-31,90100.0,113300.0,90000.0,106500.0,2126825.0,9.25,000150,Doosan Corp,0.21298405466970394,-43,0.16013071895424846,0.009301006011532165,0.20368304865817177,0.17303164488599054,Doosan Corp,Doosan Robotics IPO
2023-08-01,106500.0,118900.0,104700.0,116300.0,1825456.0,9.92,000150,Doosan Corp,0.09201877934272296,-42,0.26688453159041403,0.013101216297320528,0.07891756304540243,0.25194920793139297,Doosan Corp,Doosan Robotics IPO
2023-08-02,112800.0,118400.0,108000.0,109900.0,695565.0,10.48,000150,Doosan Corp,-0.05503009458297503,-41,0.19716775599128544,-0.018972130465267245,-0.036057964117707786,0.21589124381368519,Doosan Corp,Doosan Robotics IPO
2023-08-03,110500.0,114200.0,104400.0,105500.0,418471.0,10.6,000150,Doosan Corp,-0.04003639672429482,-40,0.1492374727668846,-0.004234713182264649,-0.03580168354203017,0.180089560271655,Doosan Corp,Doosan Robotics IPO
2023-08-04,106800.0,107700.0,102200.0,107400.0,387822.0,10.21,000150,Doosan Corp,0.018009478672985857,-39,0.16993464052287588,-0.0009940930148651939,0.01900357168785105,0.19909313195950606,Doosan Corp,Doosan Robotics IPO
2023-08-07,106200.0,109900.0,103500.0,107500.0,375027.0,9.87,000150,Doosan Corp,0.0009310986964619072,-38,0.1710239651416121,-0.00848701398493934,0.009418112681401247,0.2085112446409073,Doosan Corp,Doosan Robotics IPO
2023-08-08,107000.0,112000.0,106000.0,109700.0,355395.0,9.8,000150,Doosan Corp,0.02046511627906966,-37,0.19498910675381254,-0.0026078094787868045,0.023072925757856466,0.23158417039876378,Doosan Corp,Doosan Robotics IPO
2023-08-09,108600.0,112100.0,108600.0,110100.0,207329.0,9.88,000150,Doosan Corp,0.003646308113035568,-36,0.19934640522875813,0.012097996099425634,-0.008451687986390066,0.2231324824123737,Doosan Corp,Doosan Robotics IPO
2023-08-10,108500.0,111400.0,104300.0,105100.0,226613.0,9.86,000150,Doosan Corp,-0.04541326067211626,-35,0.144880174291939,-0.0013665397371329657,-0.0440467209349833,0.17908576147739041,Doosan Corp,Doosan Robotics IPO
2023-08-11,104600.0,108100.0,104400.0,106900.0,173359.0,9.96,000150,Doosan Corp,0.01712654614652709,-34,0.16448801742919383,-0.003959162963760088,0.021085709110287176,0.2001714705876776,Doosan Corp,Doosan Robotics IPO
2023-08-14,106200.0,109600.0,104500.0,108600.0,166596.0,10.01,000150,Doosan Corp,0.015902712815715647,-33,0.18300653594771243,-0.007868758827751843,0.02377147164346749,0.22394294223114508,Doosan Corp,Doosan Robotics IPO
2023-08-16,110800.0,111000.0,105400.0,106900.0,229120.0,9.98,000150,Doosan Corp,-0.015653775322283625,-32,0.16448801742919383,-0.01759326609280132,0.0019394907705176934,0.22588243300166277,Doosan Corp,Doosan Robotics IPO
2023-08-17,106000.0,106500.0,97400.0,105500.0,177691.0,10.03,000150,Doosan Corp,-0.013096351730589317,-31,0.1492374727668846,-0.002292488240604351,-0.010803863489984966,0.2150785695116778,Doosan Corp,Doosan Robotics IPO
2023-08-18,104000.0,109000.0,103600.0,104900.0,212131.0,9.97,000150,Doosan Corp,-0.005687203791469142,-30,0.14270152505446632,-0.006091632438438799,0.00040442864696965675,0.21548299815864747,Doosan Corp,Doosan Robotics IPO
2023-08-21,104400.0,106400.0,103500.0,104700.0,99543.0,10.12,000150,Doosan Corp,-0.0019065776930410339,-29,0.1405228758169934,0.001716909562787139,-0.0036234872558281728,0.2118595109028193,Doosan Corp,Doosan Robotics IPO
2023-08-22,105000.0,107600.0,104100.0,105700.0,118324.0,10.27,000150,Doosan Corp,0.009551098376313183,-28,0.15141612200435728,0.0027662627551019447,0.006784835621211238,0.21864434652403053,Doosan Corp,Doosan Robotics IPO
2023-08-23,105200.0,109300.0,104500.0,105800.0,143384.0,10.19,000150,Doosan Corp,0.0009460737937558861,-27,0.15250544662309373,-0.00407037293201995,0.005016446725775836,0.22366079324980637,Doosan Corp,Doosan Robotics IPO
2023-08-24,109000.0,115300.0,107200.0,112600.0,510868.0,10.45,000150,Doosan Corp,0.06427221172022679,-26,0.2265795206971677,0.012843743763719662,0.05142846795650713,0.2750892612063135,Doosan Corp,Doosan Robotics IPO
2023-08-25,111100.0,112600.0,108000.0,110300.0,182102.0,10.29,000150,Doosan Corp,-0.02042628774422739,-25,0.20152505446623104,-0.007305885690867209,-0.01312040205336018,0.2619688591529533,Doosan Corp,Doosan Robotics IPO
2023-08-28,111300.0,116900.0,110900.0,115800.0,305164.0,10.28,000150,Doosan Corp,0.049864007252946596,-24,0.261437908496732,0.009634240256595428,0.04022976699635117,0.3021986261493045,Doosan Corp,Doosan Robotics IPO
2023-08-29,115600.0,118300.0,113400.0,114100.0,189206.0,10.25,000150,Doosan Corp,-0.014680483592400706,-23,0.2429193899782136,0.003440263268603916,-0.018120746861004622,0.28407787928829986,Doosan Corp,Doosan Robotics IPO
2023-08-30,115400.0,115700.0,112900.0,113500.0,134694.0,10.23,000150,Doosan Corp,-0.005258545135845782,-22,0.2363834422657951,0.0035499341734059886,-0.008808479309251771,0.2752693999790481,Doosan Corp,Doosan Robotics IPO
2023-08-31,114000.0,118500.0,111600.0,117600.0,317663.0,10.19,000150,Doosan Corp,0.03612334801762107,-21,0.2810457516339868,-0.0019326727106612207,0.03805602072828229,0.3133254207073304,Doosan Corp,Doosan Robotics IPO
2023-09-01,117400.0,121000.0,112600.0,113500.0,304371.0,9.98,000150,Doosan Corp,-0.03486394557823125,-20,0.2363834422657951,0.002910490675867683,-0.03777443625409893,0.27555098445323145,Doosan Corp,Doosan Robotics IPO
2023-09-04,115000.0,117400.0,110800.0,112100.0,302218.0,10.08,000150,Doosan Corp,-0.012334801762114544,-19,0.22113289760348587,0.008128844526096968,-0.020463646288211512,0.25508733816501994,Doosan Corp,Doosan Robotics IPO
2023-09-05,112200.0,113600.0,109800.0,112000.0,195044.0,10.14,000150,Doosan Corp,-0.000892060660124927,-18,0.2200435729847494,-0.0009169874833144798,2.492682318955275e-05,0.2551122649882095,Doosan Corp,Doosan Robotics IPO
2023-09-06,111400.0,111700.0,107700.0,108000.0,206634.0,10.24,000150,Doosan Corp,-0.0357142857142857,-17,0.17647058823529416,-0.007296160608478042,-0.028418125105807657,0.22669413988240183,Doosan Corp,Doosan Robotics IPO
2023-09-07,107900.0,109800.0,105200.0,106500.0,203080.0,10.47,000150,Doosan Corp,-0.01388888888888884,-16,0.16013071895424846,-0.005882949589207764,-0.008005939299681075,0.21868820058272076,Doosan Corp,Doosan Robotics IPO
2023-09-08,107000.0,117000.0,105400.0,116800.0,472301.0,10.31,000150,Doosan Corp,0.0967136150234742,-15,0.27233115468409586,-0.00022760628821250073,0.0969412213116867,0.31562942189440746,Doosan Corp,Doosan Robotics IPO
2023-09-11,120000.0,151800.0,118700.0,149100.0,4377384.0,10.06,000150,Doosan Corp,0.27654109589041087,-14,0.6241830065359477,0.0036111285561766238,0.27292996733423425,0.5885593892286417,Doosan Corp,Doosan Robotics IPO
2023-09-12,153500.0,166600.0,134900.0,139700.0,4143875.0,9.82,000150,Doosan Corp,-0.06304493628437291,-13,0.5217864923747277,-0.00793936359938685,-0.05510557268498606,0.5334538165436556,Doosan Corp,Doosan Robotics IPO
2023-09-13,138700.0,140900.0,129400.0,129800.0,1321538.0,9.21,000150,Doosan Corp,-0.07086614173228345,-12,0.4139433551198257,-0.0007411554139826748,-0.07012498631830077,0.46332883022535487,Doosan Corp,Doosan Robotics IPO
2023-09-14,131500.0,134500.0,126300.0,132200.0,1283130.0,8.98,000150,Doosan Corp,0.018489984591679498,-11,0.4400871459694988,0.01506687181915023,0.0034231127725292687,0.46675194299788414,Doosan Corp,Doosan Robotics IPO
2023-09-15,136000.0,137400.0,131200.0,133900.0,1147619.0,8.45,000150,Doosan Corp,0.012859304084720025,-10,0.45860566448801743,0.011034284403919514,0.0018250196808005104,0.46857696267868465,Doosan Corp,Doosan Robotics IPO
2023-09-18,131200.0,135700.0,129700.0,131100.0,631781.0,8.41,000150,Doosan Corp,-0.020911127707244237,-9,0.4281045751633987,-0.010210357977611162,-0.010700769729633075,0.4578761929490516,Doosan Corp,Doosan Robotics IPO
2023-09-19,128800.0,129300.0,117400.0,118600.0,1219343.0,8.09,000150,Doosan Corp,-0.09534706331045006,-8,0.2919389978213507,-0.006023956002982778,-0.08932310730746729,0.3685530856415843,Doosan Corp,Doosan Robotics IPO
2023-09-20,123500.0,124300.0,117700.0,119000.0,929766.0,7.83,000150,Doosan Corp,0.003372681281618828,-7,0.2962962962962963,0.00020709515827133096,0.003165586123347497,0.3717186717649318,Doosan Corp,Doosan Robotics IPO
2023-09-21,116800.0,118300.0,113200.0,115000.0,623542.0,8.08,000150,Doosan Corp,-0.03361344537815125,-6,0.252723311546841,-0.017490057583973373,-0.01612338779417788,0.3555952839707539,Doosan Corp,Doosan Robotics IPO
2023-09-22,112200.0,117700.0,111500.0,114600.0,582120.0,8.21,000150,Doosan Corp,-0.003478260869565264,-5,0.24836601307189543,-0.002719714350469249,-0.000758546519096015,0.3548367374516579,Doosan Corp,Doosan Robotics IPO
2023-09-25,114200.0,118400.0,108200.0,109500.0,602102.0,8.35,000150,Doosan Corp,-0.04450261780104714,-4,0.19281045751633985,-0.004931961261976037,-0.0395706565390711,0.3152660809125868,Doosan Corp,Doosan Robotics IPO
2023-09-26,109500.0,114500.0,108200.0,111500.0,519241.0,8.42,000150,Doosan Corp,0.0182648401826484,-3,0.2145969498910676,-0.0131382825271662,0.0314031227098146,0.3466692036224014,Doosan Corp,Doosan Robotics IPO
2023-09-27,110100.0,114900.0,108800.0,113300.0,442699.0,8.55,000150,Doosan Corp,0.016143497757847625,-2,0.23420479302832242,0.0008526291428643251,0.0152908686149833,0.3619600722373847,Doosan Corp,Doosan Robotics IPO
2023-10-04,115300.0,116800.0,109500.0,113900.0,681468.0,7.97,000150,Doosan Corp,0.005295675198587757,-1,0.2407407407407407,-0.02408856543627569,0.029384240634863446,0.39134431287224813,Doosan Corp,Doosan Robotics IPO
2023-10-05,109100.0,109100.0,91100.0,91800.0,1678539.0,7.96,000150,Doosan Corp,-0.19402985074626866,0,0.0,-0.0008687736158857762,-0.19316107713038289,0.19818323574186525,Doosan Corp,Doosan Robotics IPO
2023-10-06,91200.0,92300.0,87600.0,88100.0,621198.0,8.43,000150,Doosan Corp,-0.04030501089324623,1,-0.04030501089324623,0.0021342985521717317,-0.04243930944541796,0.1557439262964473,Doosan Corp,Doosan Robotics IPO
2023-10-10,87300.0,90100.0,85000.0,85700.0,524573.0,9.4,000150,Doosan Corp,-0.02724177071509648,2,-0.06644880174291934,-0.002553212688844342,-0.02468855802625214,0.13105536827019515,Doosan Corp,Doosan Robotics IPO
2023-10-11,86900.0,87200.0,85900.0,86200.0,273738.0,9.75,000150,Doosan Corp,0.005834305717619559,3,-0.061002178649237515,0.019770413472184112,-0.013936107754564553,0.1171192605156306,Doosan Corp,Doosan Robotics IPO
2023-10-12,86600.0,90700.0,86400.0,89700.0,276390.0,10.22,000150,Doosan Corp,0.040603248259860836,4,-0.022875816993464082,0.012138379154966517,0.02846486910489432,0.14558412962052492,Doosan Corp,Doosan Robotics IPO
2023-10-13,89300.0,89900.0,86300.0,86700.0,154245.0,10.4,000150,Doosan Corp,-0.03344481605351168,5,-0.05555555555555558,-0.00954504762442443,-0.023899768429087254,0.12168436119143766,Doosan Corp,Doosan Robotics IPO
2023-10-16,85900.0,86100.0,82200.0,83600.0,262574.0,10.59,000150,Doosan Corp,-0.035755478662053086,6,-0.08932461873638342,-0.008106182439997722,-0.027649296222055364,0.0940350649693823,Doosan Corp,Doosan Robotics IPO
2023-10-17,84300.0,85100.0,82700.0,82900.0,177037.0,10.41,000150,Doosan Corp,-0.00837320574162681,7,-0.09694989106753815,0.009822513381276154,-0.018195719122902965,0.07583934584647933,Doosan Corp,Doosan Robotics IPO
2023-10-18,82600.0,83400.0,81300.0,81500.0,185126.0,10.43,000150,Doosan Corp,-0.016887816646562137,8,-0.1122004357298475,0.0009877366198269844,-0.01787555326638912,0.05796379258009021,Doosan Corp,Doosan Robotics IPO
2023-10-19,80600.0,80600.0,78200.0,78800.0,179484.0,10.62,000150,Doosan Corp,-0.03312883435582825,9,-0.14161220043572986,-0.01900430439373013,-0.01412452996209812,0.04383926261799209,Doosan Corp,Doosan Robotics IPO
2023-10-20,77600.0,78000.0,75700.0,76300.0,193374.0,10.67,000150,Doosan Corp,-0.03172588832487311,10,-0.16884531590413943,-0.01688881529927977,-0.01483707302559334,0.029002189592398753,Doosan Corp,Doosan Robotics IPO
2023-10-23,75600.0,76900.0,74800.0,75300.0,112349.0,10.72,000150,Doosan Corp,-0.013106159895150737,11,-0.1797385620915033,-0.007570526315789472,-0.005535633579361265,0.023466556013037487,Doosan Corp,Doosan Robotics IPO
2023-10-24,76500.0,78900.0,73600.0,78600.0,194772.0,10.54,000150,Doosan Corp,0.043824701195219085,12,-0.14379084967320266,0.01123876759637188,0.032585933598847205,0.05605248961188469,Doosan Corp,Doosan Robotics IPO
2023-10-25,78400.0,78500.0,76900.0,77500.0,151183.0,10.37,000150,Doosan Corp,-0.013994910941475869,13,-0.15577342047930287,-0.008533633171247557,-0.005461277770228312,0.05059121184165638,Doosan Corp,Doosan Robotics IPO
2023-10-26,75800.0,76400.0,73200.0,74100.0,204637.0,10.3,000150,Doosan Corp,-0.04387096774193544,14,-0.19281045751633985,-0.02712035105388111,-0.01675061668805433,0.03384059515360205,Doosan Corp,Doosan Robotics IPO
2023-10-27,74400.0,74600.0,72100.0,73200.0,152553.0,10.33,000150,Doosan Corp,-0.012145748987854255,15,-0.20261437908496727,0.0016223880856691686,-0.013768137073523423,0.020072458080078626,Doosan Corp,Doosan Robotics IPO
2023-10-30,72300.0,76500.0,72200.0,75200.0,202420.0,10.43,000150,Doosan Corp,0.02732240437158473,16,-0.18082788671023964,0.0033611109904856384,0.02396129338109909,0.04403375146117772,Doosan Corp,Doosan Robotics IPO
2023-10-31,75600.0,75800.0,72800.0,74400.0,124180.0,10.6,000150,Doosan Corp,-0.010638297872340385,17,-0.1895424836601307,-0.014091882885027496,0.0034535850126871104,0.04748733647386483,Doosan Corp,Doosan Robotics IPO
2023-11-01,74700.0,75700.0,74100.0,74900.0,95280.0,10.51,000150,Doosan Corp,0.006720430107526987,18,-0.18409586056644878,0.010346840855315564,-0.0036264107477885776,0.04386092572607625,Doosan Corp,Doosan Robotics IPO
2023-11-02,76400.0,77400.0,74500.0,76400.0,165756.0,10.52,000150,Doosan Corp,0.020026702269692942,19,-0.16775599128540308,0.018057317645423065,0.0019693846242698765,0.045830310350346126,Doosan Corp,Doosan Robotics IPO
2023-11-03,76700.0,76700.0,74300.0,75700.0,213578.0,10.07,000150,Doosan Corp,-0.009162303664921434,20,-0.1753812636165577,0.010763426542387933,-0.019925730207309367,0.02590458014303676,Doosan Corp,Doosan Robotics IPO
2023-11-06,77400.0,83500.0,77000.0,83100.0,451314.0,10.43,000150,Doosan Corp,0.09775429326287988,21,-0.09477124183006536,0.05659238116148857,0.04116191210139131,0.06706649224442807,Doosan Corp,Doosan Robotics IPO
2023-11-07,83100.0,83200.0,78600.0,79900.0,215166.0,10.21,000150,Doosan Corp,-0.038507821901323736,22,-0.12962962962962965,-0.023341871905433575,-0.01516594999589016,0.051900542248537906,Doosan Corp,Doosan Robotics IPO
2023-11-08,80700.0,81700.0,78800.0,80400.0,149777.0,10.07,000150,Doosan Corp,0.006257822277847325,23,-0.12418300653594772,-0.009140902469762291,0.015398724747609616,0.06729926699614752,Doosan Corp,Doosan Robotics IPO
2023-11-09,80100.0,80500.0,78700.0,79100.0,90967.0,9.92,000150,Doosan Corp,-0.016169154228855676,24,-0.13834422657952072,0.002254689009836497,-0.018423843238692172,0.04887542375745535,Doosan Corp,Doosan Robotics IPO
2023-11-10,78100.0,78200.0,76800.0,76900.0,82705.0,10.09,000150,Doosan Corp,-0.027812895069532217,25,-0.16230936819172115,-0.007177348913097292,-0.020635546156434925,0.028239877601020424,Doosan Corp,Doosan Robotics IPO
2023-11-13,77900.0,78600.0,75700.0,76400.0,74605.0,10.1,000150,Doosan Corp,-0.006501950585175553,26,-0.16775599128540308,-0.0024484782085437695,-0.004053472376631784,0.02418640522438864,Doosan Corp,Doosan Robotics IPO
2023-11-14,76500.0,79600.0,76500.0,78900.0,94321.0,10.19,000150,Doosan Corp,0.0327225130890052,27,-0.1405228758169934,0.012268279695144102,0.0204542333938611,0.04464063861824974,Doosan Corp,Doosan Robotics IPO
2023-11-15,80800.0,81800.0,80000.0,81600.0,139832.0,10.32,000150,Doosan Corp,0.034220532319391594,28,-0.11111111111111116,0.02195417651289433,0.012266355806497264,0.056906994424747004,Doosan Corp,Doosan Robotics IPO
2023-11-16,81700.0,83900.0,80700.0,83200.0,107095.0,10.37,000150,Doosan Corp,0.019607843137254832,29,-0.09368191721132901,0.000607237791906412,0.01900060534534842,0.07590759977009542,Doosan Corp,Doosan Robotics IPO
2023-11-17,83100.0,83100.0,80800.0,82100.0,101129.0,10.26,000150,Doosan Corp,-0.013221153846153855,30,-0.10566448801742923,-0.007366830374008315,-0.0058543234721455395,0.07005327629794988,Doosan Corp,Doosan Robotics IPO
2023-11-20,81600.0,84300.0,81500.0,83800.0,105593.0,10.23,000150,Doosan Corp,0.020706455542021995,31,-0.08714596949891062,0.008644249650788582,0.012062205891233413,0.0821154821891833,Doosan Corp,Doosan Robotics IPO
2023-11-21,84200.0,84300.0,82800.0,83700.0,75245.0,10.13,000150,Doosan Corp,-0.0011933174224343368,32,-0.08823529411764708,0.0077151573538858376,-0.008908474776320174,0.07320700741286312,Doosan Corp,Doosan Robotics IPO
2023-11-22,83100.0,85500.0,82800.0,84600.0,136919.0,10.07,000150,Doosan Corp,0.010752688172043001,33,-0.07843137254901966,0.0005098748416598742,0.010242813330383127,0.08344982074324625,Doosan Corp,Doosan Robotics IPO
2023-11-23,84800.0,86400.0,84600.0,85000.0,114369.0,10.0,000150,Doosan Corp,0.004728132387706863,34,-0.07407407407407407,0.0012979257076881634,0.003430206680018699,0.08688002742326495,Doosan Corp,Doosan Robotics IPO
2023-11-24,85000.0,87000.0,85000.0,86700.0,112359.0,10.05,000150,Doosan Corp,0.020000000000000018,35,-0.05555555555555558,-0.007288386296402272,0.02728838629640229,0.11416841371966724,Doosan Corp,Doosan Robotics IPO
2023-11-27,87700.0,89600.0,87200.0,88500.0,223652.0,9.96,000150,Doosan Corp,0.02076124567474058,36,-0.03594771241830064,-0.0003885237299880995,0.02114976940472868,0.13531818312439592,Doosan Corp,Doosan Robotics IPO
2023-11-28,88000.0,88300.0,86100.0,87800.0,139951.0,9.91,000150,Doosan Corp,-0.00790960451977396,37,-0.04357298474945537,0.010458155357701004,-0.018367759877474965,0.11695042324692095,Doosan Corp,Doosan Robotics IPO
2023-11-29,88200.0,92200.0,87000.0,87900.0,314741.0,9.92,000150,Doosan Corp,0.001138952164009055,38,-0.042483660130718914,-0.0007732694625977032,0.0019122216266067582,0.11886264487352771,Doosan Corp,Doosan Robotics IPO
2023-11-30,88100.0,92200.0,88100.0,92100.0,209068.0,10.17,000150,Doosan Corp,0.04778156996587035,39,0.0032679738562091387,0.006143320329707436,0.041638249636162916,0.16050089450969063,Doosan Corp,Doosan Robotics IPO
2023-12-01,92600.0,92600.0,89200.0,89300.0,115614.0,10.11,000150,Doosan Corp,-0.030401737242128135,40,-0.027233115468409563,-0.011943406868642148,-0.018458330373485987,0.14204256413620464,Doosan Corp,Doosan Robotics IPO
2023-12-04,89300.0,89800.0,86900.0,89200.0,95318.0,10.24,000150,Doosan Corp,-0.0011198208286674616,41,-0.028322440087146017,0.003968048031744331,-0.005087868860411793,0.13695469527579285,Doosan Corp,Doosan Robotics IPO
2023-12-05,89400.0,90800.0,88200.0,90100.0,97799.0,10.32,000150,Doosan Corp,0.010089686098654793,42,-0.01851851851851849,-0.0082188512694088,0.018308537368063593,0.15526323264385644,Doosan Corp,Doosan Robotics IPO
2023-12-06,90100.0,90700.0,87800.0,89600.0,106885.0,10.47,000150,Doosan Corp,-0.005549389567147567,43,-0.023965141612200425,0.000441009028657513,-0.00599039859580508,0.14927283404805136,Doosan Corp,Doosan Robotics IPO
2023-12-07,88600.0,89600.0,87500.0,89300.0,97562.0,10.48,000150,Doosan Corp,-0.0033482142857143016,44,-0.027233115468409563,-0.0013264512819690655,-0.002021763003745236,0.14725107104430613,Doosan Corp,Doosan Robotics IPO
2023-12-08,89400.0,91300.0,88500.0,90200.0,87965.0,10.48,000150,Doosan Corp,0.010078387458006821,45,-0.017429193899782147,0.010344813749212367,-0.00026642629120554595,0.14698464475310058,Doosan Corp,Doosan Robotics IPO
2023-12-11,90200.0,90500.0,88700.0,88900.0,59112.0,10.5,000150,Doosan Corp,-0.014412416851441234,46,-0.031590413943355156,0.002982703497031336,-0.01739512034847257,0.129589524404628,Doosan Corp,Doosan Robotics IPO
2023-12-12,88900.0,89400.0,88200.0,88400.0,54412.0,10.56,000150,Doosan Corp,-0.0056242969628796935,47,-0.03703703703703709,0.0039241929863464975,-0.009548489949226191,0.12004103445540182,Doosan Corp,Doosan Robotics IPO
2023-12-13,88100.0,88700.0,86900.0,87100.0,83402.0,10.6,000150,Doosan Corp,-0.014705882352941124,48,-0.05119825708060999,-0.009707052897719004,-0.00499882945522212,0.1150422050001797,Doosan Corp,Doosan Robotics IPO
2023-12-14,87900.0,89800.0,87800.0,89500.0,97717.0,10.73,000150,Doosan Corp,0.027554535017221493,49,-0.025054466230936767,0.013351071033114836,0.014203463984106657,0.12924566898428635,Doosan Corp,Doosan Robotics IPO
2023-12-15,89500.0,90900.0,89300.0,90900.0,98953.0,10.82,000150,Doosan Corp,0.015642458100558754,50,-0.009803921568627416,0.00761738556234226,0.008025072538216493,0.13727074152250285,Doosan Corp,Doosan Robotics IPO
2023-12-18,91500.0,91800.0,90100.0,91700.0,82941.0,10.84,000150,Doosan Corp,0.008800880088008833,51,-0.0010893246187363426,0.0012872723868371239,0.0075136077011717095,0.14478434922367456,Doosan Corp,Doosan Robotics IPO
2023-12-19,92200.0,93000.0,91500.0,92400.0,95551.0,10.78,000150,Doosan Corp,0.007633587786259444,52,0.006535947712418277,0.0006583919652805026,0.006975195820978941,0.1517595450446535,Doosan Corp,Doosan Robotics IPO
2023-12-20,92700.0,95600.0,92200.0,95100.0,134314.0,10.76,000150,Doosan Corp,0.02922077922077926,53,0.03594771241830075,0.01781160576979235,0.01140917345098691,0.1631687184956404,Doosan Corp,Doosan Robotics IPO
2023-12-21,93200.0,94500.0,92900.0,94100.0,62101.0,10.69,000150,Doosan Corp,-0.01051524710830709,54,0.025054466230936878,-0.0054622652335234445,-0.005052981874783646,0.15811573662085676,Doosan Corp,Doosan Robotics IPO
2023-12-22,94800.0,94800.0,92000.0,92000.0,70829.0,10.65,000150,Doosan Corp,-0.022316684378320906,55,0.002178649237472685,-0.00019615233728964565,-0.02212053204103126,0.1359952045798255,Doosan Corp,Doosan Robotics IPO
2023-12-26,92000.0,93700.0,91000.0,92200.0,67485.0,10.64,000150,Doosan Corp,0.0021739130434783593,56,0.004357298474945592,0.0011848386811359468,0.0009890743623424125,0.13698427894216791,Doosan Corp,Doosan Robotics IPO
2023-12-27,91200.0,92700.0,90600.0,91700.0,84885.0,10.69,000150,Doosan Corp,-0.005422993492407824,57,-0.0010893246187363426,0.004191977991155005,-0.009614971483562829,0.12736930745860509,Doosan Corp,Doosan Robotics IPO
2023-12-28,91500.0,94000.0,91500.0,93900.0,66125.0,10.75,000150,Doosan Corp,0.02399127589967276,58,0.02287581699346397,0.015986225368280094,0.008005050531392666,0.13537435798999775,Doosan Corp,Doosan Robotics IPO
2024-01-02,93400.0,93900.0,91500.0,92600.0,60586.0,10.67,000150,Doosan Corp,-0.013844515441959526,59,0.008714596949890963,0.0054721159350425985,-0.019316631377002125,0.11605772661299563,Doosan Corp,Doosan Robotics IPO
2024-01-03,91600.0,92300.0,90000.0,90000.0,63043.0,10.74,000150,Doosan Corp,-0.02807775377969768,60,-0.019607843137254943,-0.023409905573804846,-0.004667848205892833,0.1113898784071028,Doosan Corp,Doosan Robotics IPO
2024-01-04,89000.0,90500.0,88500.0,89700.0,46006.0,10.79,000150,Doosan Corp,-0.0033333333333332993,61,-0.022875816993464082,-0.007781966854727651,0.004448633521394352,0.11583851192849715,Doosan Corp,Doosan Robotics IPO
2024-01-05,89100.0,90400.0,88200.0,89000.0,50964.0,10.82,000150,Doosan Corp,-0.0078037904124860225,62,-0.030501089324618702,-0.0034557135236681358,-0.004348076888817887,0.11149043503967926,Doosan Corp,Doosan Robotics IPO
2024-01-08,88500.0,89300.0,87800.0,88300.0,54345.0,10.85,000150,Doosan Corp,-0.00786516853932584,63,-0.03812636165577343,-0.00397970582759255,-0.0038854627117332896,0.10760497232794597,Doosan Corp,Doosan Robotics IPO
2023-07-03,92200.0,95400.0,92200.0,94600.0,191716.0,2.22,277810,Rainbow Robotics,,-63,-0.33380281690140845,,,0.0,Rainbow Robotics,Doosan Robotics IPO
2023-07-04,94800.0,95900.0,92700.0,95000.0,177294.0,2.23,277810,Rainbow Robotics,0.0042283298097252064,-62,-0.33098591549295775,-0.003519733176559181,0.0077480629862843875,0.0077480629862843875,Rainbow Robotics,Doosan Robotics IPO
2023-07-05,94600.0,95800.0,93000.0,95500.0,170432.0,2.32,277810,Rainbow Robotics,0.0052631578947368585,-61,-0.3274647887323944,-0.0055180445068271355,0.010781202401563994,0.01852926538784838,Rainbow Robotics,Doosan Robotics IPO
2023-07-06,95700.0,95700.0,92000.0,92200.0,168773.0,2.19,277810,Rainbow Robotics,-0.034554973821989576,-60,-0.35070422535211265,-0.008805738658394735,-0.02574923516359484,-0.00721996977574646,Rainbow Robotics,Doosan Robotics IPO
2023-07-07,92300.0,93400.0,91100.0,91100.0,126827.0,2.21,277810,Rainbow Robotics,-0.01193058568329719,-59,-0.3584507042253521,-0.011571457072554359,-0.00035912861074283153,-0.007579098386489291,Rainbow Robotics,Doosan Robotics IPO
2023-07-10,91100.0,91700.0,87800.0,89600.0,226717.0,2.37,277810,Rainbow Robotics,-0.016465422612513714,-58,-0.3690140845070422,-0.0023785871746263565,-0.014086835437887357,-0.02166593382437665,Rainbow Robotics,Doosan Robotics IPO
2023-07-11,89600.0,92800.0,89500.0,92100.0,151891.0,2.58,277810,Rainbow Robotics,0.02790178571428581,-57,-0.35140845070422533,0.01657872813107475,0.01132305758321106,-0.010342876241165588,Rainbow Robotics,Doosan Robotics IPO
2023-07-12,92100.0,93000.0,89800.0,91100.0,164512.0,2.55,277810,Rainbow Robotics,-0.010857763300760048,-56,-0.3584507042253521,0.004772701552006042,-0.01563046485276609,-0.02597334109393168,Rainbow Robotics,Doosan Robotics IPO
2023-07-13,91100.0,92000.0,90200.0,90400.0,163983.0,2.52,277810,Rainbow Robotics,-0.007683863885839748,-55,-0.3633802816901408,0.006412347750434977,-0.014096211636274725,-0.040069552730206404,Rainbow Robotics,Doosan Robotics IPO
2023-07-14,90900.0,91700.0,88900.0,91400.0,229665.0,2.66,277810,Rainbow Robotics,0.01106194690265494,-54,-0.35633802816901405,0.014305947368624228,-0.003244000465969288,-0.04331355319617569,Rainbow Robotics,Doosan Robotics IPO
2023-07-17,91100.0,100200.0,89400.0,98400.0,1408986.0,2.71,277810,Rainbow Robotics,0.07658643326039383,-53,-0.3070422535211268,-0.0035384088574363926,0.08012484211783022,0.03681128892165453,Rainbow Robotics,Doosan Robotics IPO
2023-07-18,97400.0,97400.0,93200.0,93500.0,420291.0,2.5,277810,Rainbow Robotics,-0.04979674796747968,-52,-0.3415492957746479,-0.004345169912180258,-0.045451578055299424,-0.008640289133644896,Rainbow Robotics,Doosan Robotics IPO
2023-07-19,94000.0,97400.0,91800.0,95400.0,516935.0,2.59,277810,Rainbow Robotics,0.02032085561497321,-51,-0.32816901408450705,0.00023776470498004798,0.020083090909993162,0.011442801776348266,Rainbow Robotics,Doosan Robotics IPO
2023-07-20,95000.0,99000.0,93000.0,97900.0,347568.0,2.64,277810,Rainbow Robotics,0.026205450733752578,-50,-0.31056338028169017,-0.0030710364076924623,0.02927648714144504,0.040719288917793306,Rainbow Robotics,Doosan Robotics IPO
2023-07-21,96600.0,105000.0,95700.0,98700.0,1458720.0,2.68,277810,Rainbow Robotics,0.008171603677221695,-49,-0.30492957746478877,0.003665060398503339,0.004506543278718356,0.04522583219651166,Rainbow Robotics,Doosan Robotics IPO
2023-07-24,101000.0,104900.0,99400.0,104100.0,1014649.0,2.73,277810,Rainbow Robotics,0.054711246200607855,-48,-0.2669014084507042,0.007192232235914364,0.04751901396469349,0.09274484616120515,Rainbow Robotics,Doosan Robotics IPO
2023-07-25,104900.0,104900.0,99500.0,99600.0,542145.0,2.48,277810,Rainbow Robotics,-0.043227665706051854,-47,-0.2985915492957747,0.0030168953749813987,-0.04624456108103325,0.0465002850801719,Rainbow Robotics,Doosan Robotics IPO
2023-07-26,100800.0,101000.0,92300.0,93000.0,820997.0,2.48,277810,Rainbow Robotics,-0.0662650602409639,-46,-0.34507042253521125,-0.016726974807127704,-0.0495380854338362,-0.0030378003536642995,Rainbow Robotics,Doosan Robotics IPO
2023-07-27,92500.0,100900.0,92500.0,95500.0,894477.0,2.68,277810,Rainbow Robotics,0.026881720430107503,-45,-0.3274647887323944,0.0044168248237126395,0.022464895606394863,0.019427095252730564,Rainbow Robotics,Doosan Robotics IPO
2023-07-28,97900.0,101200.0,95600.0,99800.0,702301.0,3.05,277810,Rainbow Robotics,0.04502617801047126,-44,-0.29718309859154934,0.0017320772252968908,0.04329410078517437,0.06272119603790494,Rainbow Robotics,Doosan Robotics IPO
2023-07-31,101500.0,117200.0,99800.0,113900.0,3612339.0,3.93,277810,Rainbow Robotics,0.1412825651302605,-43,-0.19788732394366193,0.009301006011532165,0.13198155911872833,0.19470275515663327,Rainbow Robotics,Doosan Robotics IPO
2023-08-01,115200.0,119900.0,112600.0,119000.0,1943909.0,3.71,277810,Rainbow Robotics,0.04477611940298498,-42,-0.1619718309859155,0.013101216297320528,0.031674903105664454,0.22637765826229772,Rainbow Robotics,Doosan Robotics IPO
2023-08-02,122300.0,126600.0,114000.0,115300.0,2082341.0,3.6,277810,Rainbow Robotics,-0.031092436974789917,-41,-0.18802816901408448,-0.018972130465267245,-0.012120306509522671,0.21425735175277505,Rainbow Robotics,Doosan Robotics IPO
2023-08-03,115300.0,120100.0,109900.0,111300.0,1106952.0,3.12,277810,Rainbow Robotics,-0.034692107545533424,-40,-0.2161971830985916,-0.004234713182264649,-0.030457394363268775,0.18379995738950627,Rainbow Robotics,Doosan Robotics IPO
2023-08-04,111500.0,135400.0,109200.0,134000.0,4988648.0,3.54,277810,Rainbow Robotics,0.20395327942497743,-39,-0.05633802816901412,-0.0009940930148651939,0.20494737243984262,0.3887473298293489,Rainbow Robotics,Doosan Robotics IPO
2023-08-07,134000.0,153400.0,130600.0,141000.0,6556908.0,3.32,277810,Rainbow Robotics,0.052238805970149294,-38,-0.007042253521126751,-0.00848701398493934,0.060725819955088634,0.44947314978443753,Rainbow Robotics,Doosan Robotics IPO
2023-08-08,139500.0,144900.0,134400.0,144500.0,2466912.0,3.55,277810,Rainbow Robotics,0.024822695035461084,-37,0.01760563380281699,-0.0026078094787868045,0.02743050451424789,0.4769036542986854,Rainbow Robotics,Doosan Robotics IPO
2023-08-09,145100.0,149200.0,140100.0,142800.0,1752101.0,3.64,277810,Rainbow Robotics,-0.0117647058823529,-36,0.005633802816901401,0.012097996099425634,-0.023862701981778534,0.4530409523169069,Rainbow Robotics,Doosan Robotics IPO
2023-08-10,141500.0,147400.0,138000.0,138000.0,1475952.0,3.9,277810,Rainbow Robotics,-0.03361344537815125,-35,-0.028169014084507005,-0.0013665397371329657,-0.032246905641018286,0.4207940466758886,Rainbow Robotics,Doosan Robotics IPO
2023-08-11,139200.0,147000.0,135400.0,137000.0,1787986.0,3.87,277810,Rainbow Robotics,-0.007246376811594235,-34,-0.035211267605633756,-0.003959162963760088,-0.0032872138478341473,0.41750683282805445,Rainbow Robotics,Doosan Robotics IPO
2023-08-14,135800.0,141000.0,134600.0,139000.0,863553.0,4.08,277810,Rainbow Robotics,0.014598540145985384,-33,-0.021126760563380254,-0.007868758827751843,0.022467298973737226,0.4399741318017917,Rainbow Robotics,Doosan Robotics IPO
2023-08-16,137200.0,137600.0,120100.0,121100.0,1736557.0,3.58,277810,Rainbow Robotics,-0.1287769784172662,-32,-0.14718309859154932,-0.01759326609280132,-0.11118371232446489,0.3287904194773268,Rainbow Robotics,Doosan Robotics IPO
2023-08-17,119600.0,122000.0,118600.0,119600.0,852596.0,3.68,277810,Rainbow Robotics,-0.012386457473162693,-31,-0.15774647887323945,-0.002292488240604351,-0.010093969232558342,0.31869645024476845,Rainbow Robotics,Doosan Robotics IPO
2023-08-18,116900.0,118100.0,112800.0,114000.0,826566.0,4.19,277810,Rainbow Robotics,-0.04682274247491636,-30,-0.19718309859154926,-0.006091632438438799,-0.04073111003647756,0.2779653402082909,Rainbow Robotics,Doosan Robotics IPO
2023-08-21,114400.0,115400.0,110300.0,111100.0,541500.0,4.28,277810,Rainbow Robotics,-0.025438596491228038,-29,-0.21760563380281694,0.001716909562787139,-0.027155506054015177,0.2508098341542757,Rainbow Robotics,Doosan Robotics IPO
2023-08-22,112400.0,112900.0,108000.0,108900.0,466187.0,4.05,277810,Rainbow Robotics,-0.01980198019801982,-28,-0.2330985915492958,0.0027662627551019447,-0.022568242953121764,0.22824159120115395,Rainbow Robotics,Doosan Robotics IPO
2023-08-23,109900.0,112400.0,107200.0,108200.0,495489.0,3.82,277810,Rainbow Robotics,-0.006427915518824601,-27,-0.23802816901408452,-0.00407037293201995,-0.0023575425868046507,0.2258840486143493,Rainbow Robotics,Doosan Robotics IPO
2023-08-24,110000.0,114600.0,108000.0,112100.0,717002.0,3.46,277810,Rainbow Robotics,0.03604436229205166,-26,-0.2105633802816902,0.012843743763719662,0.023200618528331995,0.2490846671426813,Rainbow Robotics,Doosan Robotics IPO
2023-08-25,109200.0,110000.0,106100.0,107800.0,418632.0,3.01,277810,Rainbow Robotics,-0.038358608385370196,-25,-0.24084507042253522,-0.007305885690867209,-0.031052722694502988,0.2180319444481783,Rainbow Robotics,Doosan Robotics IPO
2023-08-28,109400.0,115300.0,109000.0,115300.0,600855.0,3.3,277810,Rainbow Robotics,0.06957328385899819,-24,-0.18802816901408448,0.009634240256595428,0.059939043602402764,0.27797098805058107,Rainbow Robotics,Doosan Robotics IPO
2023-08-29,116200.0,118900.0,113400.0,117700.0,465318.0,3.28,277810,Rainbow Robotics,0.020815264527320076,-23,-0.17112676056338028,0.003440263268603916,0.01737500125871616,0.29534598930929723,Rainbow Robotics,Doosan Robotics IPO
2023-08-30,118000.0,119800.0,115400.0,116600.0,507959.0,2.86,277810,Rainbow Robotics,-0.009345794392523366,-22,-0.1788732394366197,0.0035499341734059886,-0.012895728565929354,0.2824502607433679,Rainbow Robotics,Doosan Robotics IPO
2023-08-31,116600.0,151500.0,115500.0,151500.0,6053300.0,3.19,277810,Rainbow Robotics,0.29931389365351624,-21,0.06690140845070425,-0.0019326727106612207,0.30124656636417746,0.5836968271075453,Rainbow Robotics,Doosan Robotics IPO
2023-09-01,155400.0,170800.0,155300.0,162800.0,8008123.0,4.57,277810,Rainbow Robotics,0.07458745874587458,-20,0.14647887323943665,0.002910490675867683,0.0716769680700069,0.6553737951775522,Rainbow Robotics,Doosan Robotics IPO
2023-09-04,160300.0,174000.0,160100.0,162500.0,3471270.0,5.8,277810,Rainbow Robotics,-0.0018427518427518441,-19,0.1443661971830985,0.008128844526096968,-0.009971596368848812,0.6454021988087034,Rainbow Robotics,Doosan Robotics IPO
2023-09-05,163000.0,178800.0,162700.0,175200.0,3814479.0,6.6,277810,Rainbow Robotics,0.07815384615384624,-18,0.23380281690140836,-0.0009169874833144798,0.07907083363716072,0.7244730324458641,Rainbow Robotics,Doosan Robotics IPO
2023-09-06,172100.0,183700.0,165800.0,175500.0,3000205.0,6.76,277810,Rainbow Robotics,0.001712328767123239,-17,0.2359154929577465,-0.007296160608478042,0.00900848937560128,0.7334815218214654,Rainbow Robotics,Doosan Robotics IPO
2023-09-07,176000.0,199000.0,176000.0,190000.0,4218091.0,6.87,277810,Rainbow Robotics,0.0826210826210827,-16,0.3380281690140845,-0.005882949589207764,0.08850403221029046,0.8219855540317559,Rainbow Robotics,Doosan Robotics IPO
2023-09-08,190500.0,214000.0,186000.0,212000.0,4641087.0,7.55,277810,Rainbow Robotics,0.11578947368421044,-15,0.49295774647887325,-0.00022760628821250073,0.11601707997242294,0.9380026340041788,Rainbow Robotics,Doosan Robotics IPO
2023-09-11,220000.0,242000.0,202000.0,212500.0,4986965.0,6.36,277810,Rainbow Robotics,0.002358490566037652,-14,0.4964788732394365,0.0036111285561766238,-0.0012526379901389717,0.9367499960140399,Rainbow Robotics,Doosan Robotics IPO
2023-09-12,209500.0,214500.0,191800.0,195800.0,2886930.0,6.48,277810,Rainbow Robotics,-0.07858823529411763,-13,0.37887323943661966,-0.00793936359938685,-0.07064887169473077,0.8661011243193091,Rainbow Robotics,Doosan Robotics IPO
2023-09-13,194100.0,196500.0,186200.0,189000.0,1830163.0,6.64,277810,Rainbow Robotics,-0.03472931562819204,-12,0.33098591549295775,-0.0007411554139826748,-0.03398816021420936,0.8321129641050997,Rainbow Robotics,Doosan Robotics IPO
2023-09-14,190400.0,201000.0,181900.0,198600.0,2191113.0,6.95,277810,Rainbow Robotics,0.050793650793650835,-11,0.39859154929577456,0.01506687181915023,0.035726778974500606,0.8678397430796003,Rainbow Robotics,Doosan Robotics IPO
2023-09-15,197500.0,199000.0,180000.0,181800.0,2067863.0,5.79,277810,Rainbow Robotics,-0.0845921450151057,-10,0.28028169014084514,0.011034284403919514,-0.09562642941902522,0.7722133136605751,Rainbow Robotics,Doosan Robotics IPO
2023-09-18,179000.0,185400.0,177200.0,178200.0,901082.0,6.08,277810,Rainbow Robotics,-0.01980198019801982,-9,0.25492957746478884,-0.010210357977611162,-0.009591622220408658,0.7626216914401664,Rainbow Robotics,Doosan Robotics IPO
2023-09-19,178200.0,179200.0,169700.0,172900.0,1003400.0,6.37,277810,Rainbow Robotics,-0.02974186307519644,-8,0.21760563380281694,-0.006023956002982778,-0.023717907072213662,0.7389037843679528,Rainbow Robotics,Doosan Robotics IPO
2023-09-20,176800.0,178800.0,168400.0,175000.0,1038895.0,6.04,277810,Rainbow Robotics,0.012145748987854255,-7,0.232394366197183,0.00020709515827133096,0.011938653829582924,0.7508424381975357,Rainbow Robotics,Doosan Robotics IPO
2023-09-21,172600.0,174600.0,164000.0,164000.0,791229.0,6.06,277810,Rainbow Robotics,-0.06285714285714283,-6,0.15492957746478875,-0.017490057583973373,-0.04536708527316946,0.7054753529243663,Rainbow Robotics,Doosan Robotics IPO
2023-09-22,159400.0,175900.0,159300.0,166600.0,2054205.0,5.59,277810,Rainbow Robotics,0.01585365853658538,-5,0.1732394366197183,-0.002719714350469249,0.01857337288705463,0.7240487258114209,Rainbow Robotics,Doosan Robotics IPO
2023-09-25,167200.0,169400.0,154600.0,164800.0,1061857.0,5.44,277810,Rainbow Robotics,-0.010804321728691502,-4,0.16056338028169015,-0.004931961261976037,-0.005872360466715465,0.7181763653447054,Rainbow Robotics,Doosan Robotics IPO
2023-09-26,168000.0,173900.0,160100.0,164500.0,1041110.0,4.82,277810,Rainbow Robotics,-0.00182038834951459,-3,0.158450704225352,-0.0131382825271662,0.01131789417765161,0.729494259522357,Rainbow Robotics,Doosan Robotics IPO
2023-09-27,162500.0,171900.0,160900.0,168600.0,797965.0,4.9,277810,Rainbow Robotics,0.02492401215805473,-2,0.1873239436619718,0.0008526291428643251,0.024071383015190406,0.7535656425375474,Rainbow Robotics,Doosan Robotics IPO
2023-10-04,166900.0,166900.0,153500.0,155000.0,773651.0,4.11,277810,Rainbow Robotics,-0.08066429418742582,-1,0.09154929577464799,-0.02408856543627569,-0.056575728751150134,0.6969899137863973,Rainbow Robotics,Doosan Robotics IPO
2023-10-05,157800.0,158900.0,139500.0,142000.0,1234479.0,4.7,277810,Rainbow Robotics,-0.08387096774193548,0,0.0,-0.0008687736158857762,-0.0830021941260497,0.6139877196603476,Rainbow Robotics,Doosan Robotics IPO
2023-10-06,140300.0,144800.0,138500.0,139400.0,468527.0,4.72,277810,Rainbow Robotics,-0.018309859154929553,1,-0.018309859154929553,0.0021342985521717317,-0.020444157707101285,0.5935435619532463,Rainbow Robotics,Doosan Robotics IPO
2023-10-10,139900.0,141000.0,133000.0,133800.0,618439.0,5.08,277810,Rainbow Robotics,-0.04017216642754662,2,-0.05774647887323947,-0.002553212688844342,-0.03761895373870228,0.555924608214544,Rainbow Robotics,Doosan Robotics IPO
2023-10-11,136900.0,137600.0,131400.0,132200.0,404245.0,5.02,277810,Rainbow Robotics,-0.01195814648729443,3,-0.06901408450704227,0.019770413472184112,-0.03172855995947854,0.5241960482550655,Rainbow Robotics,Doosan Robotics IPO
2023-10-12,134300.0,144200.0,133500.0,142000.0,874312.0,4.7,277810,Rainbow Robotics,0.07413010590015134,4,0.0,0.012138379154966517,0.06199172674518483,0.5861877750002503,Rainbow Robotics,Doosan Robotics IPO
2023-10-13,140900.0,146000.0,136200.0,141200.0,568746.0,4.3,277810,Rainbow Robotics,-0.005633802816901401,5,-0.005633802816901401,-0.00954504762442443,0.003911244807523029,0.5900990198077734,Rainbow Robotics,Doosan Robotics IPO
2023-10-16,138500.0,138800.0,131000.0,133800.0,511751.0,4.21,277810,Rainbow Robotics,-0.052407932011331426,6,-0.05774647887323947,-0.008106182439997722,-0.044301749571333704,0.5457972702364396,Rainbow Robotics,Doosan Robotics IPO
2023-10-17,137400.0,147200.0,137400.0,142600.0,937978.0,4.6,277810,Rainbow Robotics,0.06576980568011948,7,0.004225352112676051,0.009822513381276154,0.05594729229884332,0.601744562535283,Rainbow Robotics,Doosan Robotics IPO
2023-10-18,143000.0,149200.0,140900.0,145900.0,742159.0,4.23,277810,Rainbow Robotics,0.023141654978962034,8,0.02746478873239444,0.0009877366198269844,0.02215391835913505,0.623898480894418,Rainbow Robotics,Doosan Robotics IPO
2023-10-19,141000.0,142800.0,136700.0,138400.0,433178.0,4.04,277810,Rainbow Robotics,-0.05140507196710076,9,-0.025352112676056304,-0.01900430439373013,-0.032400767573370626,0.5914977133210474,Rainbow Robotics,Doosan Robotics IPO
2023-10-20,136400.0,136700.0,130000.0,130300.0,538948.0,3.86,277810,Rainbow Robotics,-0.05852601156069359,10,-0.0823943661971831,-0.01688881529927977,-0.04163719626141382,0.5498605170596336,Rainbow Robotics,Doosan Robotics IPO
2023-10-23,128800.0,136000.0,127200.0,133100.0,384819.0,4.31,277810,Rainbow Robotics,0.021488871834228762,11,-0.0626760563380282,-0.007570526315789472,0.029059398150018234,0.5789199152096518,Rainbow Robotics,Doosan Robotics IPO
2023-10-24,134500.0,136300.0,127400.0,134100.0,342267.0,4.08,277810,Rainbow Robotics,0.007513148009015813,12,-0.055633802816901445,0.01123876759637188,-0.003725619587356066,0.5751942956222957,Rainbow Robotics,Doosan Robotics IPO
2023-10-25,137700.0,138200.0,130000.0,130000.0,307411.0,3.71,277810,Rainbow Robotics,-0.030574198359433313,13,-0.08450704225352113,-0.008533633171247557,-0.022040565188185757,0.55315373043411,Rainbow Robotics,Doosan Robotics IPO
2023-10-26,123800.0,133000.0,123400.0,131100.0,385048.0,3.8,277810,Rainbow Robotics,0.00846153846153852,14,-0.0767605633802817,-0.02712035105388111,0.03558188951541963,0.5887356199495296,Rainbow Robotics,Doosan Robotics IPO
2023-10-27,132800.0,134300.0,126000.0,131500.0,306781.0,3.74,277810,Rainbow Robotics,0.0030511060259343914,15,-0.073943661971831,0.0016223880856691686,0.0014287179402652228,0.5901643378897948,Rainbow Robotics,Doosan Robotics IPO
2023-10-30,131600.0,141300.0,128400.0,138700.0,616837.0,3.83,277810,Rainbow Robotics,0.05475285171102651,16,-0.02323943661971828,0.0033611109904856384,0.05139174072054087,0.6415560786103357,Rainbow Robotics,Doosan Robotics IPO
2023-10-31,140200.0,144500.0,136600.0,141000.0,470335.0,3.52,277810,Rainbow Robotics,0.016582552271088735,17,-0.007042253521126751,-0.014091882885027496,0.03067443515611623,0.6722305137664519,Rainbow Robotics,Doosan Robotics IPO
2023-11-01,142500.0,144100.0,139200.0,139600.0,397614.0,3.02,277810,Rainbow Robotics,-0.009929078014184411,18,-0.016901408450704203,0.010346840855315564,-0.020275918869499976,0.651954594896952,Rainbow Robotics,Doosan Robotics IPO
2023-11-02,143800.0,149000.0,141600.0,143300.0,568003.0,3.3,277810,Rainbow Robotics,0.026504297994269344,19,0.009154929577464888,0.018057317645423065,0.008446980348846278,0.6604015752457982,Rainbow Robotics,Doosan Robotics IPO
2023-11-03,144900.0,153400.0,137500.0,153200.0,881695.0,3.31,277810,Rainbow Robotics,0.06908583391486389,20,0.07887323943661961,0.010763426542387933,0.05832240737247596,0.7187239826182742,Rainbow Robotics,Doosan Robotics IPO
2023-11-06,158100.0,177000.0,155300.0,175200.0,1621973.0,3.6,277810,Rainbow Robotics,0.14360313315926887,21,0.23380281690140836,0.05659238116148857,0.0870107519977803,0.8057347346160545,Rainbow Robotics,Doosan Robotics IPO
2023-11-07,171700.0,172000.0,160000.0,166100.0,823958.0,3.24,277810,Rainbow Robotics,-0.0519406392694064,22,0.16971830985915504,-0.023341871905433575,-0.02859876736397282,0.7771359672520817,Rainbow Robotics,Doosan Robotics IPO
2023-11-08,166100.0,168700.0,161000.0,167300.0,492900.0,3.1,277810,Rainbow Robotics,0.007224563515954241,23,0.17816901408450714,-0.009140902469762291,0.016365465985716532,0.7935014332377982,Rainbow Robotics,Doosan Robotics IPO
2023-11-09,165100.0,167000.0,162500.0,163800.0,314890.0,3.28,277810,Rainbow Robotics,-0.02092050209205021,24,0.1535211267605634,0.002254689009836497,-0.023175191101886705,0.7703262421359115,Rainbow Robotics,Doosan Robotics IPO
2023-11-10,160400.0,160900.0,150300.0,150600.0,549642.0,3.49,277810,Rainbow Robotics,-0.08058608058608063,25,0.06056338028169006,-0.007177348913097292,-0.07340873167298334,0.6969175104629282,Rainbow Robotics,Doosan Robotics IPO
2023-11-13,152500.0,157000.0,150100.0,151000.0,354498.0,3.61,277810,Rainbow Robotics,0.0026560424966799445,26,0.06338028169014076,-0.0024484782085437695,0.005104520705223714,0.7020220311681519,Rainbow Robotics,Doosan Robotics IPO
2023-11-14,152200.0,155500.0,151000.0,151000.0,270195.0,3.63,277810,Rainbow Robotics,0.0,27,0.06338028169014076,0.012268279695144102,-0.012268279695144102,0.6897537514730078,Rainbow Robotics,Doosan Robotics IPO
2023-11-15,158100.0,162500.0,154300.0,158400.0,547933.0,3.66,277810,Rainbow Robotics,0.049006622516556186,28,0.11549295774647894,0.02195417651289433,0.027052446003661856,0.7168061974766696,Rainbow Robotics,Doosan Robotics IPO
2023-11-16,160900.0,166400.0,159000.0,166100.0,562137.0,3.89,277810,Rainbow Robotics,0.04861111111111116,29,0.16971830985915504,0.000607237791906412,0.04800387331920475,0.7648100707958744,Rainbow Robotics,Doosan Robotics IPO
2023-11-17,165300.0,165300.0,158900.0,161400.0,326293.0,3.66,277810,Rainbow Robotics,-0.028296207104154147,30,0.1366197183098592,-0.007366830374008315,-0.020929376730145832,0.7438806940657285,Rainbow Robotics,Doosan Robotics IPO
2023-11-20,160100.0,170000.0,158400.0,167500.0,697287.0,3.89,277810,Rainbow Robotics,0.03779429987608429,31,0.1795774647887325,0.008644249650788582,0.02915005022529571,0.7730307442910243,Rainbow Robotics,Doosan Robotics IPO
2023-11-21,170800.0,171000.0,164900.0,167300.0,357689.0,3.72,277810,Rainbow Robotics,-0.0011940298507462366,32,0.17816901408450714,0.0077151573538858376,-0.008909187204632074,0.7641215570863922,Rainbow Robotics,Doosan Robotics IPO
2023-11-22,165300.0,171400.0,161100.0,161100.0,727471.0,3.58,277810,Rainbow Robotics,-0.037059175134488975,33,0.13450704225352106,0.0005098748416598742,-0.03756904997614885,0.7265525071102433,Rainbow Robotics,Doosan Robotics IPO
2023-11-23,163000.0,167500.0,161700.0,163400.0,365518.0,3.61,277810,Rainbow Robotics,0.014276846679081245,34,0.1507042253521127,0.0012979257076881634,0.012978920971393082,0.7395314280816364,Rainbow Robotics,Doosan Robotics IPO
2023-11-24,165000.0,165700.0,162100.0,164300.0,248678.0,3.64,277810,Rainbow Robotics,0.005507955936352449,35,0.15704225352112666,-0.007288386296402272,0.01279634223275472,0.7523277703143911,Rainbow Robotics,Doosan Robotics IPO
2023-11-27,165500.0,166000.0,161200.0,161500.0,357398.0,3.65,277810,Rainbow Robotics,-0.01704199634814363,36,0.13732394366197176,-0.0003885237299880995,-0.01665347261815553,0.7356742976962356,Rainbow Robotics,Doosan Robotics IPO
2023-11-28,163400.0,193700.0,163100.0,190200.0,3860421.0,4.64,277810,Rainbow Robotics,0.17770897832817334,37,0.33943661971830985,0.010458155357701004,0.16725082297047233,0.9029251206667079,Rainbow Robotics,Doosan Robotics IPO
2023-11-29,188800.0,199000.0,171200.0,177100.0,2672671.0,4.91,277810,Rainbow Robotics,-0.06887486855941116,38,0.2471830985915493,-0.0007732694625977032,-0.06810159909681346,0.8348235215698945,Rainbow Robotics,Doosan Robotics IPO
2023-11-30,179300.0,181500.0,173900.0,177400.0,824095.0,4.27,277810,Rainbow Robotics,0.0016939582156973998,39,0.2492957746478872,0.006143320329707436,-0.004449362114010036,0.8303741594558844,Rainbow Robotics,Doosan Robotics IPO
2023-12-01,175800.0,175800.0,166100.0,168200.0,722971.0,4.04,277810,Rainbow Robotics,-0.05186020293122884,40,0.1845070422535211,-0.011943406868642148,-0.03991679606258669,0.7904573633932978,Rainbow Robotics,Doosan Robotics IPO
2023-12-04,165100.0,166200.0,161100.0,162600.0,405615.0,3.96,277810,Rainbow Robotics,-0.03329369797859694,41,0.1450704225352113,0.003968048031744331,-0.03726174601034127,0.7531956173829565,Rainbow Robotics,Doosan Robotics IPO
2023-12-05,162100.0,167000.0,155200.0,157400.0,455910.0,3.75,277810,Rainbow Robotics,-0.03198031980319804,42,0.10845070422535219,-0.0082188512694088,-0.023761468533789243,0.7294341488491672,Rainbow Robotics,Doosan Robotics IPO
2023-12-06,157000.0,160400.0,152600.0,159900.0,353056.0,3.7,277810,Rainbow Robotics,0.015883100381194337,43,0.12605633802816896,0.000441009028657513,0.015442091352536824,0.7448762402017041,Rainbow Robotics,Doosan Robotics IPO
2023-12-07,157500.0,160900.0,154000.0,154900.0,217419.0,3.76,277810,Rainbow Robotics,-0.03126954346466537,44,0.0908450704225352,-0.0013264512819690655,-0.029943092182696307,0.7149331480190078,Rainbow Robotics,Doosan Robotics IPO
2023-12-08,157100.0,165800.0,154900.0,163900.0,369250.0,3.92,277810,Rainbow Robotics,0.0581020012911555,45,0.15422535211267596,0.010344813749212367,0.047757187541943136,0.7626903355609509,Rainbow Robotics,Doosan Robotics IPO
2023-12-11,166500.0,173100.0,166100.0,172600.0,596032.0,4.26,277810,Rainbow Robotics,0.05308114704087852,46,0.2154929577464788,0.002982703497031336,0.05009844354384718,0.8127887791047981,Rainbow Robotics,Doosan Robotics IPO
2023-12-12,172000.0,174100.0,166500.0,172800.0,336072.0,4.17,277810,Rainbow Robotics,0.0011587485515642815,47,0.21690140845070416,0.0039241929863464975,-0.002765444434782216,0.8100233346700159,Rainbow Robotics,Doosan Robotics IPO
2023-12-13,170000.0,172500.0,168000.0,168400.0,240283.0,4.24,277810,Rainbow Robotics,-0.02546296296296291,48,0.18591549295774645,-0.009707052897719004,-0.015755910065243905,0.794267424604772,Rainbow Robotics,Doosan Robotics IPO
2023-12-14,174200.0,183000.0,171500.0,177400.0,1009184.0,4.45,277810,Rainbow Robotics,0.05344418052256539,49,0.2492957746478872,0.013351071033114836,0.04009310948945055,0.8343605340942225,Rainbow Robotics,Doosan Robotics IPO
2023-12-15,179100.0,182000.0,173400.0,181000.0,547017.0,4.58,277810,Rainbow Robotics,0.02029312288613294,50,0.27464788732394374,0.00761738556234226,0.012675737323790681,0.8470362714180132,Rainbow Robotics,Doosan Robotics IPO
2023-12-18,185400.0,186400.0,177100.0,183400.0,650403.0,4.35,277810,Rainbow Robotics,0.013259668508287303,51,0.29154929577464794,0.0012872723868371239,0.01197239612145018,0.8590086675394634,Rainbow Robotics,Doosan Robotics IPO
2023-12-19,181400.0,184200.0,171700.0,175700.0,723235.0,3.95,277810,Rainbow Robotics,-0.041984732824427495,52,0.23732394366197185,0.0006583919652805026,-0.042643124789708,0.8163655427497554,Rainbow Robotics,Doosan Robotics IPO
2023-12-20,176800.0,178700.0,173000.0,174000.0,456246.0,3.87,277810,Rainbow Robotics,-0.009675583380762687,53,0.22535211267605626,0.01781160576979235,-0.027487189150555036,0.7888783535992003,Rainbow Robotics,Doosan Robotics IPO
2023-12-21,172000.0,184300.0,170100.0,177300.0,881801.0,4.03,277810,Rainbow Robotics,0.018965517241379404,54,0.24859154929577465,-0.0054622652335234445,0.024427782474902848,0.8133061360741032,Rainbow Robotics,Doosan Robotics IPO
2023-12-22,179100.0,179300.0,172900.0,173400.0,309638.0,3.98,277810,Rainbow Robotics,-0.021996615905245376,55,0.2211267605633802,-0.00019615233728964565,-0.02180046356795573,0.7915056725061475,Rainbow Robotics,Doosan Robotics IPO
2023-12-26,173000.0,173000.0,167600.0,170400.0,282521.0,4.08,277810,Rainbow Robotics,-0.01730103806228378,56,0.19999999999999996,0.0011848386811359468,-0.018485876743419727,0.7730197957627277,Rainbow Robotics,Doosan Robotics IPO
2023-12-27,170100.0,177200.0,168400.0,175500.0,357091.0,4.13,277810,Rainbow Robotics,0.029929577464788748,57,0.2359154929577465,0.004191977991155005,0.025737599473633743,0.7987573952363615,Rainbow Robotics,Doosan Robotics IPO
2023-12-28,173900.0,177000.0,173200.0,176000.0,207611.0,4.1,277810,Rainbow Robotics,0.002849002849002913,58,0.23943661971830976,0.015986225368280094,-0.01313722251927718,0.7856201727170843,Rainbow Robotics,Doosan Robotics IPO
2024-01-02,176000.0,177100.0,171800.0,174000.0,218750.0,3.97,277810,Rainbow Robotics,-0.011363636363636354,59,0.22535211267605626,0.0054721159350425985,-0.016835752298678952,0.7687844204184053,Rainbow Robotics,Doosan Robotics IPO
2024-01-03,171100.0,172300.0,165700.0,166400.0,346370.0,3.81,277810,Rainbow Robotics,-0.04367816091954024,60,0.17183098591549295,-0.023409905573804846,-0.020268255345735398,0.7485161650726699,Rainbow Robotics,Doosan Robotics IPO
2024-01-04,164400.0,167900.0,162000.0,164100.0,192533.0,3.99,277810,Rainbow Robotics,-0.013822115384615419,61,0.1556338028169013,-0.007781966854727651,-0.006040148529887768,0.7424760165427822,Rainbow Robotics,Doosan Robotics IPO
2024-01-05,164100.0,169600.0,160500.0,168500.0,278969.0,3.94,277810,Rainbow Robotics,0.026812918951858666,62,0.18661971830985924,-0.0034557135236681358,0.030268632475526802,0.772744649018309,Rainbow Robotics,Doosan Robotics IPO
2024-01-08,166900.0,171500.0,165500.0,168300.0,183866.0,3.93,277810,Rainbow Robotics,-0.001186943620178016,63,0.1852112676056339,-0.00397970582759255,0.002792762207414534,0.7755374112257235,Rainbow Robotics,Doosan Robotics IPO
2023-07-03,29900.0,30250.0,29600.0,29950.0,66134.0,2.18,090360,Robostar,,-63,0.09107468123861562,,,0.0,Robostar,Doosan Robotics IPO
2023-07-04,29950.0,30000.0,29100.0,29700.0,62049.0,2.22,090360,Robostar,-0.008347245409014992,-62,0.08196721311475419,-0.003519733176559181,-0.004827512232455811,-0.004827512232455811,Robostar,Doosan Robotics IPO
2023-07-05,29500.0,29900.0,29100.0,29150.0,60253.0,2.15,090360,Robostar,-0.01851851851851849,-61,0.06193078324225865,-0.0055180445068271355,-0.013000474011691354,-0.017827986244147165,Robostar,Doosan Robotics IPO
2023-07-06,29050.0,29150.0,27950.0,28050.0,98628.0,2.23,090360,Robostar,-0.037735849056603765,-60,0.021857923497267784,-0.008805738658394735,-0.02893011039820903,-0.046758096642356195,Robostar,Doosan Robotics IPO
2023-07-07,28050.0,28450.0,27850.0,28100.0,64194.0,2.33,090360,Robostar,0.0017825311942958333,-59,0.023679417122040025,-0.011571457072554359,0.013353988266850192,-0.033404108375506,Robostar,Doosan Robotics IPO
2023-07-10,28100.0,28350.0,27450.0,27900.0,59412.0,2.41,090360,Robostar,-0.007117437722419906,-58,0.016393442622950838,-0.0023785871746263565,-0.004738850547793549,-0.03814295892329955,Robostar,Doosan Robotics IPO
2023-07-11,27750.0,28600.0,27750.0,28600.0,47217.0,2.45,090360,Robostar,0.02508960573476693,-57,0.041894353369763104,0.01657872813107475,0.00851087760369218,-0.029632081319607373,Robostar,Doosan Robotics IPO
2023-07-12,28500.0,29900.0,27900.0,29550.0,177322.0,2.26,090360,Robostar,0.03321678321678312,-56,0.07650273224043724,0.004772701552006042,0.028444081664777077,-0.0011879996548302962,Robostar,Doosan Robotics IPO
2023-07-13,29300.0,29350.0,28850.0,29150.0,91549.0,2.14,090360,Robostar,-0.013536379018612488,-55,0.06193078324225865,0.006412347750434977,-0.019948726769047465,-0.02113672642387776,Robostar,Doosan Robotics IPO
2023-07-14,29200.0,29250.0,28250.0,28550.0,87089.0,2.25,090360,Robostar,-0.020583190394511175,-54,0.04007285974499086,0.014305947368624228,-0.0348891377631354,-0.056025864187013164,Robostar,Doosan Robotics IPO
2023-07-17,28300.0,29850.0,28100.0,29600.0,148985.0,2.53,090360,Robostar,0.03677758318739044,-53,0.07832422586520948,-0.0035384088574363926,0.04031599204482683,-0.015709872142186332,Robostar,Doosan Robotics IPO
2023-07-18,29500.0,29600.0,28700.0,28800.0,90419.0,2.29,090360,Robostar,-0.027027027027026973,-52,0.049180327868852514,-0.004345169912180258,-0.022681857114846715,-0.03839172925703305,Robostar,Doosan Robotics IPO
2023-07-19,29100.0,30850.0,28400.0,29600.0,386034.0,2.22,090360,Robostar,0.02777777777777768,-51,0.07832422586520948,0.00023776470498004798,0.02754001307279763,-0.010851716184235416,Robostar,Doosan Robotics IPO
2023-07-20,29750.0,30350.0,29200.0,30150.0,125814.0,2.29,090360,Robostar,0.01858108108108114,-50,0.09836065573770503,-0.0030710364076924623,0.021652117488773603,0.010800401304538187,Robostar,Doosan Robotics IPO
2023-07-21,29850.0,31250.0,29650.0,30800.0,262960.0,2.18,090360,Robostar,0.021558872305140975,-49,0.12204007285974505,0.003665060398503339,0.017893811906637636,0.028694213211175823,Robostar,Doosan Robotics IPO
2023-07-24,30800.0,31450.0,29800.0,30450.0,228499.0,2.11,090360,Robostar,-0.011363636363636354,-48,0.1092896174863387,0.007192232235914364,-0.018555868599550718,0.010138344611625105,Robostar,Doosan Robotics IPO
2023-07-25,30400.0,30550.0,28500.0,28500.0,203869.0,1.81,090360,Robostar,-0.0640394088669951,-47,0.03825136612021862,0.0030168953749813987,-0.0670563042419765,-0.0569179596303514,Robostar,Doosan Robotics IPO
2023-07-26,28250.0,28400.0,26300.0,26750.0,224119.0,1.85,090360,Robostar,-0.06140350877192979,-46,-0.025500910746812377,-0.016726974807127704,-0.04467653396480209,-0.10159449359515349,Robostar,Doosan Robotics IPO
2023-07-27,26600.0,28950.0,26600.0,27750.0,187580.0,2.46,090360,Robostar,0.03738317757009346,-45,0.010928961748633892,0.0044168248237126395,0.03296635274638082,-0.06862814084877267,Robostar,Doosan Robotics IPO
2023-07-28,27650.0,28750.0,27650.0,28500.0,93146.0,2.66,090360,Robostar,0.027027027027026973,-44,0.03825136612021862,0.0017320772252968908,0.025294949801730082,-0.043333191047042585,Robostar,Doosan Robotics IPO
2023-07-31,28800.0,29750.0,27700.0,29600.0,209032.0,2.54,090360,Robostar,0.03859649122807007,-43,0.07832422586520948,0.009301006011532165,0.02929548521653791,-0.014037705830504676,Robostar,Doosan Robotics IPO
2023-08-01,29900.0,30550.0,29650.0,30100.0,229750.0,2.46,090360,Robostar,0.016891891891891886,-42,0.09653916211293256,0.013101216297320528,0.0037906755945713577,-0.010247030235933319,Robostar,Doosan Robotics IPO
2023-08-02,30700.0,30900.0,29150.0,29300.0,205923.0,2.25,090360,Robostar,-0.02657807308970095,-41,0.06739526411657559,-0.018972130465267245,-0.007605942624433704,-0.017852972860367022,Robostar,Doosan Robotics IPO
2023-08-03,28800.0,29600.0,28000.0,28350.0,111189.0,2.13,090360,Robostar,-0.03242320819112632,-40,0.032786885245901676,-0.004234713182264649,-0.02818849500886167,-0.04604146786922869,Robostar,Doosan Robotics IPO
2023-08-04,28150.0,31450.0,28050.0,31250.0,457230.0,2.3,090360,Robostar,0.10229276895943573,-39,0.1384335154826959,-0.0009940930148651939,0.10328686197430093,0.057245394105072234,Robostar,Doosan Robotics IPO
2023-08-07,31750.0,34200.0,30450.0,32100.0,1400675.0,1.42,090360,Robostar,0.02719999999999989,-38,0.1693989071038251,-0.00848701398493934,0.03568701398493923,0.09293240809001146,Robostar,Doosan Robotics IPO
2023-08-08,32600.0,32850.0,31150.0,31600.0,409419.0,1.39,090360,Robostar,-0.015576323987538943,-37,0.15118397085610202,-0.0026078094787868045,-0.012968514508752138,0.07996389358125933,Robostar,Doosan Robotics IPO
2023-08-09,31600.0,33800.0,31600.0,32150.0,548612.0,1.29,090360,Robostar,0.017405063291139333,-36,0.17122040072859734,0.012097996099425634,0.005307067191713699,0.08527096077297303,Robostar,Doosan Robotics IPO
2023-08-10,32400.0,32800.0,31100.0,31100.0,182724.0,1.25,090360,Robostar,-0.03265940902021769,-35,0.13296903460837894,-0.0013665397371329657,-0.03129286928308472,0.0539780914898883,Robostar,Doosan Robotics IPO
2023-08-11,31300.0,33700.0,30750.0,33500.0,682198.0,1.8,090360,Robostar,0.07717041800643076,-34,0.22040072859744986,-0.003959162963760088,0.08112958097019085,0.13510767246007915,Robostar,Doosan Robotics IPO
2023-08-14,33600.0,34100.0,33050.0,33750.0,415902.0,1.44,090360,Robostar,0.00746268656716409,-33,0.2295081967213115,-0.007868758827751843,0.015331445394915932,0.15043911785499509,Robostar,Doosan Robotics IPO
2023-08-16,33500.0,33500.0,31050.0,31050.0,299785.0,1.28,090360,Robostar,-0.07999999999999996,-32,0.13114754098360648,-0.01759326609280132,-0.06240673390719864,0.08803238394779644,Robostar,Doosan Robotics IPO
2023-08-17,30550.0,31300.0,29500.0,30700.0,182759.0,1.33,090360,Robostar,-0.011272141706924366,-31,0.11839708561020035,-0.002292488240604351,-0.008979653466320014,0.07905273048147643,Robostar,Doosan Robotics IPO
2023-08-18,30000.0,30350.0,29400.0,29450.0,154252.0,1.45,090360,Robostar,-0.04071661237785018,-30,0.07285974499089254,-0.006091632438438799,-0.03462497993941138,0.04442775054206505,Robostar,Doosan Robotics IPO
2023-08-21,29000.0,29700.0,28900.0,29100.0,90042.0,1.45,090360,Robostar,-0.011884550084889645,-29,0.060109289617486406,0.001716909562787139,-0.013601459647676784,0.030826290894388264,Robostar,Doosan Robotics IPO
2023-08-22,29350.0,29650.0,28650.0,28750.0,76644.0,1.47,090360,Robostar,-0.012027491408934665,-28,0.04735883424408005,0.0027662627551019447,-0.01479375416403661,0.016032536730351654,Robostar,Doosan Robotics IPO
2023-08-23,28900.0,29400.0,28500.0,28550.0,59417.0,1.45,090360,Robostar,-0.006956521739130417,-27,0.04007285974499086,-0.00407037293201995,-0.002886148807110467,0.013146387923241187,Robostar,Doosan Robotics IPO
2023-08-24,28800.0,30100.0,28800.0,29950.0,116182.0,1.55,090360,Robostar,0.049036777583187474,-26,0.09107468123861562,0.012843743763719662,0.03619303381946781,0.049339421742709,Robostar,Doosan Robotics IPO
2023-08-25,29200.0,29500.0,28900.0,29150.0,60938.0,1.49,090360,Robostar,-0.026711185308848084,-25,0.06193078324225865,-0.007305885690867209,-0.019405299617980876,0.029934122124728124,Robostar,Doosan Robotics IPO
2023-08-28,29450.0,30300.0,29350.0,30000.0,83132.0,1.55,090360,Robostar,0.029159519725557415,-24,0.09289617486338808,0.009634240256595428,0.019525279468961987,0.04945940159369011,Robostar,Doosan Robotics IPO
2023-08-29,30050.0,30400.0,29800.0,30200.0,64636.0,1.6,090360,Robostar,0.006666666666666599,-23,0.10018214936247727,0.003440263268603916,0.0032264033980626827,0.052685804991752794,Robostar,Doosan Robotics IPO
2023-08-30,30700.0,31550.0,30250.0,30700.0,205799.0,1.43,090360,Robostar,0.01655629139072845,-22,0.11839708561020035,0.0035499341734059886,0.013006357217322462,0.06569216220907526,Robostar,Doosan Robotics IPO
2023-08-31,31000.0,32750.0,30300.0,32700.0,538735.0,1.5,090360,Robostar,0.06514657980456029,-21,0.1912568306010929,-0.0019326727106612207,0.06707925251522151,0.13277141472429677,Robostar,Doosan Robotics IPO
2023-09-01,33150.0,33200.0,31250.0,31400.0,419533.0,1.32,090360,Robostar,-0.03975535168195721,-20,0.14389799635701284,0.002910490675867683,-0.04266584235782489,0.09010557236647188,Robostar,Doosan Robotics IPO
2023-09-04,31700.0,38300.0,31700.0,34200.0,4165900.0,2.74,090360,Robostar,0.08917197452229297,-19,0.24590163934426235,0.008128844526096968,0.081043129996196,0.17114870236266788,Robostar,Doosan Robotics IPO
2023-09-05,34850.0,35600.0,33250.0,35400.0,1096621.0,1.96,090360,Robostar,0.03508771929824572,-18,0.2896174863387979,-0.0009169874833144798,0.0360047067815602,0.20715340914422808,Robostar,Doosan Robotics IPO
2023-09-06,35400.0,36300.0,34200.0,34850.0,646781.0,2.04,090360,Robostar,-0.015536723163841804,-17,0.26958105646630237,-0.007296160608478042,-0.008240562555363762,0.19891284658886432,Robostar,Doosan Robotics IPO
2023-09-07,35300.0,37300.0,34650.0,35700.0,1523292.0,1.49,090360,Robostar,0.024390243902439046,-16,0.3005464480874316,-0.005882949589207764,0.03027319349164681,0.22918604008051113,Robostar,Doosan Robotics IPO
2023-09-08,38100.0,40650.0,36350.0,37000.0,3010768.0,1.55,090360,Robostar,0.036414565826330625,-15,0.34790528233151186,-0.00022760628821250073,0.036642172114543126,0.26582821219505426,Robostar,Doosan Robotics IPO
2023-09-11,37800.0,39050.0,34450.0,35350.0,1224381.0,1.93,090360,Robostar,-0.04459459459459458,-14,0.28779599271402545,0.0036111285561766238,-0.04820572315077121,0.21762248904428305,Robostar,Doosan Robotics IPO
2023-09-12,35150.0,35300.0,32600.0,32600.0,647249.0,2.55,090360,Robostar,-0.07779349363507782,-13,0.18761384335154818,-0.00793936359938685,-0.06985413003569096,0.1477683590085921,Robostar,Doosan Robotics IPO
2023-09-13,32400.0,32650.0,31300.0,31600.0,354887.0,2.46,090360,Robostar,-0.030674846625766916,-12,0.15118397085610202,-0.0007411554139826748,-0.02993369121178424,0.11783466779680785,Robostar,Doosan Robotics IPO
2023-09-14,31600.0,32500.0,30800.0,32300.0,320714.0,2.43,090360,Robostar,0.02215189873417711,-11,0.1766848816029143,0.01506687181915023,0.007085026915026882,0.12491969471183473,Robostar,Doosan Robotics IPO
2023-09-15,32000.0,32300.0,31000.0,31800.0,239221.0,2.06,090360,Robostar,-0.015479876160990669,-10,0.1584699453551912,0.011034284403919514,-0.026514160564910183,0.09840553414692454,Robostar,Doosan Robotics IPO
2023-09-18,31900.0,32100.0,30950.0,31100.0,199705.0,1.59,090360,Robostar,-0.022012578616352196,-9,0.13296903460837894,-0.010210357977611162,-0.011802220638741034,0.08660331350818351,Robostar,Doosan Robotics IPO
2023-09-19,31100.0,31100.0,30000.0,30400.0,167895.0,1.73,090360,Robostar,-0.022508038585209,-8,0.10746812386156646,-0.006023956002982778,-0.016484082582226223,0.07011923092595729,Robostar,Doosan Robotics IPO
2023-09-20,30900.0,31350.0,30200.0,30950.0,191213.0,1.51,090360,Robostar,0.018092105263157965,-7,0.127504553734062,0.00020709515827133096,0.017885010104886634,0.08800424103084392,Robostar,Doosan Robotics IPO
2023-09-21,30500.0,31150.0,29200.0,29300.0,188507.0,1.49,090360,Robostar,-0.05331179321486268,-6,0.06739526411657559,-0.017490057583973373,-0.035821735630889306,0.052182505399954615,Robostar,Doosan Robotics IPO
2023-09-22,28600.0,31000.0,28500.0,30150.0,236964.0,1.61,090360,Robostar,0.029010238907849928,-5,0.09836065573770503,-0.002719714350469249,0.03172995325831918,0.08391245865827379,Robostar,Doosan Robotics IPO
2023-09-25,30150.0,30950.0,29500.0,30100.0,183229.0,1.48,090360,Robostar,-0.0016583747927031434,-4,0.09653916211293256,-0.004931961261976037,0.0032735864692728933,0.08718604512754669,Robostar,Doosan Robotics IPO
2023-09-26,30200.0,31050.0,29350.0,29550.0,146979.0,1.33,090360,Robostar,-0.01827242524916939,-3,0.07650273224043724,-0.0131382825271662,-0.005134142722003188,0.0820519024055435,Robostar,Doosan Robotics IPO
2023-09-27,29000.0,31000.0,28950.0,31000.0,146765.0,1.51,090360,Robostar,0.04906937394247035,-2,0.12932604735883424,0.0008526291428643251,0.048216744799606026,0.13026864720514952,Robostar,Doosan Robotics IPO
2023-10-04,30750.0,31200.0,29900.0,30050.0,91408.0,1.38,090360,Robostar,-0.030645161290322576,-1,0.09471766848816032,-0.02408856543627569,-0.006556595854046887,0.12371205135110264,Robostar,Doosan Robotics IPO
2023-10-05,30600.0,30800.0,27300.0,27450.0,367719.0,1.14,090360,Robostar,-0.08652246256239604,0,0.0,-0.0008687736158857762,-0.08565368894651026,0.03805836240459237,Robostar,Doosan Robotics IPO
2023-10-06,26900.0,27600.0,26900.0,27200.0,99632.0,1.18,090360,Robostar,-0.00910746812386154,1,-0.00910746812386154,0.0021342985521717317,-0.011241766676033271,0.0268165957285591,Robostar,Doosan Robotics IPO
2023-10-10,27200.0,27500.0,25900.0,25900.0,138638.0,1.37,090360,Robostar,-0.047794117647058876,2,-0.0564663023679417,-0.002553212688844342,-0.045240904958214534,-0.018424309229655433,Robostar,Doosan Robotics IPO
2023-10-11,26350.0,27000.0,26300.0,26300.0,68120.0,1.41,090360,Robostar,0.015444015444015413,3,-0.041894353369763215,0.019770413472184112,-0.004326398028168699,-0.022750707257824132,Robostar,Doosan Robotics IPO
2023-10-12,26500.0,27900.0,26500.0,27550.0,88108.0,1.52,090360,Robostar,0.04752851711026618,4,0.0036429872495447047,0.012138379154966517,0.03539013795529966,0.012639430697475529,Robostar,Doosan Robotics IPO
2023-10-13,27300.0,28000.0,27000.0,27300.0,83691.0,1.58,090360,Robostar,-0.00907441016333943,5,-0.005464480874316946,-0.00954504762442443,0.0004706374610849995,0.013110068158560528,Robostar,Doosan Robotics IPO
2023-10-16,26850.0,26900.0,25800.0,26150.0,81367.0,1.4,090360,Robostar,-0.042124542124542086,6,-0.04735883424408016,-0.008106182439997722,-0.034018359684544364,-0.020908291525983835,Robostar,Doosan Robotics IPO
2023-10-17,26500.0,27250.0,26450.0,26600.0,54925.0,1.49,090360,Robostar,0.017208413001912115,7,-0.030965391621129323,0.009822513381276154,0.007385899620635961,-0.013522391905347875,Robostar,Doosan Robotics IPO
2023-10-18,26600.0,27250.0,26300.0,26450.0,48884.0,1.46,090360,Robostar,-0.005639097744360888,8,-0.03642987249544627,0.0009877366198269844,-0.006626834364187872,-0.020149226269535747,Robostar,Doosan Robotics IPO
2023-10-19,26200.0,26400.0,25000.0,25050.0,98133.0,1.44,090360,Robostar,-0.052930056710775,9,-0.08743169398907102,-0.01900430439373013,-0.033925752317044866,-0.05407497858658061,Robostar,Doosan Robotics IPO
2023-10-20,24550.0,24950.0,23700.0,24050.0,123880.0,1.51,090360,Robostar,-0.03992015968063867,10,-0.1238615664845173,-0.01688881529927977,-0.023031344381358898,-0.07710632296793951,Robostar,Doosan Robotics IPO
2023-10-23,23550.0,24600.0,23550.0,23950.0,52792.0,1.6,090360,Robostar,-0.004158004158004158,11,-0.1275045537340619,-0.007570526315789472,0.0034125221577853138,-0.0736938008101542,Robostar,Doosan Robotics IPO
2023-10-24,24000.0,24600.0,23300.0,24600.0,56785.0,1.73,090360,Robostar,0.02713987473903967,12,-0.10382513661202186,0.01123876759637188,0.015901107142667792,-0.057792693667486406,Robostar,Doosan Robotics IPO
2023-10-25,25000.0,25300.0,24300.0,24750.0,74039.0,1.72,090360,Robostar,0.0060975609756097615,13,-0.09836065573770492,-0.008533633171247557,0.014631194146857318,-0.04316149952062909,Robostar,Doosan Robotics IPO
2023-10-26,23900.0,24400.0,23650.0,23750.0,51893.0,1.67,090360,Robostar,-0.04040404040404044,14,-0.13479052823315119,-0.02712035105388111,-0.013283689350159333,-0.05644518887078842,Robostar,Doosan Robotics IPO
2023-10-27,23750.0,24150.0,22950.0,23350.0,66583.0,1.72,090360,Robostar,-0.01684210526315788,15,-0.14936247723132967,0.0016223880856691686,-0.01846449334882705,-0.07490968221961547,Robostar,Doosan Robotics IPO
2023-10-30,23050.0,24700.0,22900.0,24350.0,92479.0,1.89,090360,Robostar,0.04282655246252687,16,-0.1129326047358834,0.0033611109904856384,0.03946544147204123,-0.03544424074757424,Robostar,Doosan Robotics IPO
2023-10-31,24500.0,24750.0,23600.0,23700.0,53314.0,1.83,090360,Robostar,-0.026694045174537995,17,-0.13661202185792354,-0.014091882885027496,-0.012602162289510499,-0.04804640303708474,Robostar,Doosan Robotics IPO
2023-11-01,23900.0,27950.0,23900.0,25450.0,986507.0,1.46,090360,Robostar,0.07383966244725748,18,-0.07285974499089254,0.010346840855315564,0.06349282159194192,0.015446418554857178,Robostar,Doosan Robotics IPO
2023-11-02,25850.0,26400.0,25550.0,26050.0,145043.0,1.61,090360,Robostar,0.023575638506876162,19,-0.051001821493624755,0.018057317645423065,0.0055183208614530965,0.020964739416310274,Robostar,Doosan Robotics IPO
2023-11-03,26250.0,26700.0,25500.0,26550.0,138203.0,1.9,090360,Robostar,0.019193857965451144,20,-0.032786885245901676,0.010763426542387933,0.008430431423063212,0.029395170839373486,Robostar,Doosan Robotics IPO
2023-11-06,27000.0,27700.0,26300.0,27700.0,193430.0,1.94,090360,Robostar,0.043314500941619594,21,0.00910746812386165,0.05659238116148857,-0.013277880219868976,0.01611729061950451,Robostar,Doosan Robotics IPO
2023-11-07,27450.0,27550.0,26550.0,27100.0,85581.0,2.08,090360,Robostar,-0.02166064981949456,22,-0.012750455373406244,-0.023341871905433575,0.001681222085939016,0.017798512705443525,Robostar,Doosan Robotics IPO
2023-11-08,27100.0,27450.0,26700.0,26950.0,58678.0,2.07,090360,Robostar,-0.005535055350553542,23,-0.01821493624772308,-0.009140902469762291,0.0036058471192087493,0.021404359824652275,Robostar,Doosan Robotics IPO
2023-11-09,26600.0,27050.0,26350.0,26400.0,52063.0,2.03,090360,Robostar,-0.020408163265306145,24,-0.03825136612021862,0.002254689009836497,-0.022662852275142642,-0.0012584924504903672,Robostar,Doosan Robotics IPO
2023-11-10,26000.0,26200.0,25550.0,25550.0,39196.0,2.01,090360,Robostar,-0.032196969696969724,25,-0.06921675774134795,-0.007177348913097292,-0.02501962078387243,-0.0262781132343628,Robostar,Doosan Robotics IPO
2023-11-13,25800.0,26350.0,25250.0,25250.0,42102.0,1.99,090360,Robostar,-0.011741682974559686,26,-0.08014571948998184,-0.0024484782085437695,-0.009293204766015917,-0.035571318000378715,Robostar,Doosan Robotics IPO
2023-11-14,25250.0,27500.0,25250.0,26600.0,149401.0,2.26,090360,Robostar,0.05346534653465351,27,-0.030965391621129323,0.012268279695144102,0.04119706683950941,0.005625748839130695,Robostar,Doosan Robotics IPO
2023-11-15,26900.0,27800.0,26700.0,27350.0,141599.0,2.4,090360,Robostar,0.02819548872180455,28,-0.0036429872495445936,0.02195417651289433,0.006241312208910221,0.011867061048040917,Robostar,Doosan Robotics IPO
2023-11-16,27650.0,28100.0,27250.0,28000.0,130946.0,2.6,090360,Robostar,0.02376599634369292,29,0.020036429872495543,0.000607237791906412,0.023158758551786507,0.035025819599827424,Robostar,Doosan Robotics IPO
2023-11-17,27900.0,28000.0,26950.0,26950.0,75245.0,2.46,090360,Robostar,-0.03749999999999998,30,-0.01821493624772308,-0.007366830374008315,-0.030133169625991663,0.004892649973835761,Robostar,Doosan Robotics IPO
2023-11-20,26900.0,27800.0,26650.0,27500.0,62680.0,2.49,090360,Robostar,0.020408163265306145,31,0.0018214936247722413,0.008644249650788582,0.011763913614517563,0.016656563588353324,Robostar,Doosan Robotics IPO
2023-11-21,27800.0,27850.0,27400.0,27500.0,58830.0,2.38,090360,Robostar,0.0,32,0.0018214936247722413,0.0077151573538858376,-0.0077151573538858376,0.008941406234467486,Robostar,Doosan Robotics IPO
2023-11-22,27450.0,28500.0,27300.0,27500.0,142522.0,2.16,090360,Robostar,0.0,33,0.0018214936247722413,0.0005098748416598742,-0.0005098748416598742,0.008431531392807612,Robostar,Doosan Robotics IPO
2023-11-23,27600.0,28500.0,27450.0,27550.0,136850.0,2.02,090360,Robostar,0.0018181818181817189,34,0.0036429872495447047,0.0012979257076881634,0.0005202561104935555,0.008951787503301167,Robostar,Doosan Robotics IPO
2023-11-24,27700.0,28150.0,27500.0,28000.0,73590.0,2.08,090360,Robostar,0.016333938294010864,35,0.020036429872495543,-0.007288386296402272,0.023622324590413135,0.0325741120937143,Robostar,Doosan Robotics IPO
2023-11-27,28400.0,28450.0,27500.0,27800.0,93660.0,2.01,090360,Robostar,-0.0071428571428571175,36,0.012750455373406133,-0.0003885237299880995,-0.006754333412869018,0.025819778680845284,Robostar,Doosan Robotics IPO
2023-11-28,27750.0,28950.0,27500.0,28700.0,224161.0,2.04,090360,Robostar,0.03237410071942448,37,0.04553734061930781,0.010458155357701004,0.021915945361723477,0.04773572404256876,Robostar,Doosan Robotics IPO
2023-11-29,28950.0,29350.0,27750.0,27950.0,217020.0,1.87,090360,Robostar,-0.026132404181184676,38,0.01821493624772308,-0.0007732694625977032,-0.025359134718586973,0.022376589323981788,Robostar,Doosan Robotics IPO
2023-11-30,28200.0,28750.0,28050.0,28550.0,101570.0,1.9,090360,Robostar,0.02146690518783534,39,0.04007285974499086,0.006143320329707436,0.015323584858127903,0.03770017418210969,Robostar,Doosan Robotics IPO
2023-12-01,28800.0,28950.0,27800.0,28100.0,79820.0,1.77,090360,Robostar,-0.015761821366024553,40,0.023679417122040025,-0.011943406868642148,-0.0038184144973824052,0.033881759684727286,Robostar,Doosan Robotics IPO
2023-12-04,28200.0,28250.0,27250.0,27300.0,61869.0,1.74,090360,Robostar,-0.028469750889679735,41,-0.005464480874316946,0.003968048031744331,-0.032437798921424066,0.0014439607633032203,Robostar,Doosan Robotics IPO
2023-12-05,27000.0,27600.0,26000.0,26500.0,88773.0,1.68,090360,Robostar,-0.02930402930402931,42,-0.03460837887067392,-0.0082188512694088,-0.02108517803462051,-0.01964121727131729,Robostar,Doosan Robotics IPO
2023-12-06,26750.0,26750.0,25750.0,26500.0,60703.0,1.77,090360,Robostar,0.0,43,-0.03460837887067392,0.000441009028657513,-0.000441009028657513,-0.020082226299974804,Robostar,Doosan Robotics IPO
2023-12-07,26150.0,26400.0,26000.0,26200.0,44795.0,1.74,090360,Robostar,-0.01132075471698113,44,-0.04553734061930781,-0.0013264512819690655,-0.009994303435012064,-0.030076529734986868,Robostar,Doosan Robotics IPO
2023-12-08,26350.0,27100.0,26350.0,26950.0,70142.0,1.74,090360,Robostar,0.028625954198473247,45,-0.01821493624772308,0.010344813749212367,0.01828114044926088,-0.011795389285725988,Robostar,Doosan Robotics IPO
2023-12-11,27400.0,28850.0,27100.0,28200.0,268409.0,2.1,090360,Robostar,0.04638218923933213,46,0.02732240437158473,0.002982703497031336,0.04339948574230079,0.031604096456574804,Robostar,Doosan Robotics IPO
2023-12-12,28200.0,28300.0,27500.0,27900.0,65728.0,2.01,090360,Robostar,-0.010638297872340385,47,0.016393442622950838,0.0039241929863464975,-0.014562490858686883,0.01704160559788792,Robostar,Doosan Robotics IPO
2023-12-13,27650.0,28150.0,27400.0,27650.0,58896.0,1.93,090360,Robostar,-0.008960573476702538,48,0.007285974499089187,-0.009707052897719004,0.000746479421016466,0.017788085018904387,Robostar,Doosan Robotics IPO
2023-12-14,27950.0,28650.0,27600.0,28100.0,169840.0,1.82,090360,Robostar,0.016274864376130127,49,0.023679417122040025,0.013351071033114836,0.0029237933430152907,0.020711878361919678,Robostar,Doosan Robotics IPO
2023-12-15,28300.0,28450.0,27850.0,28000.0,85092.0,1.76,090360,Robostar,-0.003558718861209953,50,0.020036429872495543,0.00761738556234226,-0.011176104423552213,0.009535773938367464,Robostar,Doosan Robotics IPO
2023-12-18,28000.0,28450.0,27700.0,28450.0,99999.0,1.93,090360,Robostar,0.016071428571428514,51,0.03642987249544616,0.0012872723868371239,0.01478415618459139,0.024319930122958855,Robostar,Doosan Robotics IPO
2023-12-19,28450.0,28500.0,27750.0,27850.0,81518.0,1.8,090360,Robostar,-0.02108963093145866,52,0.014571948998178597,0.0006583919652805026,-0.02174802289673916,0.002571907226219694,Robostar,Doosan Robotics IPO
2023-12-20,28050.0,28550.0,27700.0,28000.0,109845.0,1.75,090360,Robostar,0.0053859964093356805,53,0.020036429872495543,0.01781160576979235,-0.012425609360456669,-0.009853702134236975,Robostar,Doosan Robotics IPO
2023-12-21,27700.0,28250.0,27400.0,27800.0,75628.0,1.79,090360,Robostar,-0.0071428571428571175,54,0.012750455373406133,-0.0054622652335234445,-0.001680591909333673,-0.011534294043570648,Robostar,Doosan Robotics IPO
2023-12-22,28050.0,28100.0,27500.0,27500.0,83284.0,1.85,090360,Robostar,-0.010791366906474864,55,0.0018214936247722413,-0.00019615233728964565,-0.010595214569185218,-0.022129508612755866,Robostar,Doosan Robotics IPO
2023-12-26,27500.0,28050.0,27050.0,27550.0,75723.0,1.86,090360,Robostar,0.0018181818181817189,56,0.0036429872495447047,0.0011848386811359468,0.000633343137045772,-0.021496165475710094,Robostar,Doosan Robotics IPO
2023-12-27,27850.0,29900.0,27800.0,29550.0,398901.0,2.4,090360,Robostar,0.072595281306715,57,0.07650273224043724,0.004191977991155005,0.06840330331556,0.0469071378398499,Robostar,Doosan Robotics IPO
2023-12-28,29850.0,29850.0,29000.0,29800.0,155810.0,2.31,090360,Robostar,0.008460236886632888,58,0.08561020036429867,0.015986225368280094,-0.007525988481647206,0.039381149358202694,Robostar,Doosan Robotics IPO
2024-01-02,29800.0,30250.0,29650.0,30050.0,145854.0,2.23,090360,Robostar,0.008389261744966348,59,0.09471766848816032,0.0054721159350425985,0.002917145809923749,0.04229829516812644,Robostar,Doosan Robotics IPO
2024-01-03,29850.0,29900.0,29050.0,29550.0,95575.0,2.3,090360,Robostar,-0.016638935108153063,60,0.07650273224043724,-0.023409905573804846,0.006770970465651782,0.049069265633778225,Robostar,Doosan Robotics IPO
2024-01-04,29500.0,29500.0,28350.0,29050.0,136130.0,2.29,090360,Robostar,-0.016920473773265665,61,0.05828779599271394,-0.007781966854727651,-0.009138506918538014,0.03993075871524021,Robostar,Doosan Robotics IPO
2024-01-05,28850.0,30250.0,28850.0,29950.0,198587.0,2.37,090360,Robostar,0.030981067125645412,62,0.09107468123861562,-0.0034557135236681358,0.03443678064931355,0.07436753936455376,Robostar,Doosan Robotics IPO
2024-01-08,30100.0,30250.0,29650.0,29900.0,125951.0,2.26,090360,Robostar,-0.0016694490818029983,63,0.08925318761384338,-0.00397970582759255,0.0023102567457895518,0.07667779611034331,Robostar,Doosan Robotics IPO
,,,,,,,,,,-63,-0.0845404606167189,,,0.0,Peer average,Doosan Robotics IPO
,,,,,,,,,,-62,-0.09716745416964083,,,-0.008499347353600547,Peer average,Doosan Robotics IPO
,,,,,,,,,,-61,-0.1023094470007061,,,-0.007020537578781035,Peer average,Doosan Robotics IPO
,,,,,,,,,,-60,-0.12886016888262442,,,-0.027993558061735608,Peer average,Doosan Robotics IPO
,,,,,,,,,,-59,-0.1344662460279014,,,-0.023658350366054532,Peer average,Doosan Robotics IPO
,,,,,,,,,,-58,-0.13642184068612775,,,-0.02485221761106493,Peer average,Doosan Robotics IPO
,,,,,,,,,,-57,-0.11152285452179966,,,-0.012604715951962775,Peer average,Doosan Robotics IPO
,,,,,,,,,,-56,-0.10596522813440516,,,-0.013648805651141757,Peer average,Doosan Robotics IPO
,,,,,,,,,,-55,-0.11464438619286703,,,-0.02939445470871053,Peer average,Doosan Robotics IPO
,,,,,,,,,,-54,-0.12030915926407164,,,-0.04763258752645938,Peer average,Doosan Robotics IPO
,,,,,,,,,,-53,-0.09512096927673641,,,-0.010487092988784733,Peer average,Doosan Robotics IPO
,,,,,,,,,,-52,-0.11851659859750185,,,-0.03405931689694427,Peer average,Doosan Robotics IPO
,,,,,,,,,,-51,-0.10506808844782685,,,-0.019039397602790314,Peer average,Doosan Robotics IPO
,,,,,,,,,,-50,-0.08307992052700741,,,0.009061492844190147,Peer average,Doosan Robotics IPO
,,,,,,,,,,-49,-0.07839236210146339,,,0.010027556415674951,Peer average,Doosan Robotics IPO
,,,,,,,,,,-48,-0.06706159190460696,,,0.020349661558367926,Peer average,Doosan Robotics IPO
,,,,,,,,,,-47,-0.08605384464602779,,,-0.002477595044834876,Peer average,Doosan Robotics IPO
,,,,,,,,,,-46,-0.1453102701354022,,,-0.05077057802461379,Peer average,Doosan Robotics IPO
,,,,,,,,,,-45,-0.12403046084643869,,,-0.030269266685089297,Peer average,Doosan Robotics IPO
,,,,,,,,,,-44,-0.10083490574026203,,,-0.003754466260439626,Peer average,Doosan Robotics IPO
,,,,,,,,,,-43,0.013522540291932006,,,0.11789889807070637,Peer average,Doosan Robotics IPO
,,,,,,,,,,-42,0.06715062090581037,,,0.15602661198591913,Peer average,Doosan Robotics IPO
,,,,,,,,,,-41,0.025511617031258853,,,0.1374318742353644,Peer average,Doosan Robotics IPO
,,,,,,,,,,-40,-0.011390941695268442,,,0.1059493499306442,Peer average,Doosan Robotics IPO
,,,,,,,,,,-39,0.08401004261218588,,,0.21502861863130907,Peer average,Doosan Robotics IPO
,,,,,,,,,,-38,0.11112687290810348,,,0.2503056008384521,Peer average,Doosan Robotics IPO
,,,,,,,,,,-37,0.12125957047091052,,,0.2628172394262362,Peer average,Doosan Robotics IPO
,,,,,,,,,,-36,0.1254002029247523,,,0.2538147985007512,Peer average,Doosan Robotics IPO
,,,,,,,,,,-35,0.08322673160527032,,,0.2179526332143891,Peer average,Doosan Robotics IPO
,,,,,,,,,,-34,0.11655915947366997,,,0.2509286586252704,Peer average,Doosan Robotics IPO
,,,,,,,,,,-33,0.1304626573685479,,,0.27145206396264393,Peer average,Doosan Robotics IPO
,,,,,,,,,,-32,0.04948415327375033,,,0.21423507880892867,Peer average,Doosan Robotics IPO
,,,,,,,,,,-31,0.03662935983461516,,,0.20427591674597423,Peer average,Doosan Robotics IPO
,,,,,,,,,,-30,0.006126057151269866,,,0.17929202963633448,Peer average,Doosan Robotics IPO
,,,,,,,,,,-29,-0.00565782278944571,,,0.1644985453171611,Peer average,Doosan Robotics IPO
,,,,,,,,,,-28,-0.011441211766952822,,,0.15430615815184537,Peer average,Doosan Robotics IPO
,,,,,,,,,,-27,-0.015149954215333309,,,0.15423040992913228,Peer average,Doosan Robotics IPO
,,,,,,,,,,-26,0.035696940551364374,,,0.1911711166972346,Peer average,Doosan Robotics IPO
,,,,,,,,,,-25,0.007536922428651486,,,0.1699783085752866,Peer average,Doosan Robotics IPO
,,,,,,,,,,-24,0.05543530478201186,,,0.20987633859785856,Peer average,Doosan Robotics IPO
,,,,,,,,,,-23,0.057324926259103536,,,0.2107032245297833,Peer average,Doosan Robotics IPO
,,,,,,,,,,-22,0.05863576281312525,,,0.20780394097716373,Peer average,Doosan Robotics IPO
,,,,,,,,,,-21,0.179734663561928,,,0.3432645541797242,Peer average,Doosan Robotics IPO
,,,,,,,,,,-20,0.1755867706207482,,,0.34034345066575183,Peer average,Doosan Robotics IPO
,,,,,,,,,,-19,0.20380024471028224,,,0.35721274644546375,Peer average,Doosan Robotics IPO
,,,,,,,,,,-18,0.24782129207498524,,,0.3955795688594339,Peer average,Doosan Robotics IPO
,,,,,,,,,,-17,0.22732237921978102,,,0.3863628360975772,Peer average,Doosan Robotics IPO
,,,,,,,,,,-16,0.2662351120185882,,,0.42328659823166265,Peer average,Doosan Robotics IPO
,,,,,,,,,,-15,0.37106472783149363,,,0.5064867560312135,Peer average,Doosan Robotics IPO
,,,,,,,,,,-14,0.4694859574964699,,,0.5809772914289882,Peer average,Doosan Robotics IPO
,,,,,,,,,,-13,0.36275785838763186,,,0.515774433290519,Peer average,Doosan Robotics IPO
,,,,,,,,,,-12,0.2987044138229618,,,0.47109215404242083,Peer average,Doosan Robotics IPO
,,,,,,,,,,-11,0.3384545256227292,,,0.48650379359643975,Peer average,Doosan Robotics IPO
,,,,,,,,,,-10,0.2991190999946846,,,0.4463986034953948,Peer average,Doosan Robotics IPO
,,,,,,,,,,-9,0.27200106241218885,,,0.4357003992991338,Peer average,Doosan Robotics IPO
,,,,,,,,,,-8,0.2056709184952447,,,0.3925253669784981,Peer average,Doosan Robotics IPO
,,,,,,,,,,-7,0.21873173874251375,,,0.40352178366443714,Peer average,Doosan Robotics IPO
,,,,,,,,,,-6,0.15834938437606846,,,0.37108438076502487,Peer average,Doosan Robotics IPO
,,,,,,,,,,-5,0.17332203514310626,,,0.3875993073071175,Peer average,Doosan Robotics IPO
,,,,,,,,,,-4,0.14997099997032085,,,0.373542830461613,Peer average,Doosan Robotics IPO
,,,,,,,,,,-3,0.14985012878561896,,,0.38607178851676727,Peer average,Doosan Robotics IPO
,,,,,,,,,,-2,0.1836182613497095,,,0.41526478732669386,Peer average,Doosan Robotics IPO
,,,,,,,,,,-1,0.14233590166784968,,,0.40401542600324936,Peer average,Doosan Robotics IPO
,,,,,,,,,,0,0.0,,,0.2834097726022684,Peer average,Doosan Robotics IPO
,,,,,,,,,,1,-0.02257411272401244,,,0.25870136132608423,Peer average,Doosan Robotics IPO
,,,,,,,,,,2,-0.06022052766136684,,,0.22285188908502793,Peer average,Doosan Robotics IPO
,,,,,,,,,,3,-0.057303538842014334,,,0.20618820050429065,Peer average,Doosan Robotics IPO
,,,,,,,,,,4,-0.006410943247973126,,,0.24813711177275025,Peer average,Doosan Robotics IPO
,,,,,,,,,,5,-0.02221794641559131,,,0.24163114971925717,Peer average,Doosan Robotics IPO
,,,,,,,,,,6,-0.06480997728456768,,,0.20630801455994605,Peer average,Doosan Robotics IPO
,,,,,,,,,,7,-0.04122997685866381,,,0.22135383882547147,Peer average,Doosan Robotics IPO
,,,,,,,,,,8,-0.04038850649763311,,,0.22057101573499083,Peer average,Doosan Robotics IPO
,,,,,,,,,,9,-0.08479866903361906,,,0.19375399911748628,Peer average,Doosan Robotics IPO
,,,,,,,,,,10,-0.12503374952861326,,,0.1672521278946976,Peer average,Doosan Robotics IPO
,,,,,,,,,,11,-0.1233063907211978,,,0.1762308901375117,Peer average,Doosan Robotics IPO
,,,,,,,,,,12,-0.10108326303404198,,,0.19115136385556467,Peer average,Doosan Robotics IPO
,,,,,,,,,,13,-0.11288037282350964,,,0.18686114758504577,Peer average,Doosan Robotics IPO
,,,,,,,,,,14,-0.13478718304325757,,,0.18871034207744775,Peer average,Doosan Robotics IPO
,,,,,,,,,,15,-0.14197350609604265,,,0.178442371250086,Peer average,Doosan Robotics IPO
,,,,,,,,,,16,-0.10566664268861377,,,0.21671519644131307,Peer average,Doosan Robotics IPO
,,,,,,,,,,17,-0.11106558634639367,,,0.22389048240107734,Peer average,Doosan Robotics IPO
,,,,,,,,,,18,-0.09128567133601517,,,0.23708731305929512,Peer average,Doosan Robotics IPO
,,,,,,,,,,19,-0.06986762773385431,,,0.24239887500415155,Peer average,Doosan Robotics IPO
,,,,,,,,,,20,-0.04309830314194659,,,0.25800791120022815,Peer average,Doosan Robotics IPO
,,,,,,,,,,21,0.049379681065068216,,,0.296306172493329,Peer average,Doosan Robotics IPO
,,,,,,,,,,22,0.00911274161870638,,,0.28227834073535435,Peer average,Doosan Robotics IPO
,,,,,,,,,,23,0.011923690433612114,,,0.294068353352866,Peer average,Doosan Robotics IPO
,,,,,,,,,,24,-0.007691488646391982,,,0.2726477244809588,Peer average,Doosan Robotics IPO
,,,,,,,,,,25,-0.05698758188379301,,,0.2329597582765286,Peer average,Doosan Robotics IPO
,,,,,,,,,,26,-0.06150714302841472,,,0.23021237279738727,Peer average,Doosan Robotics IPO
,,,,,,,,,,27,-0.036035995249327324,,,0.24667337964346273,Peer average,Doosan Robotics IPO
,,,,,,,,,,28,0.00024628646194106246,,,0.26186008431648583,Peer average,Doosan Robotics IPO
,,,,,,,,,,29,0.032024274173440524,,,0.2919144967219324,Peer average,Doosan Robotics IPO
,,,,,,,,,,30,0.004246764681568964,,,0.2729422067791714,Peer average,Doosan Robotics IPO
,,,,,,,,,,31,0.03141766297153137,,,0.29060093002285364,Peer average,Doosan Robotics IPO
,,,,,,,,,,32,0.030585071197210767,,,0.28208999024457426,Peer average,Doosan Robotics IPO
,,,,,,,,,,33,0.019299054443091213,,,0.2728112864154324,Peer average,Doosan Robotics IPO
,,,,,,,,,,34,0.026757712842527776,,,0.2784544143360675,Peer average,Doosan Robotics IPO
,,,,,,,,,,35,0.04050770927935554,,,0.29969009870925756,Peer average,Doosan Robotics IPO
,,,,,,,,,,36,0.038042228872359085,,,0.2989374198338256,Peer average,Doosan Robotics IPO
,,,,,,,,,,37,0.1138003251960541,,,0.35587042265206587,Peer average,Doosan Robotics IPO
,,,,,,,,,,38,0.07430479156951782,,,0.325354251922468,Peer average,Doosan Robotics IPO
,,,,,,,,,,39,0.09754553608302907,,,0.34285840938256157,Peer average,Doosan Robotics IPO
,,,,,,,,,,40,0.060317781302383855,,,0.3221272290714099,Peer average,Doosan Robotics IPO
,,,,,,,,,,41,0.037094500524582776,,,0.2971980911406842,Peer average,Doosan Robotics IPO
,,,,,,,,,,42,0.018441268945386596,,,0.2883520547405688,Peer average,Doosan Robotics IPO
,,,,,,,,,,43,0.022494272515098206,,,0.2913556159832602,Peer average,Doosan Robotics IPO
,,,,,,,,,,44,0.006024871444939277,,,0.277369229776109,Peer average,Doosan Robotics IPO
,,,,,,,,,,45,0.03952707398839025,,,0.29929319700944185,Peer average,Doosan Robotics IPO
,,,,,,,,,,46,0.07040831605823612,,,0.324660799988667,Peer average,Doosan Robotics IPO
,,,,,,,,,,47,0.0654192713455393,,,0.3157019915744352,Peer average,Doosan Robotics IPO
,,,,,,,,,,48,0.04733440345874188,,,0.30903257154128533,Peer average,Doosan Robotics IPO
,,,,,,,,,,49,0.08264024184633016,,,0.32810602714680953,Peer average,Doosan Robotics IPO
,,,,,,,,,,50,0.09496013187593728,,,0.33128092895962785,Peer average,Doosan Robotics IPO
,,,,,,,,,,51,0.10896328121711925,,,0.3427043156286989,Peer average,Doosan Robotics IPO
,,,,,,,,,,52,0.08614394679085624,,,0.32356566500687617,Peer average,Doosan Robotics IPO
,,,,,,,,,,53,0.09377875165561751,,,0.3140644566535346,Peer average,Doosan Robotics IPO
,,,,,,,,,,54,0.09546549030003922,,,0.3199625262171298,Peer average,Doosan Robotics IPO
,,,,,,,,,,55,0.07504230114187505,,,0.30179045615773903,Peer average,Doosan Robotics IPO
,,,,,,,,,,56,0.06933342857483009,,,0.29616930307639516,Peer average,Doosan Robotics IPO
,,,,,,,,,,57,0.10377630019314914,,,0.3243446135116055,Peer average,Doosan Robotics IPO
,,,,,,,,,,58,0.1159742123586908,,,0.32012522668842824,Peer average,Doosan Robotics IPO
,,,,,,,,,,59,0.10959479270470251,,,0.30904681406650913,Peer average,Doosan Robotics IPO
,,,,,,,,,,60,0.07624195833955842,,,0.30299176970451697,Peer average,Doosan Robotics IPO
,,,,,,,,,,61,0.0636819272720504,,,0.29941509572883984,Peer average,Doosan Robotics IPO
,,,,,,,,,,62,0.08239777007461872,,,0.319534207807514,Peer average,Doosan Robotics IPO
,,,,,,,,,,63,0.07877936452123462,,,0.3199400598880043,Peer average,Doosan Robotics IPO
2025-02-05,60500.0,61900.0,54900.0,55800.0,11928487.0,1.16,064400,LG CNS,,0,0.0,0.011113394501327756,,0.0,LG CNS,LG CNS IPO
2025-02-06,56400.0,58000.0,55000.0,57700.0,4504009.0,0.89,064400,LG CNS,0.03405017921146958,1,0.03405017921146958,0.010951392237583013,0.023098786973886565,0.023098786973886565,LG CNS,LG CNS IPO
2025-02-07,57700.0,58300.0,56200.0,57200.0,2240564.0,0.89,064400,LG CNS,-0.008665511265164683,2,0.02508960573476693,-0.005846062875726754,-0.0028194483894379285,0.020279338584448636,LG CNS,LG CNS IPO
2025-02-10,56400.0,57700.0,55700.0,55700.0,1547194.0,0.8,064400,LG CNS,-0.02622377622377625,3,-0.0017921146953404632,-0.0002577401345007502,-0.0259660360892755,-0.005686697504826865,LG CNS,LG CNS IPO
2025-02-11,56100.0,56300.0,54200.0,54400.0,1517341.0,0.75,064400,LG CNS,-0.02333931777378817,4,-0.02508960573476704,0.007052001570637012,-0.030391319344425183,-0.03607801684925205,LG CNS,LG CNS IPO
2025-02-12,54200.0,55700.0,53800.0,54300.0,987535.0,0.76,064400,LG CNS,-0.0018382352941176405,5,-0.026881720430107503,0.0036785411866642193,-0.00551677648078186,-0.04159479333003391,LG CNS,LG CNS IPO
2025-02-13,55200.0,56800.0,54700.0,55700.0,1574873.0,0.9,064400,LG CNS,0.025782688766114115,6,-0.0017921146953404632,0.013647832553102202,0.012134856213011913,-0.029459937117021995,LG CNS,LG CNS IPO
2025-02-14,55400.0,55500.0,54300.0,54500.0,929423.0,0.8,064400,LG CNS,-0.021543985637342944,7,-0.023297491039426577,0.0030505154519446798,-0.024594501089287624,-0.05405443820630962,LG CNS,LG CNS IPO
2025-02-17,54600.0,54600.0,53100.0,53200.0,965351.0,0.74,064400,LG CNS,-0.023853211009174258,8,-0.04659498207885304,0.007475733775882398,-0.031328944785056656,-0.08538338299136627,LG CNS,LG CNS IPO
2025-02-18,53300.0,53600.0,52000.0,52100.0,1021817.0,0.65,064400,LG CNS,-0.020676691729323293,9,-0.06630824372759858,0.006278683123788431,-0.026955374853111724,-0.112338757844478,LG CNS,LG CNS IPO
2025-02-19,52800.0,53200.0,52200.0,52300.0,803215.0,0.65,064400,LG CNS,0.0038387715930903177,10,-0.06272401433691754,0.017020644812529184,-0.013181873219438867,-0.12552063106391687,LG CNS,LG CNS IPO
2025-02-20,52200.0,52700.0,51200.0,51300.0,735273.0,0.67,064400,LG CNS,-0.019120458891013437,11,-0.08064516129032262,-0.006535605198538685,-0.012584853692474751,-0.13810548475639162,LG CNS,LG CNS IPO
2025-02-21,51500.0,52200.0,51200.0,51700.0,526764.0,0.62,064400,LG CNS,0.007797270955165692,12,-0.07347670250896055,0.0001959262413058216,0.00760134471385987,-0.13050414004253175,LG CNS,LG CNS IPO
2025-02-24,50900.0,51400.0,50100.0,50300.0,666499.0,0.54,064400,LG CNS,-0.027079303675048405,13,-0.09856630824372759,-0.003507146139879014,-0.02357215753516939,-0.15407629757770114,LG CNS,LG CNS IPO
2025-02-25,50200.0,51100.0,49750.0,50700.0,622991.0,0.54,064400,LG CNS,0.007952286282306265,14,-0.09139784946236562,-0.005662937998767603,0.013615224281073868,-0.14046107329662727,LG CNS,LG CNS IPO
2025-02-26,50400.0,50700.0,49950.0,50100.0,387046.0,0.5,064400,LG CNS,-0.011834319526627168,15,-0.10215053763440862,0.0041060111242487984,-0.015940330650875967,-0.15640140394750324,LG CNS,LG CNS IPO
2025-02-27,50200.0,50200.0,49400.0,49950.0,584305.0,0.45,064400,LG CNS,-0.0029940119760478723,16,-0.10483870967741937,-0.00732273417414786,0.004328722198099988,-0.15207268174940325,LG CNS,LG CNS IPO
2025-02-28,49300.0,49400.0,48350.0,48350.0,719821.0,0.38,064400,LG CNS,-0.03203203203203209,17,-0.13351254480286734,-0.03393534852674729,0.0019033164947152015,-0.15016936525468805,LG CNS,LG CNS IPO
2025-03-04,47850.0,47900.0,46550.0,46550.0,743054.0,0.41,064400,LG CNS,-0.03722854188210967,18,-0.16577060931899645,-0.0015240170879429193,-0.03570452479416675,-0.1858738900488548,LG CNS,LG CNS IPO
2025-03-05,47000.0,47800.0,46500.0,47400.0,672430.0,0.49,064400,LG CNS,0.018259935553168738,19,-0.15053763440860213,0.011550385144646791,0.006709550408521947,-0.17916433964033285,LG CNS,LG CNS IPO
2025-03-06,47700.0,51300.0,47400.0,51000.0,2214248.0,0.59,064400,LG CNS,0.07594936708860756,20,-0.08602150537634412,0.007048117179345725,0.06890124990926183,-0.11026308973107102,LG CNS,LG CNS IPO
2025-03-07,50300.0,51700.0,50300.0,51200.0,865391.0,0.54,064400,LG CNS,0.0039215686274509665,21,-0.08243727598566308,-0.0049220545307744334,0.0088436231582254,-0.10141946657284562,LG CNS,LG CNS IPO
2025-03-10,51000.0,51100.0,49800.0,50500.0,441922.0,0.5,064400,LG CNS,-0.013671875,22,-0.09498207885304655,0.0026955544806277487,-0.01636742948062775,-0.11778689605347337,LG CNS,LG CNS IPO
2025-03-11,48950.0,51500.0,48800.0,50700.0,526969.0,0.48,064400,LG CNS,0.003960396039603964,23,-0.09139784946236562,-0.012756819004119957,0.01671721504372392,-0.10106968100974945,LG CNS,LG CNS IPO
2025-03-12,51200.0,52900.0,51000.0,52200.0,982245.0,0.53,064400,LG CNS,0.029585798816567976,24,-0.06451612903225812,0.014667402269861407,0.01491839654670657,-0.08615128446304288,LG CNS,LG CNS IPO
2025-03-13,52600.0,52700.0,51000.0,51700.0,462240.0,0.62,064400,LG CNS,-0.009578544061302652,25,-0.07347670250896055,-0.00045828446260332,-0.009120259598699332,-0.09527154406174221,LG CNS,LG CNS IPO
2025-03-14,51700.0,52600.0,51300.0,51700.0,320626.0,0.6,064400,LG CNS,0.0,26,-0.07347670250896055,-0.0028286784476460047,0.0028286784476460047,-0.0924428656140962,LG CNS,LG CNS IPO
2025-03-17,51700.0,52300.0,51200.0,51200.0,380336.0,0.6,064400,LG CNS,-0.009671179883945835,27,-0.08243727598566308,0.017273492417275715,-0.02694467230122155,-0.11938753791531775,LG CNS,LG CNS IPO
2025-03-18,51600.0,52400.0,51400.0,51700.0,346065.0,0.64,064400,LG CNS,0.009765625,28,-0.07347670250896055,0.0006320168231388479,0.009133608176861152,-0.1102539297384566,LG CNS,LG CNS IPO
2025-03-19,52000.0,53400.0,51800.0,52800.0,851039.0,0.72,064400,LG CNS,0.02127659574468077,29,-0.053763440860215006,0.006231960617683718,0.015044635126997052,-0.09520929461145955,LG CNS,LG CNS IPO
2025-03-20,53300.0,53300.0,52300.0,52400.0,386265.0,0.61,064400,LG CNS,-0.007575757575757569,30,-0.06093189964157708,0.0032260273451469867,-0.010801784920904556,-0.1060110795323641,LG CNS,LG CNS IPO
2025-03-21,52300.0,52900.0,52100.0,52200.0,265520.0,0.61,064400,LG CNS,-0.003816793893129722,31,-0.06451612903225812,0.0022866027075196804,-0.006103396600649402,-0.11211447613301351,LG CNS,LG CNS IPO
2025-03-24,51800.0,52400.0,51600.0,52000.0,191469.0,0.6,064400,LG CNS,-0.003831417624521105,32,-0.06810035842293904,-0.004184432850446229,0.000353015225925124,-0.11176146090708838,LG CNS,LG CNS IPO
2025-03-25,51900.0,52200.0,51600.0,51600.0,209816.0,0.6,064400,LG CNS,-0.007692307692307665,33,-0.07526881720430112,-0.0061776472510229885,-0.0015146604412846765,-0.11327612134837306,LG CNS,LG CNS IPO
2025-03-26,51700.0,52600.0,51100.0,52000.0,281388.0,0.64,064400,LG CNS,0.007751937984496138,34,-0.06810035842293904,0.010753839154984624,-0.0030019011704884857,-0.11627802251886155,LG CNS,LG CNS IPO
2025-03-27,51500.0,51900.0,51100.0,51100.0,178120.0,0.61,064400,LG CNS,-0.017307692307692357,35,-0.08422939068100355,-0.013914839217228803,-0.0033928530904635545,-0.1196708756093251,LG CNS,LG CNS IPO
2025-03-28,51100.0,51500.0,49800.0,49800.0,309677.0,0.68,064400,LG CNS,-0.025440313111546042,36,-0.10752688172043012,-0.0188596743570566,-0.006580638754489443,-0.12625151436381454,LG CNS,LG CNS IPO
2025-03-31,48750.0,49750.0,48750.0,49000.0,220463.0,0.67,064400,LG CNS,-0.016064257028112428,37,-0.12186379928315416,-0.030047146576595685,0.013982889548483257,-0.11226862481533129,LG CNS,LG CNS IPO
2025-04-01,49300.0,49850.0,48850.0,48900.0,213936.0,0.64,064400,LG CNS,-0.0020408163265306367,38,-0.12365591397849462,0.016230573289482075,-0.018271389616012712,-0.130540014431344,LG CNS,LG CNS IPO
2025-04-02,49100.0,49200.0,47850.0,48300.0,257418.0,0.6,064400,LG CNS,-0.012269938650306789,39,-0.13440860215053763,-0.006159301020468799,-0.006110637629837989,-0.136650652061182,LG CNS,LG CNS IPO
2025-04-03,47400.0,49450.0,47400.0,48850.0,233579.0,0.64,064400,LG CNS,0.011387163561076497,40,-0.12455197132616491,-0.007646077594119505,0.019033241155196,-0.11761741090598599,LG CNS,LG CNS IPO
2025-04-04,48300.0,50100.0,47900.0,50000.0,223526.0,0.65,064400,LG CNS,0.023541453428863823,41,-0.10394265232974909,-0.008557526038524887,0.03209897946738871,-0.08551843143859728,LG CNS,LG CNS IPO
2025-04-07,48850.0,49450.0,48350.0,48350.0,322021.0,0.57,064400,LG CNS,-0.03300000000000003,42,-0.13351254480286734,-0.055657859512780905,0.022657859512780876,-0.0628605719258164,LG CNS,LG CNS IPO
2025-04-08,49200.0,50200.0,48350.0,48400.0,229463.0,0.54,064400,LG CNS,0.0010341261633919352,43,-0.13261648745519716,0.0025899836783782604,-0.0015558575149863252,-0.06441642944080272,LG CNS,LG CNS IPO
2025-04-09,48000.0,48650.0,47000.0,47450.0,231484.0,0.53,064400,LG CNS,-0.01962809917355368,44,-0.14964157706093195,-0.017363327521281224,-0.002264771652272457,-0.06668120109307518,LG CNS,LG CNS IPO
2025-04-10,49300.0,49500.0,48100.0,48350.0,215583.0,0.54,064400,LG CNS,0.018967334035827177,45,-0.13351254480286734,0.06598944936129403,-0.04702211532546685,-0.11370331641854203,LG CNS,LG CNS IPO
2025-04-11,47950.0,49250.0,47825.0,48800.0,250572.0,0.58,064400,LG CNS,0.009307135470527417,46,-0.1254480286738351,-0.00504691091425169,0.014354046384779107,-0.09934927003376293,LG CNS,LG CNS IPO
2025-04-14,48900.0,49650.0,48600.0,49400.0,239579.0,0.57,064400,LG CNS,0.012295081967213184,47,-0.11469534050179209,0.009524318458351111,0.002770763508862073,-0.09657850652490085,LG CNS,LG CNS IPO
2025-04-15,49500.0,50700.0,49000.0,50700.0,267055.0,0.49,064400,LG CNS,0.026315789473684292,48,-0.09139784946236562,0.008762607445773174,0.01755318202791112,-0.07902532449698974,LG CNS,LG CNS IPO
2025-04-16,50700.0,51500.0,50500.0,50900.0,279435.0,0.51,064400,LG CNS,0.0039447731755424265,49,-0.08781362007168458,-0.012101347778526783,0.01604612095406921,-0.06297920354292053,LG CNS,LG CNS IPO
2025-04-17,50800.0,51300.0,50700.0,50900.0,152118.0,0.51,064400,LG CNS,0.0,50,-0.08781362007168458,0.009389441168899726,-0.009389441168899726,-0.07236864471182025,LG CNS,LG CNS IPO
2025-04-18,51000.0,52100.0,50550.0,52000.0,254235.0,0.57,064400,LG CNS,0.0216110019646365,51,-0.06810035842293904,0.0052663323092119185,0.016344669655424582,-0.05602397505639567,LG CNS,LG CNS IPO
2025-04-21,52000.0,52400.0,51800.0,52200.0,210245.0,0.55,064400,LG CNS,0.0038461538461538325,52,-0.06451612903225812,0.0020133525541390362,0.0018328012920147962,-0.05419117376438087,LG CNS,LG CNS IPO
2025-04-22,51800.0,52300.0,51800.0,52200.0,141863.0,0.54,064400,LG CNS,0.0,53,-0.06451612903225812,-0.0007153133313508864,0.0007153133313508864,-0.05347586043302999,LG CNS,LG CNS IPO
2025-04-23,52400.0,52800.0,51500.0,52600.0,222403.0,0.61,064400,LG CNS,0.00766283524904221,54,-0.05734767025089604,0.015651642376862007,-0.007988807127819797,-0.061464667560849784,LG CNS,LG CNS IPO
2025-04-24,52500.0,53000.0,52200.0,52700.0,211607.0,0.64,064400,LG CNS,0.0019011406844107182,55,-0.05555555555555558,-0.0012789242781798826,0.003180064962590601,-0.05828460259825918,LG CNS,LG CNS IPO
2025-04-25,52700.0,53100.0,52400.0,52700.0,139114.0,0.67,064400,LG CNS,0.0,56,-0.05555555555555558,0.009503118148695977,-0.009503118148695977,-0.06778772074695516,LG CNS,LG CNS IPO
2025-04-28,53000.0,55300.0,52900.0,54700.0,1030694.0,0.95,064400,LG CNS,0.03795066413662229,57,-0.01971326164874554,0.0010053803558103258,0.036945283780811966,-0.030842436966143194,LG CNS,LG CNS IPO
2025-04-29,54800.0,55400.0,54000.0,54300.0,477121.0,0.95,064400,LG CNS,-0.007312614259597838,58,-0.026881720430107503,0.006497022198159064,-0.013809636457756902,-0.044652073423900096,LG CNS,LG CNS IPO
2025-04-30,54200.0,54200.0,52400.0,52600.0,315561.0,0.98,064400,LG CNS,-0.03130755064456725,59,-0.05734767025089604,-0.0034341355411589003,-0.02787341510340835,-0.07252548852730845,LG CNS,LG CNS IPO
2025-05-02,52900.0,53300.0,52300.0,52400.0,212687.0,0.96,064400,LG CNS,-0.0038022813688213253,60,-0.06093189964157708,0.0012438346091112606,-0.005046115977932586,-0.07757160450524103,LG CNS,LG CNS IPO
2025-05-07,52300.0,52900.0,51500.0,52900.0,260652.0,1.01,064400,LG CNS,0.009541984732824416,61,-0.05197132616487454,0.005473105215662244,0.004068879517162172,-0.07350272498807886,LG CNS,LG CNS IPO
2025-05-08,52900.0,54400.0,52600.0,54100.0,301379.0,1.08,064400,LG CNS,0.022684310018903586,62,-0.03046594982078854,0.002206853679384446,0.02047745633951914,-0.05302526864855972,LG CNS,LG CNS IPO
2025-05-09,54000.0,54900.0,54000.0,54800.0,277569.0,1.18,064400,LG CNS,0.012939001848428777,63,-0.017921146953404965,-0.0008567618279653466,0.013795763676394124,-0.039229504972165596,LG CNS,LG CNS IPO
2024-11-04,2549.04,2588.97,2542.68,2588.97,373943.0,0.0,KOSPI,KOSPI,,-60,0.03176222566722586,,,0.0,KOSPI,LG CNS IPO
2024-11-05,2570.24,2586.73,2564.66,2576.88,310875.0,0.0,KOSPI,KOSPI,-0.004669810774168726,-59,0.026944091309424767,-0.004669810774168726,0.0,0.0,KOSPI,LG CNS IPO
2024-11-06,2591.9,2592.75,2544.04,2563.51,548506.0,0.0,KOSPI,KOSPI,-0.005188444941169101,-58,0.021615848434006768,-0.005188444941169101,0.0,0.0,KOSPI,LG CNS IPO
2024-11-07,2557.23,2579.81,2540.48,2564.63,465146.0,0.0,KOSPI,KOSPI,0.00043690096781356935,-57,0.02206219338692139,0.00043690096781356935,0.0,0.0,KOSPI,LG CNS IPO
2024-11-08,2586.7,2593.15,2553.42,2561.15,448734.0,0.0,KOSPI,KOSPI,-0.0013569208813747347,-56,0.020675335854650978,-0.0013569208813747347,0.0,0.0,KOSPI,LG CNS IPO
2024-11-11,2562.05,2562.05,2525.56,2531.66,572197.0,0.0,KOSPI,KOSPI,-0.011514358784139977,-55,0.008922913835497814,-0.011514358784139977,0.0,0.0,KOSPI,LG CNS IPO
2024-11-12,2527.94,2532.44,2481.53,2482.57,735813.0,0.0,KOSPI,KOSPI,-0.019390439474494925,-54,-0.010640544859660261,-0.019390439474494925,0.0,0.0,KOSPI,LG CNS IPO
2024-11-13,2468.27,2478.87,2415.77,2417.08,619176.0,0.0,KOSPI,KOSPI,-0.026379920807872548,-53,-0.036739768936782435,-0.026379920807872548,0.0,0.0,KOSPI,LG CNS IPO
2024-11-14,2430.26,2441.43,2410.93,2418.86,639990.0,0.0,KOSPI,KOSPI,0.0007364257699373766,-52,-0.036030399279471714,0.0007364257699373766,0.0,0.0,KOSPI,LG CNS IPO
2024-11-15,2413.05,2433.18,2390.56,2416.86,623327.0,0.0,KOSPI,KOSPI,-0.0008268357821452632,-51,-0.036827443838247764,-0.0008268357821452632,0.0,0.0,KOSPI,LG CNS IPO
2024-11-18,2440.31,2480.01,2437.53,2469.07,443926.0,0.0,KOSPI,KOSPI,0.021602409738255446,-50,-0.016020595631398682,0.021602409738255446,0.0,0.0,KOSPI,LG CNS IPO
2024-11-19,2469.13,2479.39,2465.15,2471.95,410856.0,0.0,KOSPI,KOSPI,0.0011664310853882753,-49,-0.014872851466761317,0.0011664310853882753,0.0,0.0,KOSPI,LG CNS IPO
2024-11-20,2475.76,2489.15,2471.79,2482.29,408790.0,0.0,KOSPI,KOSPI,0.004182932502680092,-48,-0.010752131097889084,0.004182932502680092,0.0,0.0,KOSPI,LG CNS IPO
2024-11-21,2474.62,2496.97,2474.62,2480.63,451119.0,0.0,KOSPI,KOSPI,-0.0006687373352830539,-47,-0.011413678081673151,-0.0006687373352830539,0.0,0.0,KOSPI,LG CNS IPO
2024-11-22,2493.42,2511.23,2492.21,2501.24,543518.0,0.0,KOSPI,KOSPI,0.008308373276143532,-46,-0.0032001339034859466,0.008308373276143532,0.0,0.0,KOSPI,LG CNS IPO
2024-11-25,2524.11,2541.76,2517.98,2534.34,564692.0,0.0,KOSPI,KOSPI,0.013233436215637218,-45,0.009990953544257941,0.013233436215637218,0.0,0.0,KOSPI,LG CNS IPO
2024-11-26,2521.39,2526.62,2512.21,2520.36,441709.0,0.0,KOSPI,KOSPI,-0.005516229077392909,-44,0.0044196120784132376,-0.005516229077392909,0.0,0.0,KOSPI,LG CNS IPO
2024-11-27,2518.82,2526.32,2498.32,2503.06,414339.0,0.0,KOSPI,KOSPI,-0.006864098779539529,-43,-0.002474823354999711,-0.006864098779539529,0.0,0.0,KOSPI,LG CNS IPO
2024-11-28,2499.69,2513.63,2495.64,2504.67,342571.0,0.0,KOSPI,KOSPI,0.0006432127076458904,-42,-0.001833202485184926,0.0006432127076458904,0.0,0.0,KOSPI,LG CNS IPO
2024-11-29,2496.93,2496.93,2446.96,2455.91,384278.0,0.0,KOSPI,KOSPI,-0.01946763445883104,-41,-0.02126514882814534,-0.01946763445883104,0.0,0.0,KOSPI,LG CNS IPO
2024-12-02,2479.02,2483.29,2448.45,2454.48,328110.0,0.0,KOSPI,KOSPI,-0.0005822688942184184,-40,-0.02183503568767009,-0.0005822688942184184,0.0,0.0,KOSPI,LG CNS IPO
2024-12-03,2472.06,2500.67,2471.55,2500.1,324138.0,0.0,KOSPI,KOSPI,0.018586421563834277,-39,-0.0036544493019882163,0.018586421563834277,0.0,0.0,KOSPI,LG CNS IPO
2024-12-04,2450.76,2483.04,2442.46,2464.0,670284.0,0.0,KOSPI,KOSPI,-0.014439422423103032,-38,-0.018041103587896123,-0.014439422423103032,0.0,0.0,KOSPI,LG CNS IPO
2024-12-05,2471.45,2471.45,2434.78,2441.85,519352.0,0.0,KOSPI,KOSPI,-0.008989448051948123,-37,-0.026868372076340963,-0.008989448051948123,0.0,0.0,KOSPI,LG CNS IPO
2024-12-06,2451.6,2459.24,2397.73,2428.16,630409.0,0.0,KOSPI,KOSPI,-0.005606404979830892,-36,-0.032324142081163076,-0.005606404979830892,0.0,0.0,KOSPI,LG CNS IPO
2024-12-09,2392.37,2399.52,2360.18,2360.58,591644.0,0.0,KOSPI,KOSPI,-0.027831773853452813,-35,-0.0592562777222061,-0.027831773853452813,0.0,0.0,KOSPI,LG CNS IPO
2024-12-10,2384.51,2419.06,2384.51,2417.84,598770.0,0.0,KOSPI,KOSPI,0.024256750459632936,-34,-0.03643689200444744,0.024256750459632936,0.0,0.0,KOSPI,LG CNS IPO
2024-12-11,2412.15,2443.34,2411.38,2442.51,617716.0,0.0,KOSPI,KOSPI,0.010203321973331514,-33,-0.026605347371944754,0.010203321973331514,0.0,0.0,KOSPI,LG CNS IPO
2024-12-12,2456.63,2487.95,2448.76,2482.12,664187.0,0.0,KOSPI,KOSPI,0.01621692439334943,-32,-0.01081987988538502,0.01621692439334943,0.0,0.0,KOSPI,LG CNS IPO
2024-12-13,2473.75,2500.32,2470.24,2494.46,577737.0,0.0,KOSPI,KOSPI,0.004971556572607394,-31,-0.005902114957736737,0.004971556572607394,0.0,0.0,KOSPI,LG CNS IPO
2024-12-16,2511.08,2515.62,2483.43,2488.97,526708.0,0.0,KOSPI,KOSPI,-0.0022008771437506125,-30,-0.00809000227157708,-0.0022008771437506125,0.0,0.0,KOSPI,LG CNS IPO
2024-12-17,2487.31,2487.31,2455.05,2456.81,559040.0,0.0,KOSPI,KOSPI,-0.012921007485023894,-29,-0.020906478776696047,-0.012921007485023894,0.0,0.0,KOSPI,LG CNS IPO
2024-12-18,2463.06,2492.0,2462.82,2484.43,441678.0,0.0,KOSPI,KOSPI,0.01124222060313973,-28,-0.009899293419998734,0.01124222060313973,0.0,0.0,KOSPI,LG CNS IPO
2024-12-19,2426.55,2450.05,2423.59,2435.93,504467.0,0.0,KOSPI,KOSPI,-0.019521580402748318,-27,-0.029227623970318084,-0.019521580402748318,0.0,0.0,KOSPI,LG CNS IPO
2024-12-20,2429.63,2430.69,2389.86,2404.15,617782.0,0.0,KOSPI,KOSPI,-0.013046351906663922,-26,-0.041892662009269555,-0.013046351906663922,0.0,0.0,KOSPI,LG CNS IPO
2024-12-23,2423.36,2446.97,2413.62,2442.01,428167.0,0.0,KOSPI,KOSPI,0.015747769481937457,-25,-0.026804608511638794,0.015747769481937457,0.0,0.0,KOSPI,LG CNS IPO
2024-12-24,2450.55,2452.85,2432.42,2440.52,386778.0,0.0,KOSPI,KOSPI,-0.0006101531115761949,-24,-0.027398406707927037,-0.0006101531115761949,0.0,0.0,KOSPI,LG CNS IPO
2024-12-26,2449.52,2449.52,2428.82,2429.67,322800.0,0.0,KOSPI,KOSPI,-0.004445773851474266,-23,-0.03172237343928708,-0.004445773851474266,0.0,0.0,KOSPI,LG CNS IPO
2024-12-27,2419.46,2423.86,2388.33,2404.77,311291.0,0.0,KOSPI,KOSPI,-0.010248305325414653,-22,-0.04164557819604908,-0.010248305325414653,0.0,0.0,KOSPI,LG CNS IPO
2024-12-30,2397.49,2429.75,2390.44,2399.49,303964.0,0.0,KOSPI,KOSPI,-0.0021956361731060303,-21,-0.043749775831217974,-0.0021956361731060303,0.0,0.0,KOSPI,LG CNS IPO
2025-01-02,2400.87,2410.99,2386.84,2398.94,350692.0,0.0,KOSPI,KOSPI,-0.00022921537493370003,-20,-0.043968963084881185,-0.00022921537493370003,0.0,0.0,KOSPI,LG CNS IPO
2025-01-03,2402.58,2454.67,2402.58,2441.92,407536.0,0.0,KOSPI,KOSPI,0.017916246342134512,-19,-0.0268404755167837,0.017916246342134512,0.0,0.0,KOSPI,LG CNS IPO
2025-01-06,2453.3,2489.1,2446.82,2488.64,302761.0,0.0,KOSPI,KOSPI,0.01913248591272443,-18,-0.008221514623775072,0.01913248591272443,0.0,0.0,KOSPI,LG CNS IPO
2025-01-07,2513.49,2521.86,2492.09,2492.1,407693.0,0.0,KOSPI,KOSPI,0.001390317603188862,-17,-0.006842627537092527,0.001390317603188862,0.0,0.0,KOSPI,LG CNS IPO
2025-01-08,2481.25,2526.77,2481.25,2521.05,362909.0,0.0,KOSPI,KOSPI,0.011616708799807585,-16,0.004694592451190971,0.011616708799807585,0.0,0.0,KOSPI,LG CNS IPO
2025-01-09,2526.1,2535.87,2515.82,2521.9,404290.0,0.0,KOSPI,KOSPI,0.0003371611035083433,-15,0.005033336388670762,0.0003371611035083433,0.0,0.0,KOSPI,LG CNS IPO
2025-01-10,2528.42,2535.24,2506.29,2515.78,377587.0,0.0,KOSPI,KOSPI,-0.002426741742337035,-14,0.0025943800388161797,-0.002426741742337035,0.0,0.0,KOSPI,LG CNS IPO
2025-01-13,2508.15,2513.93,2483.73,2489.56,578565.0,0.0,KOSPI,KOSPI,-0.010422214979052269,-13,-0.00785487412673802,-0.010422214979052269,0.0,0.0,KOSPI,LG CNS IPO
2025-01-14,2501.49,2504.89,2482.74,2497.4,414488.0,0.0,KOSPI,KOSPI,0.003149150853966276,-12,-0.004730459456335878,0.003149150853966276,0.0,0.0,KOSPI,LG CNS IPO
2025-01-15,2511.07,2524.36,2493.1,2496.81,538534.0,0.0,KOSPI,KOSPI,-0.00023624569552338492,-11,-0.004965587601174826,-0.00023624569552338492,0.0,0.0,KOSPI,LG CNS IPO
2025-01-16,2528.27,2534.01,2519.86,2527.49,451063.0,0.0,KOSPI,KOSPI,0.012287679078504032,-10,0.0072610759304498895,0.012287679078504032,0.0,0.0,KOSPI,LG CNS IPO
2025-01-17,2520.85,2528.48,2513.84,2523.55,445885.0,0.0,KOSPI,KOSPI,-0.0015588587887586103,-9,0.005690898149661061,-0.0015588587887586103,0.0,0.0,KOSPI,LG CNS IPO
2025-01-20,2533.68,2536.72,2516.28,2520.05,437546.0,0.0,KOSPI,KOSPI,-0.0013869350716252393,-8,0.0042960701718031125,-0.0013869350716252393,0.0,0.0,KOSPI,LG CNS IPO
2025-01-21,2533.23,2548.44,2507.95,2518.03,572011.0,0.0,KOSPI,KOSPI,-0.0008015713973928973,-7,0.0034910551674391943,-0.0008015713973928973,0.0,0.0,KOSPI,LG CNS IPO
2025-01-22,2535.8,2552.57,2526.89,2547.06,583737.0,0.0,KOSPI,KOSPI,0.011528853905632408,-6,0.015060156938073499,0.011528853905632408,0.0,0.0,KOSPI,LG CNS IPO
2025-01-23,2541.24,2541.6,2515.49,2515.49,609742.0,0.0,KOSPI,KOSPI,-0.012394682496682519,-5,0.0024788085777933677,-0.012394682496682519,0.0,0.0,KOSPI,LG CNS IPO
2025-01-24,2529.29,2542.83,2522.64,2536.8,602015.0,0.0,KOSPI,KOSPI,0.008471510520813297,-4,0.010971318351552517,0.008471510520813297,0.0,0.0,KOSPI,LG CNS IPO
2025-01-31,2534.33,2537.98,2496.95,2517.37,454403.0,0.0,KOSPI,KOSPI,-0.007659255755282368,-3,0.0032280304630429857,-0.007659255755282368,0.0,0.0,KOSPI,LG CNS IPO
2025-02-03,2468.74,2468.74,2437.61,2453.95,522848.0,0.0,KOSPI,KOSPI,-0.025192959318654062,-2,-0.022046252495745877,-0.025192959318654062,0.0,0.0,KOSPI,LG CNS IPO
2025-02-04,2481.44,2508.35,2471.63,2481.69,479377.0,0.0,KOSPI,KOSPI,0.011304223802441005,-1,-0.010991244465521799,0.011304223802441005,0.0,0.0,KOSPI,LG CNS IPO
2025-02-05,2503.94,2514.71,2498.74,2509.27,437344.0,0.0,KOSPI,KOSPI,0.011113394501327756,0,0.0,0.011113394501327756,0.0,0.0,KOSPI,LG CNS IPO
2025-02-06,2521.82,2536.75,2515.34,2536.75,479697.0,0.0,KOSPI,KOSPI,0.010951392237583013,1,0.010951392237583013,0.010951392237583013,0.0,0.0,KOSPI,LG CNS IPO
2025-02-07,2532.09,2537.63,2519.01,2521.92,419872.0,0.0,KOSPI,KOSPI,-0.005846062875726754,2,0.005041306834258519,-0.005846062875726754,0.0,0.0,KOSPI,LG CNS IPO
2025-02-10,2510.64,2527.33,2499.18,2521.27,393564.0,0.0,KOSPI,KOSPI,-0.0002577401345007502,3,0.0047822673526563,-0.0002577401345007502,0.0,0.0,KOSPI,LG CNS IPO
2025-02-11,2532.87,2549.44,2527.74,2539.05,451093.0,0.0,KOSPI,KOSPI,0.007052001570637012,4,0.011867993480175532,0.007052001570637012,0.0,0.0,KOSPI,LG CNS IPO
2025-02-12,2534.71,2549.58,2528.74,2548.39,464894.0,0.0,KOSPI,KOSPI,0.0036785411866642193,5,0.015590191569659684,0.0036785411866642193,0.0,0.0,KOSPI,LG CNS IPO
2025-02-13,2558.95,2583.74,2555.98,2583.17,680342.0,0.0,KOSPI,KOSPI,0.013647832553102202,6,0.029450796446775396,0.013647832553102202,0.0,0.0,KOSPI,LG CNS IPO
2025-02-14,2588.2,2600.57,2582.84,2591.05,499365.0,0.0,KOSPI,KOSPI,0.0030505154519446798,7,0.03259115200835305,0.0030505154519446798,0.0,0.0,KOSPI,LG CNS IPO
2025-02-17,2595.99,2612.8,2592.57,2610.42,366340.0,0.0,KOSPI,KOSPI,0.007475733775882398,8,0.04031052856009909,0.007475733775882398,0.0,0.0,KOSPI,LG CNS IPO
2025-02-18,2613.25,2628.47,2605.15,2626.81,421993.0,0.0,KOSPI,KOSPI,0.006278683123788431,9,0.046842308719268866,0.006278683123788431,0.0,0.0,KOSPI,LG CNS IPO
2025-02-19,2633.91,2680.7,2633.91,2671.52,525799.0,0.0,KOSPI,KOSPI,0.017020644812529184,10,0.06466023983070768,0.017020644812529184,0.0,0.0,KOSPI,LG CNS IPO
2025-02-20,2661.72,2667.59,2645.53,2654.06,529303.0,0.0,KOSPI,KOSPI,-0.006535605198538685,11,0.05770204083259278,-0.006535605198538685,0.0,0.0,KOSPI,LG CNS IPO
2025-02-21,2653.76,2656.04,2638.44,2654.58,444704.0,0.0,KOSPI,KOSPI,0.0001959262413058216,12,0.05790927241787447,0.0001959262413058216,0.0,0.0,KOSPI,LG CNS IPO
2025-02-24,2636.12,2645.27,2626.88,2645.27,536354.0,0.0,KOSPI,KOSPI,-0.003507146139879014,13,0.05419902999677206,-0.003507146139879014,0.0,0.0,KOSPI,LG CNS IPO
2025-02-25,2617.64,2641.49,2617.12,2630.29,410285.0,0.0,KOSPI,KOSPI,-0.005662937998767603,14,0.04822916625153928,-0.005662937998767603,0.0,0.0,KOSPI,LG CNS IPO
2025-02-26,2629.86,2648.06,2620.16,2641.09,386763.0,0.0,KOSPI,KOSPI,0.0041060111242487984,15,0.05253320686893015,0.0041060111242487984,0.0,0.0,KOSPI,LG CNS IPO
2025-02-27,2637.63,2638.47,2610.47,2621.75,513910.0,0.0,KOSPI,KOSPI,-0.00732273417414786,16,0.044825785985565636,-0.00732273417414786,0.0,0.0,KOSPI,LG CNS IPO
2025-02-28,2585.61,2586.78,2531.24,2532.78,588572.0,0.0,KOSPI,KOSPI,-0.03393534852674729,17,0.00936925878841266,-0.03393534852674729,0.0,0.0,KOSPI,LG CNS IPO
2025-03-04,2522.2,2548.78,2513.31,2528.92,484081.0,0.0,KOSPI,KOSPI,-0.0015240170879429193,18,0.00783096278997486,-0.0015240170879429193,0.0,0.0,KOSPI,LG CNS IPO
2025-03-05,2548.45,2561.47,2535.18,2558.13,569412.0,0.0,KOSPI,KOSPI,0.011550385144646791,19,0.0194717985708992,0.011550385144646791,0.0,0.0,KOSPI,LG CNS IPO
2025-03-06,2573.55,2583.65,2565.57,2576.16,609616.0,0.0,KOSPI,KOSPI,0.007048117179345725,20,0.026657155268265287,0.007048117179345725,0.0,0.0,KOSPI,LG CNS IPO
2025-03-07,2553.44,2575.48,2541.49,2563.48,567191.0,0.0,KOSPI,KOSPI,-0.0049220545307744334,21,0.02160389276562502,-0.0049220545307744334,0.0,0.0,KOSPI,LG CNS IPO
2025-03-10,2555.4,2579.76,2549.99,2570.39,435695.0,0.0,KOSPI,KOSPI,0.0026955544806277487,22,0.024357681716196344,0.0026955544806277487,0.0,0.0,KOSPI,LG CNS IPO
2025-03-11,2516.69,2547.88,2505.91,2537.6,399016.0,0.0,KOSPI,KOSPI,-0.012756819004119957,23,0.011290136175062804,-0.012756819004119957,0.0,0.0,KOSPI,LG CNS IPO
2025-03-12,2552.6,2579.69,2541.66,2574.82,401645.0,0.0,KOSPI,KOSPI,0.014667402269861407,24,0.026123135413885334,0.014667402269861407,0.0,0.0,KOSPI,LG CNS IPO
2025-03-13,2598.06,2600.07,2561.02,2573.64,427292.0,0.0,KOSPI,KOSPI,-0.00045828446260332,25,0.02565287912420744,-0.00045828446260332,0.0,0.0,KOSPI,LG CNS IPO
2025-03-14,2565.18,2576.74,2559.24,2566.36,362329.0,0.0,KOSPI,KOSPI,-0.0028286784476460047,26,0.02275163693026272,-0.0028286784476460047,0.0,0.0,KOSPI,LG CNS IPO
2025-03-17,2588.32,2610.69,2587.52,2610.69,396574.0,0.0,KOSPI,KOSPI,0.017273492417275715,27,0.04041812957553392,0.017273492417275715,0.0,0.0,KOSPI,LG CNS IPO
2025-03-18,2627.27,2638.56,2606.91,2612.34,555527.0,0.0,KOSPI,KOSPI,0.0006320168231388479,28,0.04107569133652422,0.0006320168231388479,0.0,0.0,KOSPI,LG CNS IPO
2025-03-19,2613.48,2642.83,2613.48,2628.62,653327.0,0.0,KOSPI,KOSPI,0.006231960617683718,29,0.04756363404496122,0.006231960617683718,0.0,0.0,KOSPI,LG CNS IPO
2025-03-20,2648.16,2650.72,2629.2,2637.1,455019.0,0.0,KOSPI,KOSPI,0.0032260273451469867,30,0.05094310297417182,0.0032260273451469867,0.0,0.0,KOSPI,LG CNS IPO
2025-03-21,2633.9,2645.82,2617.78,2643.13,497529.0,0.0,KOSPI,KOSPI,0.0022866027075196804,31,0.0533461923188816,0.0022866027075196804,0.0,0.0,KOSPI,LG CNS IPO
2025-03-24,2636.43,2648.82,2629.38,2632.07,372432.0,0.0,KOSPI,KOSPI,-0.004184432850446229,32,0.04893853590885011,-0.004184432850446229,0.0,0.0,KOSPI,LG CNS IPO
2025-03-25,2653.04,2654.63,2612.74,2615.81,439279.0,0.0,KOSPI,KOSPI,-0.0061776472510229885,33,0.04245856364600065,-0.0061776472510229885,0.0,0.0,KOSPI,LG CNS IPO
2025-03-26,2628.09,2649.15,2618.05,2643.94,507916.0,0.0,KOSPI,KOSPI,0.010753839154984624,34,0.05366899536518588,0.010753839154984624,0.0,0.0,KOSPI,LG CNS IPO
2025-03-27,2620.28,2633.03,2603.41,2607.15,403314.0,0.0,KOSPI,KOSPI,-0.013914839217228803,35,0.03900736070650024,-0.013914839217228803,0.0,0.0,KOSPI,LG CNS IPO
2025-03-28,2592.63,2592.63,2549.26,2557.98,513561.0,0.0,KOSPI,KOSPI,-0.0188596743570566,36,0.01941202022899091,-0.0188596743570566,0.0,0.0,KOSPI,LG CNS IPO
2025-03-31,2513.44,2514.22,2479.46,2481.12,391593.0,0.0,KOSPI,KOSPI,-0.030047146576595685,37,-0.0112184021647731,-0.030047146576595685,0.0,0.0,KOSPI,LG CNS IPO
2025-04-01,2511.24,2530.61,2494.43,2521.39,453394.0,0.0,KOSPI,KOSPI,0.016230573289482075,38,0.004830090026182843,0.016230573289482075,0.0,0.0,KOSPI,LG CNS IPO
2025-04-02,2525.62,2532.15,2499.83,2505.86,515600.0,0.0,KOSPI,KOSPI,-0.006159301020468799,39,-0.0013589609727131524,-0.006159301020468799,0.0,0.0,KOSPI,LG CNS IPO
2025-04-03,2437.43,2488.92,2437.43,2486.7,480057.0,0.0,KOSPI,KOSPI,-0.007646077594119505,40,-0.008994647845787851,-0.007646077594119505,0.0,0.0,KOSPI,LG CNS IPO
2025-04-04,2450.49,2506.71,2438.02,2465.42,695075.0,0.0,KOSPI,KOSPI,-0.008557526038524887,41,-0.01747520195116503,-0.008557526038524887,0.0,0.0,KOSPI,LG CNS IPO
2025-04-07,2359.25,2369.4,2327.01,2328.2,619501.0,0.0,KOSPI,KOSPI,-0.055657859512780905,42,-0.0721604291287905,-0.055657859512780905,0.0,0.0,KOSPI,LG CNS IPO
2025-04-08,2381.2,2381.31,2328.94,2334.23,557018.0,0.0,KOSPI,KOSPI,0.0025899836783782604,43,-0.06975733978408061,0.0025899836783782604,0.0,0.0,KOSPI,LG CNS IPO
2025-04-09,2329.99,2337.58,2284.72,2293.7,699642.0,0.0,KOSPI,KOSPI,-0.017363327521281224,44,-0.0859094477676775,-0.017363327521281224,0.0,0.0,KOSPI,LG CNS IPO
2025-04-10,2395.13,2445.06,2391.39,2445.06,670388.0,0.0,KOSPI,KOSPI,0.06598944936129403,45,-0.025589115559505382,0.06598944936129403,0.0,0.0,KOSPI,LG CNS IPO
2025-04-11,2400.74,2433.18,2394.25,2432.72,369703.0,0.0,KOSPI,KOSPI,-0.00504691091425169,46,-0.030506880487153665,-0.00504691091425169,0.0,0.0,KOSPI,LG CNS IPO
2025-04-14,2454.28,2465.56,2449.48,2455.89,488618.0,0.0,KOSPI,KOSPI,0.009524318458351111,47,-0.021273119273732988,0.009524318458351111,0.0,0.0,KOSPI,LG CNS IPO
2025-04-15,2464.51,2482.56,2461.23,2477.41,560340.0,0.0,KOSPI,KOSPI,0.008762607445773174,48,-0.01269691982130261,0.008762607445773174,0.0,0.0,KOSPI,LG CNS IPO
2025-04-16,2472.78,2475.83,2442.72,2447.43,613174.0,0.0,KOSPI,KOSPI,-0.012101347778526783,49,-0.024644617757355824,-0.012101347778526783,0.0,0.0,KOSPI,LG CNS IPO
2025-04-17,2451.7,2473.24,2447.4,2470.41,601739.0,0.0,KOSPI,KOSPI,0.009389441168899726,50,-0.01548657577701884,0.009389441168899726,0.0,0.0,KOSPI,LG CNS IPO
2025-04-18,2473.3,2486.37,2466.9,2483.42,450985.0,0.0,KOSPI,KOSPI,0.0052663323092119185,51,-0.01030180092218047,0.0052663323092119185,0.0,0.0,KOSPI,LG CNS IPO
2025-04-21,2486.38,2498.84,2479.23,2488.42,428977.0,0.0,KOSPI,KOSPI,0.0020133525541390362,52,-0.008309189525240401,0.0020133525541390362,0.0,0.0,KOSPI,LG CNS IPO
2025-04-22,2481.18,2494.59,2476.14,2486.64,416680.0,0.0,KOSPI,KOSPI,-0.0007153133313508864,53,-0.009018559182551122,-0.0007153133313508864,0.0,0.0,KOSPI,LG CNS IPO
2025-04-23,2520.56,2526.72,2507.1,2525.56,538116.0,0.0,KOSPI,KOSPI,0.015651642376862007,54,0.00649192793123099,0.015651642376862007,0.0,0.0,KOSPI,LG CNS IPO
2025-04-24,2525.34,2530.61,2507.21,2522.33,327935.0,0.0,KOSPI,KOSPI,-0.0012789242781798826,55,0.005204700968807652,-0.0012789242781798826,0.0,0.0,KOSPI,LG CNS IPO
2025-04-25,2544.59,2553.33,2534.94,2546.3,403528.0,0.0,KOSPI,KOSPI,0.009503118148695977,56,0.014757280005738727,0.009503118148695977,0.0,0.0,KOSPI,LG CNS IPO
2025-04-28,2551.23,2558.69,2541.97,2548.86,454102.0,0.0,KOSPI,KOSPI,0.0010053803558103258,57,0.01577749704097209,0.0010053803558103258,0.0,0.0,KOSPI,LG CNS IPO
2025-04-29,2550.25,2571.41,2542.25,2565.42,547081.0,0.0,KOSPI,KOSPI,0.006497022198159064,58,0.02237702598763791,0.006497022198159064,0.0,0.0,KOSPI,LG CNS IPO
2025-04-30,2561.04,2570.83,2544.46,2556.61,487489.0,0.0,KOSPI,KOSPI,-0.0034341355411589003,59,0.018866044706229435,-0.0034341355411589003,0.0,0.0,KOSPI,LG CNS IPO
2025-05-02,2556.52,2567.04,2540.57,2559.79,585492.0,0.0,KOSPI,KOSPI,0.0012438346091112606,60,0.02013334555468327,0.0012438346091112606,0.0,0.0,KOSPI,LG CNS IPO
2025-05-07,2577.04,2581.85,2559.17,2573.8,546755.0,0.0,KOSPI,KOSPI,0.005473105215662244,61,0.025716642688909497,0.005473105215662244,0.0,0.0,KOSPI,LG CNS IPO
2025-05-08,2581.27,2590.9,2575.78,2579.48,471636.0,0.0,KOSPI,KOSPI,0.002206853679384446,62,0.027980249235833643,0.002206853679384446,0.0,0.0,KOSPI,LG CNS IPO
2025-05-09,2587.93,2589.58,2571.2,2577.27,485550.0,0.0,KOSPI,KOSPI,-0.0008567618279653466,63,0.02709951499838592,-0.0008567618279653466,0.0,0.0,KOSPI,LG CNS IPO
2024-11-04,142700.0,143400.0,139500.0,141000.0,144475.0,19.08,018260,Samsung SDS,,-60,0.1076197957580518,,,0.0,Samsung SDS,LG CNS IPO
2024-11-05,140100.0,141000.0,135600.0,136500.0,232470.0,19.03,018260,Samsung SDS,-0.03191489361702127,-59,0.0722702278083267,-0.004669810774168726,-0.02724508284285254,-0.02724508284285254,Samsung SDS,LG CNS IPO
2024-11-06,137000.0,138100.0,134500.0,136200.0,193587.0,19.06,018260,Samsung SDS,-0.00219780219780219,-58,0.06991358994501184,-0.005188444941169101,0.0029906427433669114,-0.02425444009948563,Samsung SDS,LG CNS IPO
2024-11-07,134700.0,138000.0,133300.0,135600.0,143294.0,19.05,018260,Samsung SDS,-0.004405286343612369,-57,0.06520031421838168,0.00043690096781356935,-0.004842187311425938,-0.02909662741091157,Samsung SDS,LG CNS IPO
2024-11-08,137100.0,138300.0,134700.0,135700.0,102009.0,19.04,018260,Samsung SDS,0.0007374631268437515,-56,0.06598586017282004,-0.0013569208813747347,0.002094384008218486,-0.027002243402693082,Samsung SDS,LG CNS IPO
2024-11-11,134200.0,136100.0,133300.0,134300.0,67118.0,19.05,018260,Samsung SDS,-0.010316875460574804,-55,0.054988216810683443,-0.011514358784139977,0.0011974833235651738,-0.02580476007912791,Samsung SDS,LG CNS IPO
2024-11-12,133400.0,139000.0,133400.0,137300.0,184531.0,19.09,018260,Samsung SDS,0.022338049143708183,-54,0.07855459544383336,-0.019390439474494925,0.04172848861820311,0.0159237285390752,Samsung SDS,LG CNS IPO
2024-11-13,137300.0,138100.0,133600.0,136000.0,105767.0,19.11,018260,Samsung SDS,-0.009468317552804084,-53,0.06834249803613512,-0.026379920807872548,0.016911603255068464,0.03283533179414366,Samsung SDS,LG CNS IPO
2024-11-14,137000.0,141000.0,136100.0,139400.0,242323.0,19.1,018260,Samsung SDS,0.02499999999999991,-52,0.09505106048703849,0.0007364257699373766,0.024263574230062535,0.0570989060242062,Samsung SDS,LG CNS IPO
2024-11-15,140600.0,143500.0,137300.0,139600.0,206516.0,19.03,018260,Samsung SDS,0.0014347202295552641,-51,0.0966221523959152,-0.0008268357821452632,0.0022615560117005273,0.059360462035906725,Samsung SDS,LG CNS IPO
2024-11-18,142300.0,154000.0,140000.0,148300.0,533400.0,19.09,018260,Samsung SDS,0.06232091690544417,-50,0.16496465043205033,0.021602409738255446,0.04071850716718872,0.10007896920309545,Samsung SDS,LG CNS IPO
2024-11-19,147600.0,153200.0,147300.0,148300.0,192752.0,19.04,018260,Samsung SDS,0.0,-49,0.16496465043205033,0.0011664310853882753,-0.0011664310853882753,0.09891253811770717,Samsung SDS,LG CNS IPO
2024-11-20,147500.0,149700.0,145600.0,147500.0,116669.0,19.03,018260,Samsung SDS,-0.0053944706675657095,-48,0.15868028279654367,0.004182932502680092,-0.009577403170245802,0.08933513494746137,Samsung SDS,LG CNS IPO
2024-11-21,148200.0,148700.0,146000.0,146000.0,100405.0,19.01,018260,Samsung SDS,-0.01016949152542368,-47,0.1468970934799685,-0.0006687373352830539,-0.009500754190140626,0.07983438075732074,Samsung SDS,LG CNS IPO
2024-11-22,147500.0,149500.0,145400.0,147100.0,120506.0,18.99,018260,Samsung SDS,0.007534246575342518,-46,0.15553809897879023,0.008308373276143532,-0.0007741267008010144,0.07906025405651973,Samsung SDS,LG CNS IPO
2024-11-25,148500.0,150900.0,145900.0,148800.0,219961.0,18.94,018260,Samsung SDS,0.011556764106050332,-45,0.1688923802042419,0.013233436215637218,-0.0016766721095868853,0.07738358194693284,Samsung SDS,LG CNS IPO
2024-11-26,147400.0,153200.0,147400.0,151500.0,158960.0,18.96,018260,Samsung SDS,0.01814516129032251,-44,0.19010212097407697,-0.005516229077392909,0.023661390367715418,0.10104497231464826,Samsung SDS,LG CNS IPO
2024-11-27,150600.0,152500.0,148000.0,149600.0,146528.0,18.96,018260,Samsung SDS,-0.012541254125412515,-43,0.17517674783974857,-0.006864098779539529,-0.005677155345872986,0.09536781696877528,Samsung SDS,LG CNS IPO
2024-11-28,149900.0,150800.0,146800.0,149800.0,96271.0,18.93,018260,Samsung SDS,0.0013368983957218195,-42,0.1767478397486253,0.0006432127076458904,0.000693685688075929,0.0960615026568512,Samsung SDS,LG CNS IPO
2024-11-29,149400.0,149900.0,146100.0,146700.0,152607.0,18.91,018260,Samsung SDS,-0.020694259012016047,-41,0.152395915161037,-0.01946763445883104,-0.0012266245531850073,0.0948348781036662,Samsung SDS,LG CNS IPO
2024-12-02,149100.0,150000.0,146900.0,148600.0,113010.0,18.92,018260,Samsung SDS,0.012951601908657073,-40,0.1673212882953652,-0.0005822688942184184,0.013533870802875492,0.10836874890654169,Samsung SDS,LG CNS IPO
2024-12-03,150500.0,151200.0,136800.0,138000.0,533405.0,18.91,018260,Samsung SDS,-0.07133243606998652,-39,0.08405341712490189,0.018586421563834277,-0.08991885763382079,0.018449891272720897,Samsung SDS,LG CNS IPO
2024-12-04,135600.0,137700.0,133600.0,136500.0,262347.0,18.95,018260,Samsung SDS,-0.010869565217391353,-38,0.0722702278083267,-0.014439422423103032,0.0035698572057116795,0.022019748478432577,Samsung SDS,LG CNS IPO
2024-12-05,136500.0,137900.0,135300.0,136100.0,139220.0,18.95,018260,Samsung SDS,-0.00293040293040292,-37,0.06912804399057348,-0.008989448051948123,0.0060590451215452035,0.02807879359997778,Samsung SDS,LG CNS IPO
2024-12-06,135500.0,139400.0,134400.0,136100.0,188270.0,18.97,018260,Samsung SDS,0.0,-36,0.06912804399057348,-0.005606404979830892,0.005606404979830892,0.03368519857980867,Samsung SDS,LG CNS IPO
2024-12-09,136100.0,136100.0,131300.0,132400.0,145952.0,18.94,018260,Samsung SDS,-0.027185892725936855,-35,0.04006284367635504,-0.027831773853452813,0.000645881127515957,0.03433107970732463,Samsung SDS,LG CNS IPO
2024-12-10,133500.0,137800.0,133400.0,136900.0,129403.0,18.96,018260,Samsung SDS,0.03398791540785506,-34,0.07541241162608014,0.024256750459632936,0.009731164948222126,0.044062244655546756,Samsung SDS,LG CNS IPO
2024-12-11,136100.0,139000.0,135400.0,137900.0,147862.0,18.97,018260,Samsung SDS,0.007304601899196461,-33,0.08326787117046353,0.010203321973331514,-0.0028987200741350527,0.0411635245814117,Samsung SDS,LG CNS IPO
2024-12-12,138700.0,140900.0,137600.0,138500.0,222106.0,19.0,018260,Samsung SDS,0.00435097897026826,-32,0.08798114689709347,0.01621692439334943,-0.01186594542308117,0.029297579158330533,Samsung SDS,LG CNS IPO
2024-12-13,138100.0,140400.0,138000.0,140400.0,106808.0,19.02,018260,Samsung SDS,0.013718411552346543,-31,0.10290652003142187,0.004971556572607394,0.00874685497973915,0.03804443413806968,Samsung SDS,LG CNS IPO
2024-12-16,140500.0,141600.0,138400.0,138700.0,96854.0,19.01,018260,Samsung SDS,-0.012108262108262102,-30,0.08955223880597019,-0.0022008771437506125,-0.00990738496451149,0.028137049173558193,Samsung SDS,LG CNS IPO
2024-12-17,140000.0,140000.0,133100.0,133700.0,210760.0,18.93,018260,Samsung SDS,-0.03604902667627974,-29,0.050274941084053504,-0.012921007485023894,-0.023128019191255844,0.005009029982302349,Samsung SDS,LG CNS IPO
2024-12-18,133700.0,134400.0,133200.0,134400.0,160688.0,18.92,018260,Samsung SDS,0.005235602094240788,-28,0.055773762765121804,0.01124222060313973,-0.006006618508898942,-0.0009975885265965934,Samsung SDS,LG CNS IPO
2024-12-19,132500.0,132800.0,129200.0,132000.0,207331.0,18.87,018260,Samsung SDS,-0.017857142857142905,-27,0.03692065985860182,-0.019521580402748318,0.0016644375456054128,0.0006668490190088194,Samsung SDS,LG CNS IPO
2024-12-20,131100.0,134000.0,130100.0,134000.0,303766.0,18.94,018260,Samsung SDS,0.015151515151515138,-26,0.05263157894736836,-0.013046351906663922,0.02819786705817906,0.02886471607718788,Samsung SDS,LG CNS IPO
2024-12-23,135500.0,135500.0,131200.0,134000.0,89085.0,18.53,018260,Samsung SDS,0.0,-25,0.05263157894736836,0.015747769481937457,-0.015747769481937457,0.013116946595250423,Samsung SDS,LG CNS IPO
2024-12-24,133600.0,133900.0,131700.0,131900.0,68557.0,18.52,018260,Samsung SDS,-0.015671641791044744,-24,0.03613511390416346,-0.0006101531115761949,-0.015061488679468549,-0.001944542084218126,Samsung SDS,LG CNS IPO
2024-12-26,132700.0,132700.0,129000.0,129300.0,143804.0,18.49,018260,Samsung SDS,-0.019711902956785488,-23,0.01571091908876676,-0.004445773851474266,-0.015266129105311221,-0.017210671189529347,Samsung SDS,LG CNS IPO
2024-12-27,128000.0,128700.0,125400.0,127800.0,147086.0,18.5,018260,Samsung SDS,-0.011600928074245953,-22,0.003927729772191579,-0.010248305325414653,-0.0013526227488313003,-0.018563293938360648,Samsung SDS,LG CNS IPO
2024-12-30,127500.0,129100.0,126600.0,127800.0,118374.0,18.54,018260,Samsung SDS,0.0,-21,0.003927729772191579,-0.0021956361731060303,0.0021956361731060303,-0.016367657765254617,Samsung SDS,LG CNS IPO
2025-01-02,127500.0,128300.0,122500.0,124500.0,171775.0,18.55,018260,Samsung SDS,-0.025821596244131495,-20,-0.021995286724273422,-0.00022921537493370003,-0.025592380869197795,-0.04196003863445241,Samsung SDS,LG CNS IPO
2025-01-03,124400.0,128600.0,124400.0,128000.0,137043.0,18.61,018260,Samsung SDS,0.028112449799196693,-19,0.0054988216810683,0.017916246342134512,0.01019620345706218,-0.03176383517739023,Samsung SDS,LG CNS IPO
2025-01-06,128500.0,130100.0,128200.0,129200.0,104401.0,18.63,018260,Samsung SDS,0.009374999999999911,-18,0.014925373134328401,0.01913248591272443,-0.009757485912724517,-0.04152132109011475,Samsung SDS,LG CNS IPO
2025-01-07,129600.0,130400.0,125400.0,125600.0,161015.0,18.65,018260,Samsung SDS,-0.02786377708978327,-17,-0.01335428122545168,0.001390317603188862,-0.029254094692972132,-0.07077541578308688,Samsung SDS,LG CNS IPO
2025-01-08,125000.0,132000.0,125000.0,129900.0,195346.0,18.72,018260,Samsung SDS,0.03423566878980888,-16,0.0204241948153967,0.011616708799807585,0.022618959990001297,-0.048156455793085584,Samsung SDS,LG CNS IPO
2025-01-09,129500.0,130200.0,127400.0,127700.0,134211.0,18.72,018260,Samsung SDS,-0.016936104695919885,-15,0.003142183817753441,0.0003371611035083433,-0.017273265799428228,-0.06542972159251381,Samsung SDS,LG CNS IPO
2025-01-10,128000.0,129000.0,126300.0,128000.0,117046.0,18.73,018260,Samsung SDS,0.002349256068911565,-14,0.0054988216810683,-0.002426741742337035,0.0047759978112486,-0.06065372378126521,Samsung SDS,LG CNS IPO
2025-01-13,128000.0,128400.0,124400.0,125000.0,133627.0,18.71,018260,Samsung SDS,-0.0234375,-13,-0.01806755695208173,-0.010422214979052269,-0.013015285020947731,-0.07366900880221294,Samsung SDS,LG CNS IPO
2025-01-14,125500.0,125800.0,124100.0,124300.0,121896.0,18.74,018260,Samsung SDS,-0.005600000000000049,-12,-0.02356637863315003,0.003149150853966276,-0.008749150853966325,-0.08241815965617927,Samsung SDS,LG CNS IPO
2025-01-15,124800.0,126000.0,122600.0,123600.0,168611.0,18.79,018260,Samsung SDS,-0.005631536604987941,-11,-0.02906520031421833,-0.00023624569552338492,-0.005395290909464556,-0.08781345056564382,Samsung SDS,LG CNS IPO
2025-01-16,124700.0,125300.0,124000.0,125200.0,130493.0,18.82,018260,Samsung SDS,0.012944983818770295,-10,-0.01649646504320501,0.012287679078504032,0.0006573047402662624,-0.08715614582537756,Samsung SDS,LG CNS IPO
2025-01-17,125000.0,125000.0,123200.0,124000.0,116390.0,18.83,018260,Samsung SDS,-0.009584664536741228,-9,-0.025923016496465,-0.0015588587887586103,-0.008025805747982617,-0.09518195157336018,Samsung SDS,LG CNS IPO
2025-01-20,124400.0,124600.0,122900.0,124600.0,85488.0,18.84,018260,Samsung SDS,0.004838709677419395,-8,-0.02120974076983506,-0.0013869350716252393,0.006225644749044634,-0.08895630682431555,Samsung SDS,LG CNS IPO
2025-01-21,125700.0,126400.0,122000.0,123200.0,153664.0,18.83,018260,Samsung SDS,-0.011235955056179803,-7,-0.03220738413197177,-0.0008015713973928973,-0.010434383658786905,-0.09939069048310245,Samsung SDS,LG CNS IPO
2025-01-22,123400.0,126900.0,122800.0,126100.0,150220.0,18.87,018260,Samsung SDS,0.023538961038961137,-6,-0.00942655145325999,0.011528853905632408,0.012010107133328729,-0.08738058334977372,Samsung SDS,LG CNS IPO
2025-01-23,126100.0,128900.0,120900.0,121400.0,302700.0,18.78,018260,Samsung SDS,-0.03727200634417127,-5,-0.0463472113118617,-0.012394682496682519,-0.024877323847488753,-0.11225790719726247,Samsung SDS,LG CNS IPO
2025-01-24,121200.0,121200.0,113100.0,113700.0,793055.0,18.37,018260,Samsung SDS,-0.06342668863261947,-4,-0.10683424980361356,0.008471510520813297,-0.07189819915343276,-0.18415610635069524,Samsung SDS,LG CNS IPO
2025-01-31,114900.0,120700.0,114700.0,120700.0,407844.0,18.65,018260,Samsung SDS,0.06156552330694809,-3,-0.05184603299293011,-0.007659255755282368,0.06922477906223046,-0.11493132728846478,Samsung SDS,LG CNS IPO
2025-02-03,119200.0,123200.0,118300.0,122700.0,261098.0,18.66,018260,Samsung SDS,0.016570008285004212,-2,-0.03613511390416335,-0.025192959318654062,0.041762967603658274,-0.0731683596848065,Samsung SDS,LG CNS IPO
2025-02-04,125000.0,128000.0,123900.0,125700.0,345751.0,18.57,018260,Samsung SDS,0.02444987775061125,-1,-0.01256873527101332,0.011304223802441005,0.013145653948170244,-0.06002270573663626,Samsung SDS,LG CNS IPO
2025-02-05,125800.0,129500.0,124800.0,127300.0,254589.0,18.55,018260,Samsung SDS,0.012728719172633296,0,0.0,0.011113394501327756,0.0016153246713055402,-0.05840738106533072,Samsung SDS,LG CNS IPO
2025-02-06,127900.0,128700.0,125700.0,127300.0,127379.0,18.61,018260,Samsung SDS,0.0,1,0.0,0.010951392237583013,-0.010951392237583013,-0.06935877330291373,Samsung SDS,LG CNS IPO
2025-02-07,126100.0,127700.0,125300.0,126400.0,100357.0,18.63,018260,Samsung SDS,-0.0070699135899450205,2,-0.0070699135899450205,-0.005846062875726754,-0.0012238507142182664,-0.070582624017132,Samsung SDS,LG CNS IPO
2025-02-10,126300.0,127100.0,124600.0,126300.0,116998.0,18.64,018260,Samsung SDS,-0.0007911392405063333,3,-0.00785545954438338,-0.0002577401345007502,-0.0005333991060055832,-0.07111602312313758,Samsung SDS,LG CNS IPO
2025-02-11,126300.0,127500.0,124800.0,125500.0,107139.0,18.66,018260,Samsung SDS,-0.006334125098970689,4,-0.014139827179890041,0.007052001570637012,-0.0133861266696077,-0.08450214979274528,Samsung SDS,LG CNS IPO
2025-02-12,126000.0,126800.0,125000.0,126300.0,74412.0,18.68,018260,Samsung SDS,0.0063745019920318224,5,-0.00785545954438338,0.0036785411866642193,0.002695960805367603,-0.08180618898737768,Samsung SDS,LG CNS IPO
2025-02-13,126300.0,126700.0,124800.0,125300.0,130765.0,18.69,018260,Samsung SDS,-0.007917656373713333,6,-0.01571091908876665,0.013647832553102202,-0.021565488926815535,-0.10337167791419322,Samsung SDS,LG CNS IPO
2025-02-14,125400.0,130500.0,125400.0,129000.0,178851.0,18.7,018260,Samsung SDS,0.029529130087789346,7,0.01335428122545168,0.0030505154519446798,0.026478614635844666,-0.07689306327834855,Samsung SDS,LG CNS IPO
2025-02-17,130000.0,131600.0,129500.0,130900.0,130643.0,18.66,018260,Samsung SDS,0.014728682170542573,8,0.028279654359780082,0.007475733775882398,0.007252948394660175,-0.06964011488368838,Samsung SDS,LG CNS IPO
2025-02-18,130100.0,131000.0,128100.0,129600.0,144008.0,18.64,018260,Samsung SDS,-0.009931245225362817,9,0.01806755695208162,0.006278683123788431,-0.016209928349151248,-0.08585004323283962,Samsung SDS,LG CNS IPO
2025-02-19,129600.0,132300.0,129400.0,130900.0,97678.0,18.63,018260,Samsung SDS,0.010030864197530853,10,0.028279654359780082,0.017020644812529184,-0.006989780614998331,-0.09283982384783795,Samsung SDS,LG CNS IPO
2025-02-20,129200.0,131000.0,129200.0,130000.0,98388.0,18.64,018260,Samsung SDS,-0.006875477463712754,11,0.02120974076983506,-0.006535605198538685,-0.0003398722651740682,-0.09317969611301202,Samsung SDS,LG CNS IPO
2025-02-21,130000.0,130000.0,128200.0,129000.0,80338.0,18.61,018260,Samsung SDS,-0.007692307692307665,12,0.01335428122545168,0.0001959262413058216,-0.007888233933613487,-0.10106793004662551,Samsung SDS,LG CNS IPO
2025-02-24,128000.0,129800.0,128000.0,129700.0,61440.0,18.68,018260,Samsung SDS,0.005426356589147252,13,0.01885310290651998,-0.003507146139879014,0.008933502729026266,-0.09213442731759924,Samsung SDS,LG CNS IPO
2025-02-25,129100.0,129500.0,126000.0,126000.0,131991.0,18.64,018260,Samsung SDS,-0.028527370855821133,14,-0.01021209740769835,-0.005662937998767603,-0.02286443285705353,-0.11499886017465277,Samsung SDS,LG CNS IPO
2025-02-26,126000.0,127900.0,124900.0,127100.0,115438.0,18.63,018260,Samsung SDS,0.0087301587301587,15,-0.0015710919088767206,0.0041060111242487984,0.004624147605909901,-0.11037471256874287,Samsung SDS,LG CNS IPO
2025-02-27,126500.0,126900.0,124500.0,126900.0,131436.0,18.61,018260,Samsung SDS,-0.0015735641227380137,16,-0.00314218381775333,-0.00732273417414786,0.0057491700514098465,-0.10462554251733303,Samsung SDS,LG CNS IPO
2025-02-28,125000.0,125600.0,122600.0,123300.0,179173.0,18.58,018260,Samsung SDS,-0.028368794326241176,17,-0.03142183817753341,-0.03393534852674729,0.005566554200506113,-0.09905898831682691,Samsung SDS,LG CNS IPO
2025-03-04,122900.0,123900.0,121300.0,121600.0,95668.0,18.57,018260,Samsung SDS,-0.013787510137875048,18,-0.04477611940298509,-0.0015240170879429193,-0.012263493049932128,-0.11132248136675904,Samsung SDS,LG CNS IPO
2025-03-05,122800.0,124200.0,121700.0,122900.0,108027.0,18.58,018260,Samsung SDS,0.010690789473684292,19,-0.03456402199528674,0.011550385144646791,-0.0008595956709624986,-0.11218207703772154,Samsung SDS,LG CNS IPO
2025-03-06,122600.0,124100.0,121600.0,122300.0,124378.0,18.58,018260,Samsung SDS,-0.004882017900732283,20,-0.03927729772191668,0.007048117179345725,-0.011930135080078008,-0.12411221211779955,Samsung SDS,LG CNS IPO
2025-03-07,121200.0,122200.0,119900.0,120900.0,130135.0,18.57,018260,Samsung SDS,-0.011447260834014705,21,-0.05027494108405339,-0.0049220545307744334,-0.006525206303240272,-0.13063741842103982,Samsung SDS,LG CNS IPO
2025-03-10,120100.0,121500.0,119000.0,119600.0,119796.0,18.58,018260,Samsung SDS,-0.010752688172043001,22,-0.06048703849175174,0.0026955544806277487,-0.01344824265267075,-0.14408566107371057,Samsung SDS,LG CNS IPO
2025-03-11,118000.0,119800.0,117100.0,118500.0,106466.0,18.59,018260,Samsung SDS,-0.009197324414715768,23,-0.06912804399057348,-0.012756819004119957,0.0035594945894041885,-0.14052616648430638,Samsung SDS,LG CNS IPO
2025-03-12,118800.0,120100.0,118200.0,119100.0,121528.0,18.67,018260,Samsung SDS,0.005063291139240533,24,-0.06441476826394343,0.014667402269861407,-0.009604111130620874,-0.15013027761492725,Samsung SDS,LG CNS IPO
2025-03-13,119100.0,121800.0,118600.0,119200.0,160573.0,18.68,018260,Samsung SDS,0.0008396305625524292,25,-0.06362922230950507,-0.00045828446260332,0.0012979150251557492,-0.1488323625897715,Samsung SDS,LG CNS IPO
2025-03-14,119500.0,120900.0,118600.0,120200.0,109152.0,18.68,018260,Samsung SDS,0.008389261744966348,26,-0.055773762765121804,-0.0028286784476460047,0.011217940192612352,-0.13761442239715915,Samsung SDS,LG CNS IPO
2025-03-17,121000.0,123000.0,120400.0,122800.0,120017.0,18.65,018260,Samsung SDS,0.021630615640598982,27,-0.0353495679497251,0.017273492417275715,0.004357123223323267,-0.13325729917383589,Samsung SDS,LG CNS IPO
2025-03-18,123600.0,124200.0,121600.0,121700.0,96542.0,18.65,018260,Samsung SDS,-0.00895765472312704,28,-0.04399057344854673,0.0006320168231388479,-0.009589671546265888,-0.14284697072010177,Samsung SDS,LG CNS IPO
2025-03-19,122000.0,123300.0,121000.0,122100.0,96307.0,18.72,018260,Samsung SDS,0.0032867707477404196,29,-0.0408483896307934,0.006231960617683718,-0.002945189869943299,-0.14579216059004507,Samsung SDS,LG CNS IPO
2025-03-20,122300.0,123800.0,122100.0,122500.0,109626.0,18.79,018260,Samsung SDS,0.003276003276003303,30,-0.03770620581304007,0.0032260273451469867,4.997593085631635e-05,-0.14574218465918876,Samsung SDS,LG CNS IPO
2025-03-21,122000.0,122800.0,120800.0,121200.0,205785.0,18.78,018260,Samsung SDS,-0.0106122448979592,31,-0.04791830322073842,0.0022866027075196804,-0.01289884760547888,-0.15864103226466764,Samsung SDS,LG CNS IPO
2025-03-24,120500.0,121500.0,119100.0,120300.0,101912.0,18.78,018260,Samsung SDS,-0.007425742574257432,32,-0.054988216810683443,-0.004184432850446229,-0.003241309723811203,-0.16188234198847884,Samsung SDS,LG CNS IPO
2025-03-25,120500.0,121400.0,119800.0,120600.0,79638.0,18.94,018260,Samsung SDS,0.0024937655860348684,33,-0.052631578947368474,-0.0061776472510229885,0.008671412837057857,-0.15321092915142098,Samsung SDS,LG CNS IPO
2025-03-26,121100.0,122700.0,120100.0,121500.0,86443.0,18.97,018260,Samsung SDS,0.00746268656716409,34,-0.04556166535742345,0.010753839154984624,-0.003291152587820534,-0.15650208173924152,Samsung SDS,LG CNS IPO
2025-03-27,120500.0,122000.0,119700.0,121000.0,70109.0,19.09,018260,Samsung SDS,-0.004115226337448541,35,-0.04948939512961503,-0.013914839217228803,0.009799612879780262,-0.14670246885946125,Samsung SDS,LG CNS IPO
2025-03-28,122100.0,122100.0,117700.0,118600.0,118049.0,19.09,018260,Samsung SDS,-0.01983471074380161,36,-0.06834249803613512,-0.0188596743570566,-0.0009750363867450096,-0.14767750524620626,Samsung SDS,LG CNS IPO
2025-03-31,118100.0,118100.0,116000.0,116200.0,132533.0,19.08,018260,Samsung SDS,-0.0202360876897133,37,-0.0871956009426551,-0.030047146576595685,0.009811058886882384,-0.13786644635932388,Samsung SDS,LG CNS IPO
2025-04-01,116400.0,118700.0,116400.0,118100.0,76387.0,19.03,018260,Samsung SDS,0.016351118760757233,38,-0.07227022780832681,0.016230573289482075,0.00012054547127515747,-0.13774590088804872,Samsung SDS,LG CNS IPO
2025-04-02,117600.0,118300.0,114800.0,116900.0,167526.0,19.01,018260,Samsung SDS,-0.010160880609652811,39,-0.0816967792615868,-0.006159301020468799,-0.004001579589184012,-0.14174748047723273,Samsung SDS,LG CNS IPO
2025-04-03,114000.0,117000.0,113800.0,116800.0,89520.0,19.0,018260,Samsung SDS,-0.0008554319931565191,40,-0.08248232521602517,-0.007646077594119505,0.006790645600962986,-0.13495683487626975,Samsung SDS,LG CNS IPO
2025-04-04,116200.0,117900.0,115200.0,117200.0,114275.0,19.04,018260,Samsung SDS,0.003424657534246478,41,-0.07934014139827184,-0.008557526038524887,0.011982183572771365,-0.12297465130349838,Samsung SDS,LG CNS IPO
2025-04-07,114500.0,114800.0,111700.0,112300.0,133845.0,19.0,018260,Samsung SDS,-0.04180887372013653,42,-0.11783189316575016,-0.055657859512780905,0.013848985792644375,-0.10912566551085401,Samsung SDS,LG CNS IPO
2025-04-08,113800.0,114100.0,110100.0,110200.0,110012.0,19.0,018260,Samsung SDS,-0.018699910952804988,43,-0.13432835820895528,0.0025899836783782604,-0.021289894631183248,-0.13041556014203726,Samsung SDS,LG CNS IPO
2025-04-09,109600.0,112700.0,109000.0,109600.0,144523.0,19.07,018260,Samsung SDS,-0.005444646098003658,44,-0.13904163393558522,-0.017363327521281224,0.011918681423277566,-0.11849687871875969,Samsung SDS,LG CNS IPO
2025-04-10,113500.0,113600.0,111300.0,113200.0,140874.0,19.1,018260,Samsung SDS,0.03284671532846706,45,-0.11076197957580514,0.06598944936129403,-0.03314273403282697,-0.15163961275158666,Samsung SDS,LG CNS IPO
2025-04-11,111500.0,115300.0,111400.0,115300.0,110312.0,19.16,018260,Samsung SDS,0.018551236749116518,46,-0.09426551453260013,-0.00504691091425169,0.023598147663368207,-0.12804146508821845,Samsung SDS,LG CNS IPO
2025-04-14,115300.0,116300.0,114500.0,114900.0,90051.0,19.18,018260,Samsung SDS,-0.003469210754553309,47,-0.09740769835035346,0.009524318458351111,-0.01299352921290442,-0.14103499430112287,Samsung SDS,LG CNS IPO
2025-04-15,115000.0,116100.0,114400.0,115800.0,88867.0,19.18,018260,Samsung SDS,0.007832898172323688,48,-0.09033778476040843,0.008762607445773174,-0.0009297092734494861,-0.14196470357457236,Samsung SDS,LG CNS IPO
2025-04-16,115500.0,116500.0,115300.0,115400.0,51045.0,19.21,018260,Samsung SDS,-0.003454231433506094,49,-0.09347996857816188,-0.012101347778526783,0.008647116345020689,-0.13331758722955167,Samsung SDS,LG CNS IPO
2025-04-17,115900.0,116300.0,115100.0,116200.0,77648.0,19.24,018260,Samsung SDS,0.006932409012131657,50,-0.0871956009426551,0.009389441168899726,-0.0024570321567680686,-0.13577461938631974,Samsung SDS,LG CNS IPO
2025-04-18,115900.0,116700.0,115400.0,116400.0,41471.0,19.26,018260,Samsung SDS,0.001721170395869276,51,-0.0856245090337785,0.0052663323092119185,-0.0035451619133426426,-0.13931978129966238,Samsung SDS,LG CNS IPO
2025-04-21,116800.0,117500.0,116000.0,116900.0,35843.0,19.25,018260,Samsung SDS,0.004295532646048095,52,-0.0816967792615868,0.0020133525541390362,0.0022821800919090585,-0.13703760120775332,Samsung SDS,LG CNS IPO
2025-04-22,116700.0,119200.0,116300.0,117800.0,81096.0,19.27,018260,Samsung SDS,0.007698887938409005,53,-0.07462686567164178,-0.0007153133313508864,0.008414201269759891,-0.12862339993799343,Samsung SDS,LG CNS IPO
2025-04-23,119100.0,119200.0,117500.0,119200.0,78977.0,19.28,018260,Samsung SDS,0.011884550084889645,54,-0.06362922230950507,0.015651642376862007,-0.0037670922919723626,-0.1323904922299658,Samsung SDS,LG CNS IPO
2025-04-24,119000.0,125500.0,117700.0,124300.0,331275.0,19.36,018260,Samsung SDS,0.04278523489932895,55,-0.02356637863315003,-0.0012789242781798826,0.04406415917750883,-0.08832633305245696,Samsung SDS,LG CNS IPO
2025-04-25,124500.0,125800.0,122900.0,123400.0,143492.0,19.34,018260,Samsung SDS,-0.007240547063555924,56,-0.030636292223095052,0.009503118148695977,-0.0167436652122519,-0.10506999826470886,Samsung SDS,LG CNS IPO
2025-04-28,123400.0,128300.0,123400.0,127400.0,201789.0,19.29,018260,Samsung SDS,0.03241491085899506,57,0.0007855459544383603,0.0010053803558103258,0.031409530503184735,-0.07366046776152413,Samsung SDS,LG CNS IPO
2025-04-29,127300.0,128600.0,126700.0,128300.0,102970.0,19.31,018260,Samsung SDS,0.007064364207221452,58,0.00785545954438338,0.006497022198159064,0.0005673420090623882,-0.07309312575246174,Samsung SDS,LG CNS IPO
2025-04-30,128400.0,129400.0,127800.0,128400.0,109613.0,19.23,018260,Samsung SDS,0.000779423226812126,59,0.008641005498821741,-0.0034341355411589003,0.004213558767971026,-0.06887956698449071,Samsung SDS,LG CNS IPO
2025-05-02,127500.0,129200.0,127000.0,128800.0,94377.0,19.25,018260,Samsung SDS,0.0031152647975076775,60,0.01178318931657496,0.0012438346091112606,0.0018714301883964168,-0.0670081367960943,Samsung SDS,LG CNS IPO
2025-05-07,129200.0,129500.0,127200.0,128000.0,121371.0,19.28,018260,Samsung SDS,-0.006211180124223614,61,0.0054988216810683,0.005473105215662244,-0.011684285339885858,-0.07869242213598016,Samsung SDS,LG CNS IPO
2025-05-08,127200.0,130100.0,126800.0,128500.0,129968.0,19.28,018260,Samsung SDS,0.00390625,62,0.009426551453260101,0.002206853679384446,0.0016993963206155538,-0.0769930258153646,Samsung SDS,LG CNS IPO
2025-05-09,128500.0,129500.0,127100.0,129000.0,72175.0,19.28,018260,Samsung SDS,0.0038910505836575737,63,0.01335428122545168,-0.0008567618279653466,0.00474781241162292,-0.07224521340374168,Samsung SDS,LG CNS IPO
2024-11-04,131100.0,133200.0,130500.0,132500.0,38381.0,1.62,307950,Hyundai AutoEver,,-60,-0.11607738492328223,,,0.0,Hyundai AutoEver,LG CNS IPO
2024-11-05,132500.0,133300.0,132000.0,132600.0,19221.0,1.62,307950,Hyundai AutoEver,0.0007547169811321641,-59,-0.11541027351567712,-0.004669810774168726,0.00542452775530089,0.00542452775530089,Hyundai AutoEver,LG CNS IPO
2024-11-06,133500.0,133600.0,128700.0,128700.0,50366.0,1.61,307950,Hyundai AutoEver,-0.02941176470588236,-58,-0.1414276184122748,-0.005188444941169101,-0.024223319764713258,-0.01879879200941237,Hyundai AutoEver,LG CNS IPO
2024-11-07,130800.0,141500.0,130800.0,138700.0,186508.0,1.69,307950,Hyundai AutoEver,0.07770007770007781,-57,-0.07471647765176781,0.00043690096781356935,0.07726317673226424,0.05846438472285187,Hyundai AutoEver,LG CNS IPO
2024-11-08,138700.0,144400.0,137000.0,143500.0,95711.0,1.68,307950,Hyundai AutoEver,0.03460706560922855,-56,-0.04269513008672443,-0.0013569208813747347,0.035963986490603284,0.09442837121345515,Hyundai AutoEver,LG CNS IPO
2024-11-11,144200.0,144400.0,140100.0,142300.0,63645.0,1.7,307950,Hyundai AutoEver,-0.00836236933797907,-55,-0.05070046697798536,-0.011514358784139977,0.0031519894461609077,0.09758036065961606,Hyundai AutoEver,LG CNS IPO
2024-11-12,143200.0,145400.0,137200.0,137800.0,80791.0,1.67,307950,Hyundai AutoEver,-0.03162333099086434,-54,-0.0807204803202135,-0.019390439474494925,-0.012232891516369415,0.08534746914324665,Hyundai AutoEver,LG CNS IPO
2024-11-13,136200.0,136700.0,128800.0,129000.0,103728.0,1.63,307950,Hyundai AutoEver,-0.06386066763425258,-53,-0.13942628418945968,-0.026379920807872548,-0.03748074682638003,0.04786672231686662,Hyundai AutoEver,LG CNS IPO
2024-11-14,129300.0,133200.0,128400.0,128400.0,48492.0,1.62,307950,Hyundai AutoEver,-0.0046511627906976605,-52,-0.14342895263509003,0.0007364257699373766,-0.005387588560635037,0.04247913375623158,Hyundai AutoEver,LG CNS IPO
2024-11-15,127600.0,129400.0,123000.0,127800.0,85035.0,1.65,307950,Hyundai AutoEver,-0.004672897196261627,-51,-0.1474316210807205,-0.0008268357821452632,-0.003846061414116364,0.038633072342115216,Hyundai AutoEver,LG CNS IPO
2024-11-18,129300.0,142900.0,128500.0,141100.0,165200.0,1.64,307950,Hyundai AutoEver,0.10406885758998441,-50,-0.058705803869246176,0.021602409738255446,0.08246644785172896,0.12109952019384418,Hyundai AutoEver,LG CNS IPO
2024-11-19,144000.0,149800.0,142800.0,147900.0,246916.0,1.66,307950,Hyundai AutoEver,0.04819277108433728,-49,-0.013342228152101399,0.0011664310853882753,0.04702633999894901,0.1681258601927932,Hyundai AutoEver,LG CNS IPO
2024-11-20,148500.0,148500.0,144600.0,146000.0,68149.0,1.64,307950,Hyundai AutoEver,-0.01284651791751179,-48,-0.026017344896597683,0.004182932502680092,-0.017029450420191883,0.1510964097726013,Hyundai AutoEver,LG CNS IPO
2024-11-21,145800.0,145900.0,142600.0,143500.0,42038.0,1.65,307950,Hyundai AutoEver,-0.017123287671232834,-47,-0.04269513008672443,-0.0006687373352830539,-0.01645455033594978,0.13464185943665152,Hyundai AutoEver,LG CNS IPO
2024-11-22,144400.0,145900.0,142100.0,145800.0,46861.0,1.66,307950,Hyundai AutoEver,0.016027874564459976,-46,-0.02735156771180791,0.008308373276143532,0.007719501288316444,0.14236136072496797,Hyundai AutoEver,LG CNS IPO
2024-11-25,146500.0,146500.0,141900.0,143200.0,70854.0,1.65,307950,Hyundai AutoEver,-0.017832647462277085,-45,-0.04469646430953966,0.013233436215637218,-0.031066083677914302,0.11129527704705366,Hyundai AutoEver,LG CNS IPO
2024-11-26,143500.0,143500.0,139200.0,140400.0,46958.0,1.64,307950,Hyundai AutoEver,-0.019553072625698276,-44,-0.06337558372248164,-0.005516229077392909,-0.014036843548305367,0.0972584334987483,Hyundai AutoEver,LG CNS IPO
2024-11-27,140700.0,146700.0,138600.0,145700.0,88895.0,1.65,307950,Hyundai AutoEver,0.03774928774928776,-43,-0.028018679119412915,-0.006864098779539529,0.04461338652882729,0.1418718200275756,Hyundai AutoEver,LG CNS IPO
2024-11-28,145700.0,145700.0,140200.0,141400.0,50654.0,1.61,307950,Hyundai AutoEver,-0.029512697323267,-42,-0.056704469646430944,0.0006432127076458904,-0.03015591003091289,0.1117159099966627,Hyundai AutoEver,LG CNS IPO
2024-11-29,142300.0,143000.0,139200.0,140000.0,37498.0,1.6,307950,Hyundai AutoEver,-0.00990099009900991,-41,-0.06604402935290199,-0.01946763445883104,0.00956664435982113,0.12128255435648383,Hyundai AutoEver,LG CNS IPO
2024-12-02,139400.0,141500.0,133100.0,133100.0,82828.0,1.56,307950,Hyundai AutoEver,-0.049285714285714266,-40,-0.11207471647765177,-0.0005822688942184184,-0.04870344539149585,0.07257910896498798,Hyundai AutoEver,LG CNS IPO
2024-12-03,134000.0,134700.0,132900.0,134200.0,44220.0,1.58,307950,Hyundai AutoEver,0.008264462809917328,-39,-0.10473649099399596,0.018586421563834277,-0.010321958753916949,0.06225715021107103,Hyundai AutoEver,LG CNS IPO
2024-12-04,130200.0,133500.0,130100.0,131800.0,48149.0,1.59,307950,Hyundai AutoEver,-0.01788375558867361,-38,-0.1207471647765177,-0.014439422423103032,-0.003444333165570579,0.058812817045500454,Hyundai AutoEver,LG CNS IPO
2024-12-05,132800.0,132900.0,130200.0,131200.0,31247.0,1.6,307950,Hyundai AutoEver,-0.004552352048558417,-37,-0.12474983322214805,-0.008989448051948123,0.004437096003389707,0.06324991304889016,Hyundai AutoEver,LG CNS IPO
2024-12-06,131200.0,132400.0,124500.0,129200.0,80307.0,1.63,307950,Hyundai AutoEver,-0.015243902439024404,-36,-0.13809206137424945,-0.005606404979830892,-0.009637497459193511,0.05361241558969665,Hyundai AutoEver,LG CNS IPO
2024-12-09,124100.0,128600.0,123800.0,124500.0,67183.0,1.66,307950,Hyundai AutoEver,-0.03637770897832815,-35,-0.16944629753168783,-0.027831773853452813,-0.008545935124875337,0.04506648046482131,Hyundai AutoEver,LG CNS IPO
2024-12-10,124900.0,131000.0,124900.0,130600.0,45292.0,1.73,307950,Hyundai AutoEver,0.048995983935743004,-34,-0.12875250166777852,0.024256750459632936,0.024739233476110067,0.06980571394093138,Hyundai AutoEver,LG CNS IPO
2024-12-11,131000.0,133200.0,129100.0,132900.0,31707.0,1.71,307950,Hyundai AutoEver,0.01761102603369058,-33,-0.11340893929286189,0.010203321973331514,0.007407704060359066,0.07721341800129045,Hyundai AutoEver,LG CNS IPO
2024-12-12,135300.0,136300.0,132400.0,134200.0,55268.0,1.68,307950,Hyundai AutoEver,0.009781790820165615,-32,-0.10473649099399596,0.01621692439334943,-0.0064351335731838155,0.07077828442810663,Hyundai AutoEver,LG CNS IPO
2024-12-13,134000.0,134000.0,130600.0,132600.0,53199.0,1.67,307950,Hyundai AutoEver,-0.011922503725782407,-31,-0.11541027351567712,0.004971556572607394,-0.0168940602983898,0.05388422412971683,Hyundai AutoEver,LG CNS IPO
2024-12-16,135500.0,137100.0,131500.0,131900.0,49022.0,1.64,307950,Hyundai AutoEver,-0.005279034690799378,-30,-0.12008005336891259,-0.0022008771437506125,-0.0030781575470487654,0.050806066582668064,Hyundai AutoEver,LG CNS IPO
2024-12-17,132600.0,133300.0,129700.0,130500.0,63001.0,1.64,307950,Hyundai AutoEver,-0.010614101592115288,-29,-0.12941961307538363,-0.012921007485023894,0.002306905892908606,0.05311297247557667,Hyundai AutoEver,LG CNS IPO
2024-12-18,130500.0,137400.0,130300.0,137100.0,103660.0,1.71,307950,Hyundai AutoEver,0.05057471264367819,-28,-0.08539026017344897,0.01124222060313973,0.03933249204053846,0.09244546451611513,Hyundai AutoEver,LG CNS IPO
2024-12-19,133600.0,136600.0,132600.0,134400.0,53807.0,1.68,307950,Hyundai AutoEver,-0.01969365426695846,-27,-0.10340226817878584,-0.019521580402748318,-0.0001720738642101427,0.09227339065190499,Hyundai AutoEver,LG CNS IPO
2024-12-20,133100.0,134400.0,130300.0,131500.0,46158.0,1.67,307950,Hyundai AutoEver,-0.02157738095238093,-26,-0.12274849899933293,-0.013046351906663922,-0.008531029045717009,0.08374236160618798,Hyundai AutoEver,LG CNS IPO
2024-12-23,132100.0,133300.0,130500.0,132300.0,23837.0,1.67,307950,Hyundai AutoEver,0.006083650190114032,-25,-0.11741160773849235,0.015747769481937457,-0.009664119291823425,0.07407824231436455,Hyundai AutoEver,LG CNS IPO
2024-12-24,132400.0,132700.0,129000.0,129000.0,68686.0,1.63,307950,Hyundai AutoEver,-0.024943310657596363,-24,-0.13942628418945968,-0.0006101531115761949,-0.024333157546020168,0.04974508476834438,Hyundai AutoEver,LG CNS IPO
2024-12-26,129600.0,130000.0,126400.0,127500.0,53395.0,1.65,307950,Hyundai AutoEver,-0.011627906976744207,-23,-0.14943295530353573,-0.004445773851474266,-0.0071821331252699405,0.04256295164307444,Hyundai AutoEver,LG CNS IPO
2024-12-27,127400.0,128600.0,125600.0,126600.0,33315.0,1.65,307950,Hyundai AutoEver,-0.007058823529411784,-22,-0.15543695797198132,-0.010248305325414653,0.0031894817960028687,0.04575243343907731,Hyundai AutoEver,LG CNS IPO
2024-12-30,126500.0,127100.0,125000.0,126100.0,44930.0,1.67,307950,Hyundai AutoEver,-0.003949447077409185,-21,-0.15877251501000667,-0.0021956361731060303,-0.0017538109043031547,0.04399862253477416,Hyundai AutoEver,LG CNS IPO
2025-01-02,126700.0,135000.0,126700.0,135000.0,116483.0,1.82,307950,Hyundai AutoEver,0.070578905630452,-20,-0.09939959973315549,-0.00022921537493370003,0.0708081210053857,0.11480674354015985,Hyundai AutoEver,LG CNS IPO
2025-01-03,134000.0,134500.0,132000.0,132300.0,55805.0,1.77,307950,Hyundai AutoEver,-0.020000000000000018,-19,-0.11741160773849235,0.017916246342134512,-0.03791624634213453,0.07689049719802532,Hyundai AutoEver,LG CNS IPO
2025-01-06,133800.0,134800.0,132100.0,134500.0,41395.0,1.78,307950,Hyundai AutoEver,0.016628873771730834,-18,-0.10273515677118084,0.01913248591272443,-0.002503612140993594,0.07438688505703173,Hyundai AutoEver,LG CNS IPO
2025-01-07,134600.0,135500.0,131800.0,132400.0,65213.0,1.73,307950,Hyundai AutoEver,-0.015613382899628214,-17,-0.11674449633088724,0.001390317603188862,-0.017003700502817076,0.05738318455421465,Hyundai AutoEver,LG CNS IPO
2025-01-08,131700.0,134300.0,130800.0,133300.0,52866.0,1.78,307950,Hyundai AutoEver,0.006797583081570968,-16,-0.11074049366244165,0.011616708799807585,-0.0048191257182366165,0.052564058835978034,Hyundai AutoEver,LG CNS IPO
2025-01-09,133300.0,135300.0,132700.0,133500.0,72873.0,1.78,307950,Hyundai AutoEver,0.0015003750937734317,-15,-0.10940627084723153,0.0003371611035083433,0.0011632139902650884,0.05372727282624312,Hyundai AutoEver,LG CNS IPO
2025-01-10,138300.0,146600.0,138200.0,142000.0,401806.0,1.94,307950,Hyundai AutoEver,0.06367041198501866,-14,-0.05270180120080048,-0.002426741742337035,0.0660971537273557,0.11982442655359882,Hyundai AutoEver,LG CNS IPO
2025-01-13,141300.0,143400.0,138600.0,141100.0,107881.0,1.85,307950,Hyundai AutoEver,-0.006338028169014076,-13,-0.058705803869246176,-0.010422214979052269,0.004084186810038193,0.12390861336363701,Hyundai AutoEver,LG CNS IPO
2025-01-14,142000.0,143800.0,139900.0,140400.0,52317.0,1.8,307950,Hyundai AutoEver,-0.0049610205527994555,-12,-0.06337558372248164,0.003149150853966276,-0.008110171406765732,0.11579844195687128,Hyundai AutoEver,LG CNS IPO
2025-01-15,143000.0,144400.0,140300.0,140300.0,83175.0,1.75,307950,Hyundai AutoEver,-0.0007122507122506727,-11,-0.06404269513008676,-0.00023624569552338492,-0.0004760050167272878,0.11532243694014399,Hyundai AutoEver,LG CNS IPO
2025-01-16,142400.0,143100.0,141000.0,141500.0,42262.0,1.73,307950,Hyundai AutoEver,0.008553100498930766,-10,-0.05603735823882583,0.012287679078504032,-0.0037345785795732667,0.11158785836057072,Hyundai AutoEver,LG CNS IPO
2025-01-17,140700.0,140700.0,137600.0,138000.0,49022.0,1.73,307950,Hyundai AutoEver,-0.02473498233215543,-9,-0.07938625750500339,-0.0015588587887586103,-0.02317612354339682,0.0884117348171739,Hyundai AutoEver,LG CNS IPO
2025-01-20,138500.0,138500.0,136000.0,136400.0,44524.0,1.75,307950,Hyundai AutoEver,-0.011594202898550732,-8,-0.09006004002668444,-0.0013869350716252393,-0.010207267826925492,0.07820446699024841,Hyundai AutoEver,LG CNS IPO
2025-01-21,136400.0,139200.0,135800.0,138600.0,55656.0,1.77,307950,Hyundai AutoEver,0.016129032258064502,-7,-0.07538358905937292,-0.0008015713973928973,0.0169306036554574,0.09513507064570581,Hyundai AutoEver,LG CNS IPO
2025-01-22,138400.0,140300.0,137200.0,139700.0,38668.0,1.79,307950,Hyundai AutoEver,0.007936507936507908,-6,-0.06804536357571711,0.011528853905632408,-0.0035923459691244997,0.09154272467658131,Hyundai AutoEver,LG CNS IPO
2025-01-23,139700.0,139800.0,136900.0,137700.0,39484.0,1.77,307950,Hyundai AutoEver,-0.01431639226914816,-5,-0.08138759172781851,-0.012394682496682519,-0.0019217097724656407,0.08962101490411567,Hyundai AutoEver,LG CNS IPO
2025-01-24,137900.0,142300.0,137000.0,138300.0,60123.0,1.78,307950,Hyundai AutoEver,0.004357298474945592,-4,-0.07738492328218816,0.008471510520813297,-0.0041142120458677045,0.08550680285824797,Hyundai AutoEver,LG CNS IPO
2025-01-31,138500.0,143600.0,138200.0,143000.0,91432.0,1.84,307950,Hyundai AutoEver,0.033984092552422185,-3,-0.04603068712474978,-0.007659255755282368,0.04164334830770455,0.12715015116595252,Hyundai AutoEver,LG CNS IPO
2025-02-03,140200.0,146800.0,138000.0,144400.0,133052.0,1.81,307950,Hyundai AutoEver,0.009790209790209836,-2,-0.036691127418278846,-0.025192959318654062,0.0349831691088639,0.16213332027481642,Hyundai AutoEver,LG CNS IPO
2025-02-04,145700.0,145800.0,140400.0,141300.0,101216.0,1.71,307950,Hyundai AutoEver,-0.02146814404432129,-1,-0.05737158105403606,0.011304223802441005,-0.032772367846762296,0.12936095242805412,Hyundai AutoEver,LG CNS IPO
2025-02-05,142300.0,149900.0,142300.0,149900.0,191494.0,1.92,307950,Hyundai AutoEver,0.06086341118188243,0,0.0,0.011113394501327756,0.049750016680554676,0.1791109691086088,Hyundai AutoEver,LG CNS IPO
2025-02-06,149900.0,149900.0,145800.0,147800.0,86075.0,1.87,307950,Hyundai AutoEver,-0.014009339559706513,1,-0.014009339559706513,0.010951392237583013,-0.024960731797289526,0.15415023731131927,Hyundai AutoEver,LG CNS IPO
2025-02-07,147800.0,150200.0,146100.0,147700.0,63882.0,1.84,307950,Hyundai AutoEver,-0.0006765899864682456,2,-0.014676450967311516,-0.005846062875726754,0.0051694728892585085,0.15931971020057778,Hyundai AutoEver,LG CNS IPO
2025-02-10,147300.0,153200.0,147200.0,150800.0,143731.0,1.9,307950,Hyundai AutoEver,0.02098849018280302,3,0.006004002668445585,-0.0002577401345007502,0.02124623031730377,0.18056594051788155,Hyundai AutoEver,LG CNS IPO
2025-02-11,150800.0,151400.0,148000.0,148300.0,56722.0,1.87,307950,Hyundai AutoEver,-0.01657824933687002,4,-0.010673782521681163,0.007052001570637012,-0.023630250907507033,0.15693568961037452,Hyundai AutoEver,LG CNS IPO
2025-02-12,146900.0,147100.0,141600.0,141700.0,114805.0,1.8,307950,Hyundai AutoEver,-0.044504383007417436,5,-0.05470313542361571,0.0036785411866642193,-0.048182924194081656,0.10875276541629286,Hyundai AutoEver,LG CNS IPO
2025-02-13,142800.0,144600.0,141400.0,141500.0,78694.0,1.82,307950,Hyundai AutoEver,-0.0014114326040931546,6,-0.05603735823882583,0.013647832553102202,-0.015059265157195356,0.0936935002590975,Hyundai AutoEver,LG CNS IPO
2025-02-14,142800.0,142800.0,139200.0,140500.0,53070.0,1.83,307950,Hyundai AutoEver,-0.007067137809187329,7,-0.06270847231487664,0.0030505154519446798,-0.01011765326113201,0.0835758469979655,Hyundai AutoEver,LG CNS IPO
2025-02-17,140000.0,140500.0,138400.0,138900.0,67416.0,1.82,307950,Hyundai AutoEver,-0.011387900355871894,8,-0.07338225483655769,0.007475733775882398,-0.018863634131754292,0.0647122128662112,Hyundai AutoEver,LG CNS IPO
2025-02-18,138600.0,140500.0,138300.0,140500.0,48578.0,1.86,307950,Hyundai AutoEver,0.011519078473722022,9,-0.06270847231487664,0.006278683123788431,0.005240395349933591,0.0699526082161448,Hyundai AutoEver,LG CNS IPO
2025-02-19,140000.0,141100.0,139300.0,140300.0,50589.0,1.87,307950,Hyundai AutoEver,-0.001423487544483959,10,-0.06404269513008676,0.017020644812529184,-0.018444132357013143,0.05150847585913165,Hyundai AutoEver,LG CNS IPO
2025-02-20,140500.0,141600.0,136800.0,137000.0,85273.0,1.81,307950,Hyundai AutoEver,-0.023521026372059883,11,-0.08605737158105409,-0.006535605198538685,-0.016985421173521198,0.034523054685610455,Hyundai AutoEver,LG CNS IPO
2025-02-21,138100.0,140500.0,137400.0,138900.0,50687.0,1.83,307950,Hyundai AutoEver,0.013868613138686037,12,-0.07338225483655769,0.0001959262413058216,0.013672686897380215,0.04819574158299067,Hyundai AutoEver,LG CNS IPO
2025-02-24,137900.0,139800.0,136600.0,139000.0,33992.0,1.84,307950,Hyundai AutoEver,0.0007199424046075986,13,-0.07271514342895269,-0.003507146139879014,0.004227088544486612,0.05242283012747728,Hyundai AutoEver,LG CNS IPO
2025-02-25,138900.0,138900.0,136900.0,136900.0,37168.0,1.81,307950,Hyundai AutoEver,-0.015107913669064721,14,-0.08672448298865909,-0.005662937998767603,-0.009444975670297118,0.042977854457180165,Hyundai AutoEver,LG CNS IPO
2025-02-26,136800.0,136900.0,134200.0,134800.0,67826.0,1.81,307950,Hyundai AutoEver,-0.015339663988312657,15,-0.1007338225483656,0.0041060111242487984,-0.019445675112561456,0.02353217934461871,Hyundai AutoEver,LG CNS IPO
2025-02-27,134800.0,135400.0,133800.0,134500.0,31400.0,1.82,307950,Hyundai AutoEver,-0.002225519287833877,16,-0.10273515677118084,-0.00732273417414786,0.005097214886313983,0.028629394230932692,Hyundai AutoEver,LG CNS IPO
2025-02-28,133300.0,133900.0,131500.0,131700.0,43065.0,1.83,307950,Hyundai AutoEver,-0.020817843866171026,17,-0.1214142761841227,-0.03393534852674729,0.013117504660576262,0.041746898891508954,Hyundai AutoEver,LG CNS IPO
2025-03-04,129100.0,133000.0,129000.0,131500.0,25718.0,1.85,307950,Hyundai AutoEver,-0.0015186028853454436,18,-0.12274849899933293,-0.0015240170879429193,5.414202597475715e-06,0.04175231309410643,Hyundai AutoEver,LG CNS IPO
2025-03-05,131600.0,134200.0,131300.0,132200.0,33978.0,1.88,307950,Hyundai AutoEver,0.005323193916349833,19,-0.11807871914609736,0.011550385144646791,-0.006227191228296958,0.03552512186580947,Hyundai AutoEver,LG CNS IPO
2025-03-06,133400.0,136800.0,132100.0,133000.0,82683.0,1.9,307950,Hyundai AutoEver,0.00605143721633894,20,-0.11274182788525688,0.007048117179345725,-0.0009966799630067857,0.03452844190280269,Hyundai AutoEver,LG CNS IPO
2025-03-07,131400.0,135500.0,131400.0,133000.0,34965.0,1.88,307950,Hyundai AutoEver,0.0,21,-0.11274182788525688,-0.0049220545307744334,0.0049220545307744334,0.03945049643357712,Hyundai AutoEver,LG CNS IPO
2025-03-10,133000.0,134000.0,130100.0,130300.0,54851.0,1.84,307950,Hyundai AutoEver,-0.020300751879699264,22,-0.13075383589059375,0.0026955544806277487,-0.022996306360327012,0.016454190073250108,Hyundai AutoEver,LG CNS IPO
2025-03-11,128300.0,131000.0,127300.0,129600.0,38972.0,1.86,307950,Hyundai AutoEver,-0.005372217958557135,23,-0.13542361574382922,-0.012756819004119957,0.007384601045562822,0.02383879111881293,Hyundai AutoEver,LG CNS IPO
2025-03-12,129600.0,137500.0,129600.0,134800.0,75336.0,1.9,307950,Hyundai AutoEver,0.04012345679012341,24,-0.1007338225483656,0.014667402269861407,0.025456054520262006,0.049294845639074936,Hyundai AutoEver,LG CNS IPO
2025-03-13,136000.0,139300.0,134600.0,136700.0,95390.0,1.91,307950,Hyundai AutoEver,0.014094955489614147,25,-0.08805870580386921,-0.00045828446260332,0.014553239952217467,0.0638480855912924,Hyundai AutoEver,LG CNS IPO
2025-03-14,136700.0,138100.0,134900.0,136700.0,26470.0,1.89,307950,Hyundai AutoEver,0.0,26,-0.08805870580386921,-0.0028286784476460047,0.0028286784476460047,0.06667676403893841,Hyundai AutoEver,LG CNS IPO
2025-03-17,137200.0,137300.0,134100.0,134200.0,35664.0,1.86,307950,Hyundai AutoEver,-0.018288222384784225,27,-0.10473649099399596,0.017273492417275715,-0.03556171480205994,0.031115049236878467,Hyundai AutoEver,LG CNS IPO
2025-03-18,134700.0,134800.0,132100.0,132400.0,37761.0,1.85,307950,Hyundai AutoEver,-0.01341281669150518,28,-0.11674449633088724,0.0006320168231388479,-0.014044833514644028,0.01707021572223444,Hyundai AutoEver,LG CNS IPO
2025-03-19,132400.0,133300.0,132300.0,133000.0,23774.0,1.84,307950,Hyundai AutoEver,0.004531722054380571,29,-0.11274182788525688,0.006231960617683718,-0.001700238563303147,0.015369977158931292,Hyundai AutoEver,LG CNS IPO
2025-03-20,133900.0,135000.0,131200.0,131600.0,35795.0,1.84,307950,Hyundai AutoEver,-0.010526315789473717,30,-0.12208138759172782,0.0032260273451469867,-0.013752343134620704,0.001617634024310588,Hyundai AutoEver,LG CNS IPO
2025-03-21,131200.0,132700.0,131200.0,131900.0,27324.0,1.86,307950,Hyundai AutoEver,0.0022796352583587254,31,-0.12008005336891259,0.0022866027075196804,-6.9674491609550415e-06,0.001610666575149633,Hyundai AutoEver,LG CNS IPO
2025-03-24,132600.0,136600.0,131600.0,134400.0,49389.0,1.9,307950,Hyundai AutoEver,0.018953752843063,32,-0.10340226817878584,-0.004184432850446229,0.023138185693509228,0.02474885226865886,Hyundai AutoEver,LG CNS IPO
2025-03-25,139000.0,139200.0,134500.0,135200.0,77262.0,1.92,307950,Hyundai AutoEver,0.005952380952380931,33,-0.09806537691794526,-0.0061776472510229885,0.01213002820340392,0.03687888047206278,Hyundai AutoEver,LG CNS IPO
2025-03-26,135900.0,136400.0,134900.0,135200.0,23154.0,1.91,307950,Hyundai AutoEver,0.0,34,-0.09806537691794526,0.010753839154984624,-0.010753839154984624,0.026125041317078157,Hyundai AutoEver,LG CNS IPO
2025-03-27,133500.0,134400.0,131000.0,131100.0,34512.0,1.88,307950,Hyundai AutoEver,-0.03032544378698221,35,-0.12541694462975317,-0.013914839217228803,-0.016410604569753406,0.00971443674732475,Hyundai AutoEver,LG CNS IPO
2025-03-28,131000.0,131000.0,127700.0,128000.0,50955.0,1.82,307950,Hyundai AutoEver,-0.023646071700991644,36,-0.14609739826551038,-0.0188596743570566,-0.004786397343935045,0.004928039403389706,Hyundai AutoEver,LG CNS IPO
2025-03-31,125500.0,127500.0,119000.0,119300.0,65753.0,1.76,307950,Hyundai AutoEver,-0.06796875000000002,37,-0.20413609072715144,-0.030047146576595685,-0.03792160342340434,-0.03299356402001463,Hyundai AutoEver,LG CNS IPO
2025-04-01,120100.0,121100.0,117800.0,120300.0,36100.0,1.73,307950,Hyundai AutoEver,0.0083822296730931,38,-0.19746497665110074,0.016230573289482075,-0.007848343616388975,-0.04084190763640361,Hyundai AutoEver,LG CNS IPO
2025-04-02,120300.0,121000.0,118400.0,118500.0,21955.0,1.72,307950,Hyundai AutoEver,-0.014962593516209433,39,-0.20947298198799202,-0.006159301020468799,-0.008803292495740633,-0.04964520013214424,Hyundai AutoEver,LG CNS IPO
2025-04-03,114700.0,119400.0,114500.0,118400.0,35965.0,1.71,307950,Hyundai AutoEver,-0.0008438818565400519,40,-0.21014009339559703,-0.007646077594119505,0.006802195737579453,-0.04284300439456479,Hyundai AutoEver,LG CNS IPO
2025-04-04,116200.0,119900.0,116200.0,119400.0,28019.0,1.76,307950,Hyundai AutoEver,0.008445945945946054,41,-0.20346897931954633,-0.008557526038524887,0.01700347198447094,-0.025839532410093846,Hyundai AutoEver,LG CNS IPO
2025-04-07,115000.0,116400.0,111200.0,111500.0,44460.0,1.7,307950,Hyundai AutoEver,-0.06616415410385257,42,-0.2561707805203469,-0.055657859512780905,-0.010506294591071663,-0.03634582700116551,Hyundai AutoEver,LG CNS IPO
2025-04-08,112500.0,114900.0,110100.0,110100.0,23268.0,1.68,307950,Hyundai AutoEver,-0.01255605381165914,43,-0.26551034022681785,0.0025899836783782604,-0.0151460374900374,-0.05149186449120291,Hyundai AutoEver,LG CNS IPO
2025-04-09,107200.0,112900.0,107000.0,112000.0,40438.0,1.7,307950,Hyundai AutoEver,0.0172570390554041,44,-0.25283522348232157,-0.017363327521281224,0.034620366576685324,-0.016871497914517586,Hyundai AutoEver,LG CNS IPO
2025-04-10,116700.0,118500.0,115200.0,118400.0,29939.0,1.7,307950,Hyundai AutoEver,0.05714285714285716,45,-0.21014009339559703,0.06598944936129403,-0.008846592218436866,-0.025718090132954452,Hyundai AutoEver,LG CNS IPO
2025-04-11,115100.0,119300.0,114200.0,118600.0,46768.0,1.72,307950,Hyundai AutoEver,0.0016891891891892552,46,-0.2088058705803869,-0.00504691091425169,0.006736100103440945,-0.018981990029513507,Hyundai AutoEver,LG CNS IPO
2025-04-14,119200.0,120000.0,117600.0,118900.0,34784.0,1.74,307950,Hyundai AutoEver,0.002529510961214232,47,-0.20680453635757168,0.009524318458351111,-0.006994807497136879,-0.025976797526650386,Hyundai AutoEver,LG CNS IPO
2025-04-15,121200.0,122400.0,120100.0,120200.0,35757.0,1.73,307950,Hyundai AutoEver,0.010933557611438216,48,-0.19813208805870586,0.008762607445773174,0.002170950165665042,-0.023805847360985344,Hyundai AutoEver,LG CNS IPO
2025-04-16,119500.0,122900.0,118100.0,120400.0,52675.0,1.84,307950,Hyundai AutoEver,0.0016638935108153063,49,-0.19679786524349563,-0.012101347778526783,0.01376524128934209,-0.010040606071643254,Hyundai AutoEver,LG CNS IPO
2025-04-17,119200.0,120600.0,117300.0,118300.0,42676.0,1.8,307950,Hyundai AutoEver,-0.01744186046511631,50,-0.21080720480320214,0.009389441168899726,-0.026831301634016036,-0.03687190770565929,Hyundai AutoEver,LG CNS IPO
2025-04-18,118600.0,120000.0,117800.0,120000.0,29064.0,1.85,307950,Hyundai AutoEver,0.014370245139475823,51,-0.19946631087391598,0.0052663323092119185,0.009103912830263905,-0.027767994875395385,Hyundai AutoEver,LG CNS IPO
2025-04-21,120000.0,120700.0,118200.0,119000.0,13569.0,1.84,307950,Hyundai AutoEver,-0.008333333333333304,52,-0.20613742494996667,0.0020133525541390362,-0.01034668588747234,-0.038114680762867725,Hyundai AutoEver,LG CNS IPO
2025-04-22,117300.0,118900.0,117300.0,117800.0,11627.0,1.84,307950,Hyundai AutoEver,-0.010084033613445342,53,-0.2141427618412275,-0.0007153133313508864,-0.009368720282094456,-0.04748340104496218,Hyundai AutoEver,LG CNS IPO
2025-04-23,119000.0,119800.0,117500.0,119800.0,27583.0,1.88,307950,Hyundai AutoEver,0.01697792869269943,54,-0.2008005336891261,0.015651642376862007,0.0013262863158374216,-0.04615711472912476,Hyundai AutoEver,LG CNS IPO
2025-04-24,120500.0,120600.0,116900.0,117900.0,36084.0,1.85,307950,Hyundai AutoEver,-0.015859766277128595,55,-0.21347565043362238,-0.0012789242781798826,-0.014580841998948713,-0.06073795672807347,Hyundai AutoEver,LG CNS IPO
2025-04-25,118500.0,119100.0,117800.0,118700.0,21340.0,1.9,307950,Hyundai AutoEver,0.006785411365564098,56,-0.2081387591727819,0.009503118148695977,-0.002717706783131879,-0.06345566351120535,Hyundai AutoEver,LG CNS IPO
2025-04-28,120300.0,121100.0,117000.0,117800.0,42980.0,1.91,307950,Hyundai AutoEver,-0.0075821398483572056,57,-0.2141427618412275,0.0010053803558103258,-0.008587520204167531,-0.07204318371537288,Hyundai AutoEver,LG CNS IPO
2025-04-29,117800.0,123400.0,114300.0,122300.0,129302.0,1.96,307950,Hyundai AutoEver,0.03820033955857394,58,-0.18412274849899934,0.006497022198159064,0.03170331736041487,-0.04033986635495801,Hyundai AutoEver,LG CNS IPO
2025-04-30,123300.0,124500.0,120600.0,123200.0,57287.0,1.89,307950,Hyundai AutoEver,0.007358953393295176,59,-0.17811874583055365,-0.0034341355411589003,0.010793088934454076,-0.029546777420503934,Hyundai AutoEver,LG CNS IPO
2025-05-02,123400.0,126800.0,123400.0,125400.0,45772.0,1.85,307950,Hyundai AutoEver,0.017857142857142794,60,-0.16344229486324213,0.0012438346091112606,0.016613308248031533,-0.0129334691724724,Hyundai AutoEver,LG CNS IPO
2025-05-07,125500.0,127500.0,123800.0,126800.0,33779.0,1.83,307950,Hyundai AutoEver,0.011164274322169154,61,-0.1541027351567712,0.005473105215662244,0.00569116910650691,-0.00724230006596549,Hyundai AutoEver,LG CNS IPO
2025-05-08,127000.0,130200.0,127000.0,129000.0,47143.0,1.86,307950,Hyundai AutoEver,0.017350157728706517,62,-0.13942628418945968,0.002206853679384446,0.01514330404932207,0.00790100398335658,Hyundai AutoEver,LG CNS IPO
2025-05-09,129000.0,130900.0,127700.0,130300.0,45359.0,1.9,307950,Hyundai AutoEver,0.010077519379845024,63,-0.13075383589059375,-0.0008567618279653466,0.01093428120781037,0.01883528519116695,Hyundai AutoEver,LG CNS IPO
2024-11-04,27850.0,29750.0,27600.0,29400.0,777069.0,6.51,022100,POSCO DX,,-60,0.5201654601861427,,,0.0,POSCO DX,LG CNS IPO
2024-11-05,29150.0,29250.0,28500.0,28900.0,293362.0,6.53,022100,POSCO DX,-0.017006802721088454,-59,0.49431230610134436,-0.004669810774168726,-0.012336991946919729,-0.012336991946919729,POSCO DX,LG CNS IPO
2024-11-06,29350.0,29950.0,26850.0,27050.0,804830.0,6.51,022100,POSCO DX,-0.06401384083044981,-58,0.3986556359875906,-0.005188444941169101,-0.05882539588928071,-0.07116238783620044,POSCO DX,LG CNS IPO
2024-11-07,27350.0,27350.0,25900.0,26100.0,643141.0,6.47,022100,POSCO DX,-0.03512014787430684,-57,0.34953464322647365,0.00043690096781356935,-0.03555704884212041,-0.10671943667832084,POSCO DX,LG CNS IPO
2024-11-08,26300.0,27000.0,26000.0,26100.0,436632.0,6.47,022100,POSCO DX,0.0,-56,0.34953464322647365,-0.0013569208813747347,0.0013569208813747347,-0.10536251579694611,POSCO DX,LG CNS IPO
2024-11-11,26100.0,26100.0,24850.0,24950.0,570205.0,6.45,022100,POSCO DX,-0.044061302681992376,-55,0.2900723888314374,-0.011514358784139977,-0.0325469438978524,-0.1379094596947985,POSCO DX,LG CNS IPO
2024-11-12,24850.0,25550.0,24500.0,24600.0,551421.0,6.41,022100,POSCO DX,-0.014028056112224463,-54,0.2719751809720785,-0.019390439474494925,0.005362383362270462,-0.13254707633252805,POSCO DX,LG CNS IPO
2024-11-13,24200.0,24600.0,23200.0,23200.0,604455.0,6.44,022100,POSCO DX,-0.05691056910569103,-53,0.19958634953464327,-0.026379920807872548,-0.030530648297818486,-0.16307772463034653,POSCO DX,LG CNS IPO
2024-11-14,23350.0,23550.0,22200.0,22700.0,816260.0,6.52,022100,POSCO DX,-0.02155172413793105,-52,0.1737331954498449,0.0007364257699373766,-0.022288149907868426,-0.18536587453821496,POSCO DX,LG CNS IPO
2024-11-15,21900.0,22250.0,20450.0,21350.0,941773.0,6.55,022100,POSCO DX,-0.05947136563876654,-51,0.10392967942088926,-0.0008268357821452632,-0.058644529856621275,-0.24401040439483623,POSCO DX,LG CNS IPO
2024-11-18,21300.0,22400.0,21200.0,21750.0,521381.0,6.61,022100,POSCO DX,0.0187353629976581,-50,0.12461220268872797,0.021602409738255446,-0.0028670467405973454,-0.24687745113543358,POSCO DX,LG CNS IPO
2024-11-19,21600.0,22000.0,21250.0,22000.0,381518.0,6.59,022100,POSCO DX,0.011494252873563315,-49,0.13753877973112716,0.0011664310853882753,0.01032782178817504,-0.23654962934725854,POSCO DX,LG CNS IPO
2024-11-20,21950.0,22450.0,21450.0,21500.0,373835.0,6.58,022100,POSCO DX,-0.022727272727272707,-48,0.11168562564632878,0.004182932502680092,-0.0269102052299528,-0.26345983457721134,POSCO DX,LG CNS IPO
2024-11-21,21500.0,22150.0,21350.0,21700.0,339093.0,6.58,022100,POSCO DX,0.009302325581395321,-47,0.12202688728024813,-0.0006687373352830539,0.009971062916678375,-0.25348877166053296,POSCO DX,LG CNS IPO
2024-11-22,21850.0,22300.0,21500.0,21550.0,372400.0,6.55,022100,POSCO DX,-0.00691244239631339,-46,0.11427094105480862,0.008308373276143532,-0.015220815672456922,-0.2687095873329899,POSCO DX,LG CNS IPO
2024-11-25,21750.0,22950.0,21750.0,22950.0,581807.0,6.66,022100,POSCO DX,0.0649651972157772,-45,0.18665977249224408,0.013233436215637218,0.051731761000139986,-0.2169778263328499,POSCO DX,LG CNS IPO
2024-11-26,22700.0,23100.0,22400.0,22450.0,311146.0,6.62,022100,POSCO DX,-0.02178649237472763,-44,0.1608066184074457,-0.005516229077392909,-0.01627026329733472,-0.23324808963018462,POSCO DX,LG CNS IPO
2024-11-27,22600.0,22700.0,22200.0,22350.0,216257.0,6.62,022100,POSCO DX,-0.0044543429844098315,-43,0.15563598759048602,-0.006864098779539529,0.0024097557951296977,-0.23083833383505492,POSCO DX,LG CNS IPO
2024-11-28,22150.0,22550.0,22100.0,22350.0,205935.0,6.61,022100,POSCO DX,0.0,-42,0.15563598759048602,0.0006432127076458904,-0.0006432127076458904,-0.2314815465427008,POSCO DX,LG CNS IPO
2024-11-29,22450.0,22450.0,21000.0,21000.0,465726.0,6.54,022100,POSCO DX,-0.06040268456375841,-41,0.0858324715615304,-0.01946763445883104,-0.04093505010492737,-0.2724165966476282,POSCO DX,LG CNS IPO
2024-12-02,21250.0,21850.0,20750.0,20800.0,392781.0,6.56,022100,POSCO DX,-0.00952380952380949,-40,0.07549120992761127,-0.0005822688942184184,-0.008941540629591072,-0.28135813727721926,POSCO DX,LG CNS IPO
2024-12-03,21000.0,21400.0,20900.0,21100.0,313283.0,6.59,022100,POSCO DX,0.014423076923076872,-39,0.09100310237849007,0.018586421563834277,-0.004163344640757405,-0.28552148191797666,POSCO DX,LG CNS IPO
2024-12-04,20650.0,20950.0,20150.0,20700.0,479825.0,6.62,022100,POSCO DX,-0.018957345971563955,-38,0.0703205791106516,-0.014439422423103032,-0.004517923548460923,-0.2900394054664376,POSCO DX,LG CNS IPO
2024-12-05,20850.0,21000.0,19810.0,19830.0,473241.0,6.63,022100,POSCO DX,-0.04202898550724643,-37,0.025336091003102412,-0.008989448051948123,-0.03303953745529831,-0.3230789429217359,POSCO DX,LG CNS IPO
2024-12-06,19840.0,21350.0,19120.0,21150.0,812658.0,6.7,022100,POSCO DX,0.06656580937972767,-36,0.09358841778696991,-0.005606404979830892,0.07217221435955856,-0.25090672856217733,POSCO DX,LG CNS IPO
2024-12-09,20600.0,20750.0,19650.0,19660.0,509309.0,6.65,022100,POSCO DX,-0.07044917257683214,-35,0.016546018614270963,-0.027831773853452813,-0.04261739872337933,-0.29352412728555666,POSCO DX,LG CNS IPO
2024-12-10,19660.0,21200.0,19660.0,21200.0,439090.0,6.75,022100,POSCO DX,0.07833163784333674,-34,0.09617373319544975,0.024256750459632936,0.05407488738370381,-0.23944923990185285,POSCO DX,LG CNS IPO
2024-12-11,21300.0,21850.0,21100.0,21500.0,368570.0,6.76,022100,POSCO DX,0.014150943396226356,-33,0.11168562564632878,0.010203321973331514,0.0039476214228948425,-0.235501618478958,POSCO DX,LG CNS IPO
2024-12-12,22000.0,22400.0,21200.0,22400.0,904300.0,6.65,022100,POSCO DX,0.041860465116279055,-32,0.15822130299896586,0.01621692439334943,0.025643540722929625,-0.20985807775602838,POSCO DX,LG CNS IPO
2024-12-13,22050.0,22100.0,21700.0,21900.0,309275.0,6.59,022100,POSCO DX,-0.022321428571428603,-31,0.13236814891416748,0.004971556572607394,-0.027292985144035997,-0.23715106290006438,POSCO DX,LG CNS IPO
2024-12-16,22100.0,22300.0,21550.0,21600.0,307695.0,6.6,022100,POSCO DX,-0.013698630136986356,-30,0.11685625646328845,-0.0022008771437506125,-0.011497752993235744,-0.24864881589330012,POSCO DX,LG CNS IPO
2024-12-17,21850.0,21850.0,20500.0,20650.0,528245.0,6.59,022100,POSCO DX,-0.04398148148148151,-29,0.06773526370217176,-0.012921007485023894,-0.031060473996457616,-0.27970928988975774,POSCO DX,LG CNS IPO
2024-12-18,20750.0,21050.0,20500.0,20800.0,338161.0,6.63,022100,POSCO DX,0.007263922518159882,-28,0.07549120992761127,0.01124222060313973,-0.003978298084979848,-0.2836875879747376,POSCO DX,LG CNS IPO
2024-12-19,20200.0,20250.0,19910.0,20050.0,418238.0,6.6,022100,POSCO DX,-0.03605769230769229,-27,0.0367114788004137,-0.019521580402748318,-0.016536111904943973,-0.30022369987968156,POSCO DX,LG CNS IPO
2024-12-20,20050.0,20100.0,19290.0,19510.0,469442.0,6.54,022100,POSCO DX,-0.026932668329177067,-26,0.00879007238883145,-0.013046351906663922,-0.013886316422513145,-0.3141100163021947,POSCO DX,LG CNS IPO
2024-12-23,19510.0,20150.0,19280.0,19950.0,332153.0,6.45,022100,POSCO DX,0.022552537160430486,-25,0.03154084798345402,0.015747769481937457,0.006804767678493029,-0.3073052486237017,POSCO DX,LG CNS IPO
2024-12-24,19970.0,20600.0,19740.0,19740.0,531171.0,6.42,022100,POSCO DX,-0.010526315789473717,-24,0.020682523267838704,-0.0006101531115761949,-0.009916162677897522,-0.3172214113015992,POSCO DX,LG CNS IPO
2024-12-26,19860.0,20000.0,19260.0,19260.0,312097.0,6.38,022100,POSCO DX,-0.024316109422492405,-23,-0.004136504653567741,-0.004445773851474266,-0.01987033557101814,-0.33709174687261734,POSCO DX,LG CNS IPO
2024-12-27,19200.0,19490.0,18940.0,18960.0,352276.0,6.41,022100,POSCO DX,-0.015576323987538943,-22,-0.01964839710444677,-0.010248305325414653,-0.00532801866212429,-0.3424197655347416,POSCO DX,LG CNS IPO
2024-12-30,18910.0,19330.0,18710.0,19080.0,210741.0,6.44,022100,POSCO DX,0.006329113924050667,-21,-0.013443640124095158,-0.0021956361731060303,0.008524750097156697,-0.33389501543758493,POSCO DX,LG CNS IPO
2025-01-02,19100.0,19870.0,18760.0,19300.0,492228.0,6.46,022100,POSCO DX,0.011530398322851187,-20,-0.0020682523267838704,-0.00022921537493370003,0.011759613697784888,-0.32213540173980004,POSCO DX,LG CNS IPO
2025-01-03,19350.0,20700.0,19320.0,20200.0,653141.0,6.52,022100,POSCO DX,0.04663212435233155,-19,0.04446742502585321,0.017916246342134512,0.028715878010197038,-0.293419523729603,POSCO DX,LG CNS IPO
2025-01-06,20550.0,20900.0,20200.0,20550.0,559865.0,6.5,022100,POSCO DX,0.017326732673267342,-18,0.06256463288521208,0.01913248591272443,-0.0018057532394570863,-0.2952252769690601,POSCO DX,LG CNS IPO
2025-01-07,20650.0,21100.0,20450.0,20500.0,497334.0,6.45,022100,POSCO DX,-0.0024330900243308973,-17,0.05997931747673224,0.001390317603188862,-0.0038234076275197593,-0.29904868459657985,POSCO DX,LG CNS IPO
2025-01-08,20200.0,20850.0,20150.0,20400.0,471927.0,6.41,022100,POSCO DX,-0.004878048780487809,-16,0.054808686659772565,0.011616708799807585,-0.016494757580295394,-0.31554344217687524,POSCO DX,LG CNS IPO
2025-01-09,20400.0,20850.0,19940.0,20850.0,611851.0,6.3,022100,POSCO DX,0.022058823529411686,-15,0.07807652533609111,0.0003371611035083433,0.021721662425903343,-0.2938217797509719,POSCO DX,LG CNS IPO
2025-01-10,21000.0,21250.0,19940.0,19980.0,968750.0,6.18,022100,POSCO DX,-0.04172661870503602,-14,0.033092037228541926,-0.002426741742337035,-0.03929987696269899,-0.3331216567136709,POSCO DX,LG CNS IPO
2025-01-13,19790.0,20350.0,19600.0,19610.0,593491.0,5.97,022100,POSCO DX,-0.01851851851851849,-13,0.013960703205791125,-0.010422214979052269,-0.00809630353946622,-0.3412179602531371,POSCO DX,LG CNS IPO
2025-01-14,19740.0,20250.0,19380.0,20000.0,650919.0,6.02,022100,POSCO DX,0.01988781234064252,-12,0.03412616339193386,0.003149150853966276,0.016738661486676243,-0.32447929876646087,POSCO DX,LG CNS IPO
2025-01-15,20050.0,20500.0,19600.0,19620.0,519602.0,5.95,022100,POSCO DX,-0.019000000000000017,-11,0.014477766287487093,-0.00023624569552338492,-0.018763754304476632,-0.3432430530709375,POSCO DX,LG CNS IPO
2025-01-16,19900.0,20300.0,19650.0,19780.0,591359.0,5.98,022100,POSCO DX,0.00815494393476035,-10,0.022750775594622574,0.012287679078504032,-0.004132735143743682,-0.3473757882146812,POSCO DX,LG CNS IPO
2025-01-17,19770.0,19840.0,19500.0,19520.0,389593.0,5.94,022100,POSCO DX,-0.013144590495449915,-9,0.009307135470527417,-0.0015588587887586103,-0.011585731706691305,-0.3589615199213725,POSCO DX,LG CNS IPO
2025-01-20,19560.0,20250.0,19550.0,20150.0,801295.0,6.06,022100,POSCO DX,0.032274590163934525,-8,0.041882109617373375,-0.0013869350716252393,0.033661525235559764,-0.3252999946858127,POSCO DX,LG CNS IPO
2025-01-21,20150.0,20150.0,19150.0,19250.0,830097.0,5.84,022100,POSCO DX,-0.04466501240694787,-7,-0.004653567735263708,-0.0008015713973928973,-0.04386344100955497,-0.3691634356953677,POSCO DX,LG CNS IPO
2025-01-22,19340.0,20100.0,19250.0,19410.0,749840.0,5.94,022100,POSCO DX,0.00831168831168827,-6,0.003619441571871773,0.011528853905632408,-0.003217165593944138,-0.37238060128931183,POSCO DX,LG CNS IPO
2025-01-23,19440.0,19520.0,18700.0,18700.0,713866.0,5.77,022100,POSCO DX,-0.03657908294693457,-5,-0.033092037228541926,-0.012394682496682519,-0.024184400450252053,-0.3965650017395639,POSCO DX,LG CNS IPO
2025-01-24,18710.0,18900.0,18140.0,18570.0,523823.0,5.82,022100,POSCO DX,-0.006951871657754016,-4,-0.039813857290589505,0.008471510520813297,-0.015423382178567313,-0.4119883839181312,POSCO DX,LG CNS IPO
2025-01-31,18600.0,18850.0,18280.0,18850.0,526156.0,5.87,022100,POSCO DX,0.015078082929456116,-3,-0.025336091003102412,-0.007659255755282368,0.022737338684738484,-0.3892510452333927,POSCO DX,LG CNS IPO
2025-02-03,18610.0,18620.0,17800.0,17850.0,660914.0,5.79,022100,POSCO DX,-0.053050397877984046,-2,-0.07704239917269906,-0.025192959318654062,-0.027857438559329983,-0.4171084837927227,POSCO DX,LG CNS IPO
2025-02-04,18000.0,19180.0,17990.0,18360.0,999867.0,5.94,022100,POSCO DX,0.02857142857142847,-1,-0.05067218200620471,0.011304223802441005,0.017267204768987465,-0.39984127902373523,POSCO DX,LG CNS IPO
2025-02-05,18360.0,19630.0,18360.0,19340.0,1070474.0,6.13,022100,POSCO DX,0.053376906318082895,0,0.0,0.011113394501327756,0.04226351181675514,-0.3575777672069801,POSCO DX,LG CNS IPO
2025-02-06,19450.0,19460.0,18880.0,19060.0,505821.0,6.03,022100,POSCO DX,-0.014477766287487093,1,-0.014477766287487093,0.010951392237583013,-0.025429158525070106,-0.3830069257320502,POSCO DX,LG CNS IPO
2025-02-07,18950.0,19440.0,18750.0,18810.0,465842.0,5.97,022100,POSCO DX,-0.013116474291710367,2,-0.027404343329886283,-0.005846062875726754,-0.007270411415983613,-0.3902773371480338,POSCO DX,LG CNS IPO
2025-02-10,18680.0,19300.0,18160.0,19190.0,790647.0,6.02,022100,POSCO DX,0.02020202020202011,3,-0.007755946225439514,-0.0002577401345007502,0.02045976033652086,-0.36981757681151295,POSCO DX,LG CNS IPO
2025-02-11,19060.0,19250.0,18770.0,19100.0,466148.0,6.02,022100,POSCO DX,-0.004689942678478332,4,-0.012409513960703222,0.007052001570637012,-0.011741944249115344,-0.3815595210606283,POSCO DX,LG CNS IPO
2025-02-12,18950.0,19180.0,18710.0,18800.0,669171.0,5.92,022100,POSCO DX,-0.015706806282722474,5,-0.02792140641158225,0.0036785411866642193,-0.019385347469386693,-0.400944868530015,POSCO DX,LG CNS IPO
2025-02-13,18900.0,20350.0,18900.0,20350.0,1808655.0,5.98,022100,POSCO DX,0.08244680851063824,6,0.05222337125129273,0.013647832553102202,0.06879897595753603,-0.33214589257247895,POSCO DX,LG CNS IPO
2025-02-14,20400.0,20450.0,19450.0,19480.0,1028064.0,5.82,022100,POSCO DX,-0.04275184275184274,7,0.007238883143743546,0.0030505154519446798,-0.04580235820378742,-0.37794825077626637,POSCO DX,LG CNS IPO
2025-02-17,19480.0,20050.0,19390.0,19710.0,711210.0,5.85,022100,POSCO DX,0.01180698151950721,8,0.0191313340227508,0.007475733775882398,0.004331247743624811,-0.37361700303264156,POSCO DX,LG CNS IPO
2025-02-18,19740.0,19770.0,19380.0,19690.0,452869.0,6.09,022100,POSCO DX,-0.0010147133434804667,9,0.018097207859358866,0.006278683123788431,-0.007293396467268898,-0.38091039949991046,POSCO DX,LG CNS IPO
2025-02-19,19720.0,25550.0,19720.0,24700.0,17425981.0,5.91,022100,POSCO DX,0.2544438801422042,10,0.2771458117890382,0.017020644812529184,0.23742323532967502,-0.14348716417023544,POSCO DX,LG CNS IPO
2025-02-20,24350.0,27950.0,23600.0,25150.0,19391413.0,5.72,022100,POSCO DX,0.018218623481781382,11,0.30041365046535673,-0.006535605198538685,0.024754228680320067,-0.11873293548991537,POSCO DX,LG CNS IPO
2025-02-21,25500.0,27850.0,25500.0,26350.0,11854080.0,5.68,022100,POSCO DX,0.04771371769383692,12,0.36246122026887284,0.0001959262413058216,0.0475177914525311,-0.07121514403738427,POSCO DX,LG CNS IPO
2025-02-24,26350.0,26900.0,25750.0,25850.0,3108522.0,5.45,022100,POSCO DX,-0.018975332068311146,13,0.33660806618407446,-0.003507146139879014,-0.015468185928432132,-0.0866833299658164,POSCO DX,LG CNS IPO
2025-02-25,25650.0,27350.0,24450.0,24600.0,4331771.0,5.39,022100,POSCO DX,-0.048355899419729176,14,0.2719751809720785,-0.005662937998767603,-0.04269296142096157,-0.12937629138677798,POSCO DX,LG CNS IPO
2025-02-26,24500.0,26300.0,24200.0,25000.0,5472752.0,5.42,022100,POSCO DX,0.016260162601626105,15,0.2926577042399172,0.0041060111242487984,0.012154151477377306,-0.11722213990940067,POSCO DX,LG CNS IPO
2025-02-27,25200.0,26100.0,24650.0,25700.0,2800113.0,5.38,022100,POSCO DX,0.028000000000000025,16,0.32885211995863495,-0.00732273417414786,0.035322734174147885,-0.08189940573525278,POSCO DX,LG CNS IPO
2025-02-28,25050.0,25650.0,23100.0,23100.0,6682135.0,4.89,022100,POSCO DX,-0.10116731517509725,17,0.1944157187176836,-0.03393534852674729,-0.06723196664834996,-0.14913137238360274,POSCO DX,LG CNS IPO
2025-03-04,22500.0,22950.0,20850.0,21100.0,3039270.0,4.51,022100,POSCO DX,-0.08658008658008653,18,0.09100310237849007,-0.0015240170879429193,-0.08505606949214362,-0.23418744187574636,POSCO DX,LG CNS IPO
2025-03-05,21100.0,23350.0,20850.0,22200.0,6976386.0,4.34,022100,POSCO DX,0.05213270142180093,19,0.1478800413650465,0.011550385144646791,0.04058231627715414,-0.19360512559859222,POSCO DX,LG CNS IPO
2025-03-06,22600.0,25900.0,22450.0,24800.0,12666163.0,4.27,022100,POSCO DX,0.11711711711711703,20,0.28231644260599786,0.007048117179345725,0.1100689999377713,-0.08353612566082091,POSCO DX,LG CNS IPO
2025-03-07,24000.0,26850.0,23800.0,25750.0,11051746.0,4.33,022100,POSCO DX,0.03830645161290325,21,0.3314374353671148,-0.0049220545307744334,0.04322850614367768,-0.040307619517143234,POSCO DX,LG CNS IPO
2025-03-10,26350.0,26500.0,25150.0,25600.0,3146211.0,4.04,022100,POSCO DX,-0.005825242718446644,22,0.32368148914167527,0.0026955544806277487,-0.008520797199074392,-0.048828416716217626,POSCO DX,LG CNS IPO
2025-03-11,24600.0,26600.0,24500.0,26200.0,5603830.0,3.92,022100,POSCO DX,0.0234375,23,0.3547052740434333,-0.012756819004119957,0.03619431900411996,-0.01263409771209767,POSCO DX,LG CNS IPO
2025-03-12,26650.0,29200.0,26600.0,28200.0,12287555.0,3.86,022100,POSCO DX,0.07633587786259532,24,0.4581178903826266,0.014667402269861407,0.06166847559273392,0.04903437788063625,POSCO DX,LG CNS IPO
2025-03-13,28350.0,29300.0,27250.0,29300.0,6946875.0,3.43,022100,POSCO DX,0.03900709219858145,25,0.5149948293691831,-0.00045828446260332,0.03946537666118477,0.08849975454182102,POSCO DX,LG CNS IPO
2025-03-14,29100.0,30150.0,27550.0,27600.0,4659536.0,3.12,022100,POSCO DX,-0.058020477815699634,26,0.42709410548086857,-0.0028286784476460047,-0.05519179936805363,0.03330795517376739,POSCO DX,LG CNS IPO
2025-03-17,27900.0,28350.0,26750.0,27000.0,2901949.0,3.24,022100,POSCO DX,-0.021739130434782594,27,0.39607032057911074,0.017273492417275715,-0.03901262285205831,-0.00570466767829092,POSCO DX,LG CNS IPO
2025-03-18,27350.0,29150.0,27200.0,27500.0,4802217.0,3.17,022100,POSCO DX,0.0185185185185186,28,0.4219234746639089,0.0006320168231388479,0.017886501695379753,0.012181834017088833,POSCO DX,LG CNS IPO
2025-03-19,27850.0,29300.0,27800.0,28100.0,5462694.0,3.06,022100,POSCO DX,0.021818181818181737,29,0.45294725956566695,0.006231960617683718,0.015586221200498018,0.02776805521758685,POSCO DX,LG CNS IPO
2025-03-20,28550.0,29650.0,27350.0,27400.0,5863438.0,3.13,022100,POSCO DX,-0.02491103202846978,30,0.4167528438469492,0.0032260273451469867,-0.02813705937361677,-0.0003690041560299173,POSCO DX,LG CNS IPO
2025-03-21,27950.0,28350.0,26650.0,27600.0,2534968.0,3.1,022100,POSCO DX,0.007299270072992803,31,0.42709410548086857,0.0022866027075196804,0.005012667365473122,0.004643663209443205,POSCO DX,LG CNS IPO
2025-03-24,27950.0,28000.0,26300.0,26500.0,995019.0,3.11,022100,POSCO DX,-0.03985507246376807,32,0.37021716649431236,-0.004184432850446229,-0.03567063961332184,-0.031026976403878637,POSCO DX,LG CNS IPO
2025-03-25,26750.0,27500.0,26100.0,26250.0,893854.0,3.12,022100,POSCO DX,-0.009433962264150941,33,0.35729058945191317,-0.0061776472510229885,-0.003256315013127953,-0.03428329141700659,POSCO DX,LG CNS IPO
2025-03-26,26600.0,27250.0,26300.0,26550.0,780591.0,3.14,022100,POSCO DX,0.011428571428571344,34,0.3728024819027922,0.010753839154984624,0.0006747322735867201,-0.03360855914341987,POSCO DX,LG CNS IPO
2025-03-27,26200.0,26250.0,25050.0,25300.0,855732.0,3.16,022100,POSCO DX,-0.04708097928436916,35,0.30816959669079624,-0.013914839217228803,-0.03316614006714036,-0.06677469921056023,POSCO DX,LG CNS IPO
2025-03-28,25350.0,25450.0,24400.0,25300.0,650869.0,3.19,022100,POSCO DX,0.0,36,0.30816959669079624,-0.0188596743570566,0.0188596743570566,-0.04791502485350363,POSCO DX,LG CNS IPO
2025-03-31,24700.0,25100.0,23950.0,24400.0,1012894.0,3.09,022100,POSCO DX,-0.035573122529644285,37,0.26163391933815916,-0.030047146576595685,-0.005525975953048601,-0.05344100080655223,POSCO DX,LG CNS IPO
2025-04-01,24850.0,24900.0,24100.0,24350.0,676776.0,3.08,022100,POSCO DX,-0.002049180327868827,38,0.2590486039296793,0.016230573289482075,-0.018279753617350902,-0.07172075442390313,POSCO DX,LG CNS IPO
2025-04-02,24700.0,24750.0,23000.0,23300.0,853003.0,3.05,022100,POSCO DX,-0.043121149897330624,39,0.20475698035160295,-0.006159301020468799,-0.036961848876861825,-0.10868260330076496,POSCO DX,LG CNS IPO
2025-04-03,22350.0,24000.0,22300.0,23850.0,724781.0,3.06,022100,POSCO DX,0.023605150214592197,40,0.23319544984488116,-0.007646077594119505,0.0312512278087117,-0.07743137549205326,POSCO DX,LG CNS IPO
2025-04-04,23600.0,24550.0,23150.0,24200.0,907245.0,3.11,022100,POSCO DX,0.01467505241090139,41,0.2512926577042398,-0.008557526038524887,0.023232578449426278,-0.05419879704262698,POSCO DX,LG CNS IPO
2025-04-07,23200.0,23900.0,22850.0,23300.0,851647.0,3.06,022100,POSCO DX,-0.037190082644628086,42,0.20475698035160295,-0.055657859512780905,0.01846777686815282,-0.03573102017447416,POSCO DX,LG CNS IPO
2025-04-08,24050.0,24150.0,23150.0,23150.0,585858.0,2.99,022100,POSCO DX,-0.006437768240343367,43,0.19700103412616343,0.0025899836783782604,-0.009027751918721627,-0.04475877209319579,POSCO DX,LG CNS IPO
2025-04-09,23600.0,24500.0,23300.0,23950.0,1083119.0,3.01,022100,POSCO DX,0.03455723542116629,44,0.23836608066184084,-0.017363327521281224,0.05192056294244751,0.007161790849251726,POSCO DX,LG CNS IPO
2025-04-10,25700.0,25900.0,24800.0,25900.0,1370777.0,2.96,022100,POSCO DX,0.08141962421711901,45,0.3391933815925543,0.06598944936129403,0.015430174855824985,0.02259196570507671,POSCO DX,LG CNS IPO
2025-04-11,25400.0,25800.0,25000.0,25300.0,700168.0,2.97,022100,POSCO DX,-0.02316602316602312,46,0.30816959669079624,-0.00504691091425169,-0.01811911225177143,0.004472853453305281,POSCO DX,LG CNS IPO
2025-04-14,25650.0,25800.0,25050.0,25150.0,623842.0,3.0,022100,POSCO DX,-0.005928853754940677,47,0.30041365046535673,0.009524318458351111,-0.015453172213291788,-0.010980318759986507,POSCO DX,LG CNS IPO
2025-04-15,25350.0,25400.0,24550.0,25100.0,577689.0,3.0,022100,POSCO DX,-0.001988071570576566,48,0.2978283350568769,0.008762607445773174,-0.01075067901634974,-0.021730997776336247,POSCO DX,LG CNS IPO
2025-04-16,25150.0,25450.0,23850.0,23850.0,575614.0,2.99,022100,POSCO DX,-0.04980079681274896,49,0.23319544984488116,-0.012101347778526783,-0.03769944903422218,-0.059430446810558424,POSCO DX,LG CNS IPO
2025-04-17,23850.0,24250.0,23650.0,23950.0,355888.0,2.99,022100,POSCO DX,0.004192872117400492,50,0.23836608066184084,0.009389441168899726,-0.0051965690514992335,-0.06462701586205766,POSCO DX,LG CNS IPO
2025-04-18,24150.0,24450.0,23700.0,24300.0,267997.0,2.99,022100,POSCO DX,0.014613778705636848,51,0.2564632885211995,0.0052663323092119185,0.00934744639642493,-0.05527956946563273,POSCO DX,LG CNS IPO
2025-04-21,24150.0,24300.0,23700.0,23750.0,278834.0,2.96,022100,POSCO DX,-0.02263374485596703,52,0.2280248190279215,0.0020133525541390362,-0.024647097410106067,-0.0799266668757388,POSCO DX,LG CNS IPO
2025-04-22,23450.0,23950.0,23300.0,23650.0,448322.0,2.9,022100,POSCO DX,-0.004210526315789442,53,0.2228541882109618,-0.0007153133313508864,-0.003495212984438556,-0.08342187986017735,POSCO DX,LG CNS IPO
2025-04-23,24150.0,25450.0,23950.0,25400.0,1043916.0,3.04,022100,POSCO DX,0.07399577167019022,54,0.3133402275077559,0.015651642376862007,0.05834412929332822,-0.025077750566849133,POSCO DX,LG CNS IPO
2025-04-24,26000.0,26050.0,24300.0,24850.0,784425.0,2.97,022100,POSCO DX,-0.021653543307086576,55,0.2849017580144777,-0.0012789242781798826,-0.020374619028906693,-0.045452369595755826,POSCO DX,LG CNS IPO
2025-04-25,25150.0,25700.0,24750.0,25450.0,593025.0,3.02,022100,POSCO DX,0.024144869215291687,56,0.31592554291623576,0.009503118148695977,0.01464175106659571,-0.030810618529160116,POSCO DX,LG CNS IPO
2025-04-28,25600.0,26000.0,25000.0,25150.0,437106.0,3.04,022100,POSCO DX,-0.011787819253438081,57,0.30041365046535673,0.0010053803558103258,-0.012793199609248407,-0.04360381813840852,POSCO DX,LG CNS IPO
2025-04-29,25300.0,25550.0,24700.0,25100.0,348546.0,3.05,022100,POSCO DX,-0.001988071570576566,58,0.2978283350568769,0.006497022198159064,-0.00848509376873563,-0.05208891190714415,POSCO DX,LG CNS IPO
2025-04-30,25000.0,25150.0,24550.0,24550.0,330164.0,3.04,022100,POSCO DX,-0.021912350597609542,59,0.2693898655635987,-0.0034341355411589003,-0.018478215056450642,-0.0705671269635948,POSCO DX,LG CNS IPO
2025-05-02,24400.0,24750.0,24200.0,24300.0,311530.0,3.07,022100,POSCO DX,-0.010183299389002087,60,0.2564632885211995,0.0012438346091112606,-0.011427133998113348,-0.08199426096170814,POSCO DX,LG CNS IPO
2025-05-07,24500.0,24750.0,24250.0,24450.0,299891.0,3.07,022100,POSCO DX,0.006172839506172867,61,0.264219234746639,0.005473105215662244,0.000699734290510623,-0.08129452667119752,POSCO DX,LG CNS IPO
2025-05-08,24500.0,25650.0,24450.0,25450.0,788879.0,3.11,022100,POSCO DX,0.04089979550102241,62,0.31592554291623576,0.002206853679384446,0.03869294182163796,-0.04260158484955956,POSCO DX,LG CNS IPO
2025-05-09,25700.0,25750.0,23800.0,23850.0,890014.0,2.88,022100,POSCO DX,-0.06286836935166995,63,0.23319544984488116,-0.0008567618279653466,-0.062011607523704604,-0.10461319237326416,POSCO DX,LG CNS IPO
,,,,,,,,,,-60,0.1705692903403041,,,0.0,Peer average,LG CNS IPO
,,,,,,,,,,-59,0.15039075346466466,,,-0.01138584901149046,Peer average,LG CNS IPO
,,,,,,,,,,-58,0.10904720250677587,,,-0.03807187331503281,Peer average,LG CNS IPO
,,,,,,,,,,-57,0.1133394932643625,,,-0.02578389312212685,Peer average,LG CNS IPO
,,,,,,,,,,-56,0.12427512443752309,,,-0.012645462662061346,Peer average,LG CNS IPO
,,,,,,,,,,-55,0.09812004622137849,,,-0.02204461970477012,Peer average,LG CNS IPO
,,,,,,,,,,-54,0.08993643203189945,,,-0.010425292883402068,Peer average,LG CNS IPO
,,,,,,,,,,-53,0.042834187793772904,,,-0.027458556839778752,Peer average,LG CNS IPO
,,,,,,,,,,-52,0.04178510110059778,,,-0.02859594491925906,Peer average,LG CNS IPO
,,,,,,,,,,-51,0.017706736912027992,,,-0.04867229000560477,Peer average,LG CNS IPO
,,,,,,,,,,-50,0.07695701641717738,,,-0.008566320579497985,Peer average,LG CNS IPO
,,,,,,,,,,-49,0.09638706733702536,,,0.010162922987747272,Peer average,LG CNS IPO
,,,,,,,,,,-48,0.08144952118209159,,,-0.007676096619049555,Peer average,LG CNS IPO
,,,,,,,,,,-47,0.07540961689116406,,,-0.013004177155520233,Peer average,LG CNS IPO
,,,,,,,,,,-46,0.08081915744059698,,,-0.015762657517167395,Peer average,LG CNS IPO
,,,,,,,,,,-45,0.10361856279564878,,,-0.009432989112954463,Peer average,LG CNS IPO
,,,,,,,,,,-44,0.09584438521968035,,,-0.011648227938929353,Peer average,LG CNS IPO
,,,,,,,,,,-43,0.10093135210360722,,,0.002133767720431982,Peer average,LG CNS IPO
,,,,,,,,,,-42,0.09189311923089345,,,-0.007901377963062303,Peer average,LG CNS IPO
,,,,,,,,,,-41,0.05739478578988847,,,-0.018766388062492718,Peer average,LG CNS IPO
,,,,,,,,,,-40,0.043579260581774894,,,-0.03347009313522986,Peer average,LG CNS IPO
,,,,,,,,,,-39,0.023440009503132003,,,-0.06827148014472824,Peer average,LG CNS IPO
,,,,,,,,,,-38,0.007281214047486865,,,-0.06973561331416818,Peer average,LG CNS IPO
,,,,,,,,,,-37,-0.010095232742824053,,,-0.07725007875762264,Peer average,LG CNS IPO
,,,,,,,,,,-36,0.008208133467764648,,,-0.054536371464224,Peer average,LG CNS IPO
,,,,,,,,,,-35,-0.03761247841368728,,,-0.07137552237113691,Peer average,LG CNS IPO
,,,,,,,,,,-34,0.01427788105125046,,,-0.041860427101791574,Peer average,LG CNS IPO
,,,,,,,,,,-33,0.02718151917464347,,,-0.039041558632085284,Peer average,LG CNS IPO
,,,,,,,,,,-32,0.04715531963402112,,,-0.03659407138986374,Peer average,LG CNS IPO
,,,,,,,,,,-31,0.03995479847663741,,,-0.04840746821075929,Peer average,LG CNS IPO
,,,,,,,,,,-30,0.02877614730011535,,,-0.05656856671235796,Peer average,LG CNS IPO
,,,,,,,,,,-29,-0.0038031360963861247,,,-0.07386242914395957,Peer average,LG CNS IPO
,,,,,,,,,,-28,0.015291570839761367,,,-0.06407990399507302,Peer average,LG CNS IPO
,,,,,,,,,,-27,-0.009923376506590106,,,-0.06909448673625591,Peer average,LG CNS IPO
,,,,,,,,,,-26,-0.020442282554377706,,,-0.06716764620627295,Peer average,LG CNS IPO
,,,,,,,,,,-25,-0.011079726935889989,,,-0.07337001990469556,Peer average,LG CNS IPO
,,,,,,,,,,-24,-0.027536215672485837,,,-0.08980695620582431,Peer average,LG CNS IPO
,,,,,,,,,,-23,-0.04595284695611224,,,-0.10391315547302409,Peer average,LG CNS IPO
,,,,,,,,,,-22,-0.057052541768078835,,,-0.10507687534467498,Peer average,LG CNS IPO
,,,,,,,,,,-21,-0.05609614178730341,,,-0.10208801688935513,Peer average,LG CNS IPO
,,,,,,,,,,-20,-0.04115437959473759,,,-0.08309623227803087,Peer average,LG CNS IPO
,,,,,,,,,,-19,-0.022481787010523613,,,-0.08276428723632263,Peer average,LG CNS IPO
,,,,,,,,,,-18,-0.008415050250546785,,,-0.08745323766738104,Peer average,LG CNS IPO
,,,,,,,,,,-17,-0.023373153359868892,,,-0.10414697194181737,Peer average,LG CNS IPO
,,,,,,,,,,-16,-0.011835870729090795,,,-0.10371194637799426,Peer average,LG CNS IPO
,,,,,,,,,,-15,-0.009395853897795662,,,-0.10184140950574753,Peer average,LG CNS IPO
,,,,,,,,,,-14,-0.004703647430396751,,,-0.09131698464711242,Peer average,LG CNS IPO
,,,,,,,,,,-13,-0.02093755253851226,,,-0.09699278523057102,Peer average,LG CNS IPO
,,,,,,,,,,-12,-0.017605266321232604,,,-0.09703300548858962,Peer average,LG CNS IPO
,,,,,,,,,,-11,-0.026210043052272664,,,-0.10524468889881244,Peer average,LG CNS IPO
,,,,,,,,,,-10,-0.01659434922913609,,,-0.10764802522649601,Peer average,LG CNS IPO
,,,,,,,,,,-9,-0.03200071284364699,,,-0.12191057889251959,Peer average,LG CNS IPO
,,,,,,,,,,-8,-0.023129223726382042,,,-0.11201727817329328,Peer average,LG CNS IPO
,,,,,,,,,,-7,-0.03741484697553613,,,-0.12447301851092145,Peer average,LG CNS IPO
,,,,,,,,,,-6,-0.024617491152368443,,,-0.12273948665416808,Peer average,LG CNS IPO
,,,,,,,,,,-5,-0.05360894675607405,,,-0.13973396467757024,Peer average,LG CNS IPO
,,,,,,,,,,-4,-0.0746776767921304,,,-0.1702125624701928,Peer average,LG CNS IPO
,,,,,,,,,,-3,-0.04107093704026077,,,-0.12567740711863498,Peer average,LG CNS IPO
,,,,,,,,,,-2,-0.04995621349838042,,,-0.10938117440090427,Peer average,LG CNS IPO
,,,,,,,,,,-1,-0.04020416611041803,,,-0.11016767744410579,Peer average,LG CNS IPO
,,,,,,,,,,0,0.0,,,-0.078958059721234,Peer average,LG CNS IPO
,,,,,,,,,,1,-0.009495701949064536,,,-0.09940515390788156,Peer average,LG CNS IPO
,,,,,,,,,,2,-0.016383569295714273,,,-0.100513416988196,Peer average,LG CNS IPO
,,,,,,,,,,3,-0.003202467700459103,,,-0.08678921980558967,Peer average,LG CNS IPO
,,,,,,,,,,4,-0.01240770788742481,,,-0.10304199374766636,Peer average,LG CNS IPO
,,,,,,,,,,5,-0.030160000459860448,,,-0.12466609736703327,Peer average,LG CNS IPO
,,,,,,,,,,6,-0.006508302025433251,,,-0.11394135674252488,Peer average,LG CNS IPO
,,,,,,,,,,7,-0.014038435981893804,,,-0.1237551556855498,Peer average,LG CNS IPO
,,,,,,,,,,8,-0.008657088818008937,,,-0.12618163501670623,Peer average,LG CNS IPO
,,,,,,,,,,9,-0.008847902501145385,,,-0.13226927817220177,Peer average,LG CNS IPO
,,,,,,,,,,10,0.08046092367291051,,,-0.061606170719647246,Peer average,LG CNS IPO
,,,,,,,,,,11,0.07852200655137924,,,-0.05912985897243898,Peer average,LG CNS IPO
,,,,,,,,,,12,0.10081108221925561,,,-0.04136244416700637,Peer average,LG CNS IPO
,,,,,,,,,,13,0.09424867522054725,,,-0.042131642385312786,Peer average,LG CNS IPO
,,,,,,,,,,14,0.058346200191907026,,,-0.06713243236808353,Peer average,LG CNS IPO
,,,,,,,,,,15,0.0634509299275583,,,-0.06802155771117495,Peer average,LG CNS IPO
,,,,,,,,,,16,0.07432492645656692,,,-0.05263185134055104,Peer average,LG CNS IPO
,,,,,,,,,,17,0.013859868118675825,,,-0.06881448726964023,Peer average,LG CNS IPO
,,,,,,,,,,18,-0.02550717200794265,,,-0.10125253671613299,Peer average,LG CNS IPO
,,,,,,,,,,19,-0.0015875665921125288,,,-0.09008736025683477,Peer average,LG CNS IPO
,,,,,,,,,,20,0.0434324389996081,,,-0.057706631958605925,Peer average,LG CNS IPO
,,,,,,,,,,21,0.0561402221326015,,,-0.04383151383486864,Peer average,LG CNS IPO
,,,,,,,,,,22,0.04414687158644326,,,-0.05881996257222603,Peer average,LG CNS IPO
,,,,,,,,,,23,0.05005120476967687,,,-0.04310715769253037,Peer average,LG CNS IPO
,,,,,,,,,,24,0.09765643319010586,,,-0.01726701803173869,Peer average,LG CNS IPO
,,,,,,,,,,25,0.12110230041860293,,,0.0011718258477806387,Peer average,LG CNS IPO
,,,,,,,,,,26,0.09442054563729252,,,-0.012543234394817785,Peer average,LG CNS IPO
,,,,,,,,,,27,0.08532808721179656,,,-0.03594897253841611,Peer average,LG CNS IPO
,,,,,,,,,,28,0.08706280162815831,,,-0.0378649736602595,Peer average,LG CNS IPO
,,,,,,,,,,29,0.09978568068320555,,,-0.03421804273784231,Peer average,LG CNS IPO
,,,,,,,,,,30,0.0856550834807271,,,-0.048164518263636026,Peer average,LG CNS IPO
,,,,,,,,,,31,0.08636524963040586,,,-0.050795567493358264,Peer average,LG CNS IPO
,,,,,,,,,,32,0.07060889383494769,,,-0.056053488707899536,Peer average,LG CNS IPO
,,,,,,,,,,33,0.06886454452886648,,,-0.05020511336545493,Peer average,LG CNS IPO
,,,,,,,,,,34,0.07639181320914117,,,-0.05466186652186108,Peer average,LG CNS IPO
,,,,,,,,,,35,0.044421085643809345,,,-0.06792091044089892,Peer average,LG CNS IPO
,,,,,,,,,,36,0.031243233463050246,,,-0.06355483023210673,Peer average,LG CNS IPO
,,,,,,,,,,37,-0.009899257443882462,,,-0.07476700372863025,Peer average,LG CNS IPO
,,,,,,,,,,38,-0.003562200176582745,,,-0.08343618764945182,Peer average,LG CNS IPO
,,,,,,,,,,39,-0.028804260299325295,,,-0.10002509463671398,Peer average,LG CNS IPO
,,,,,,,,,,40,-0.019808989588913677,,,-0.08507707158762927,Peer average,LG CNS IPO
,,,,,,,,,,41,-0.010505487671192784,,,-0.0676709935854064,Peer average,LG CNS IPO
,,,,,,,,,,42,-0.05641523111149804,,,-0.06040083756216456,Peer average,LG CNS IPO
,,,,,,,,,,43,-0.0676125547698699,,,-0.07555539890881198,Peer average,LG CNS IPO
,,,,,,,,,,44,-0.05117025891868865,,,-0.042735528594675186,Peer average,LG CNS IPO
,,,,,,,,,,45,0.006097102873717379,,,-0.05158857905982147,Peer average,LG CNS IPO
,,,,,,,,,,46,0.0016994038592697362,,,-0.04751686722147556,Peer average,LG CNS IPO
,,,,,,,,,,47,-0.0012661947475228013,,,-0.05933070352925326,Peer average,LG CNS IPO
,,,,,,,,,,48,0.003119487412587533,,,-0.06250051623729798,Peer average,LG CNS IPO
,,,,,,,,,,49,-0.019027461325592115,,,-0.06759621337058445,Peer average,LG CNS IPO
,,,,,,,,,,50,-0.019878908361338803,,,-0.07909118098467889,Peer average,LG CNS IPO
,,,,,,,,,,51,-0.009542510462164996,,,-0.07412244854689683,Peer average,LG CNS IPO
,,,,,,,,,,52,-0.01993646172787733,,,-0.08502631628211994,Peer average,LG CNS IPO
,,,,,,,,,,53,-0.021971813100635822,,,-0.08650956028104433,Peer average,LG CNS IPO
,,,,,,,,,,54,0.016303490503041584,,,-0.06787511917531323,Peer average,LG CNS IPO
,,,,,,,,,,55,0.015953242982568432,,,-0.06483888645876208,Peer average,LG CNS IPO
,,,,,,,,,,56,0.025716830506786265,,,-0.06644542676835812,Peer average,LG CNS IPO
,,,,,,,,,,57,0.0290188115261892,,,-0.06310248987176852,Peer average,LG CNS IPO
,,,,,,,,,,58,0.04052034870075364,,,-0.055173968004854634,Peer average,LG CNS IPO
,,,,,,,,,,59,0.03330404174395559,,,-0.05633115712286315,Peer average,LG CNS IPO
,,,,,,,,,,60,0.034934727658177435,,,-0.053978622310091616,Peer average,LG CNS IPO
,,,,,,,,,,61,0.03853844042364537,,,-0.055743082957714386,Peer average,LG CNS IPO
,,,,,,,,,,62,0.06197527006001206,,,-0.037231202227189196,Peer average,LG CNS IPO
,,,,,,,,,,63,0.0385986317265797,,,-0.05267437352861296,Peer average,LG CNS IPO
